INSERT INTO dimSucursal (dsu_id, dsuNombre) VALUES (1, N'possible');
INSERT INTO dimSucursal (dsu_id, dsuNombre) VALUES (2, N'physical');
INSERT INTO dimSucursal (dsu_id, dsuNombre) VALUES (3, N'despite');
INSERT INTO dimSucursal (dsu_id, dsuNombre) VALUES (4, N'daughter');
INSERT INTO dimSucursal (dsu_id, dsuNombre) VALUES (5, N'shoulder');
INSERT INTO dimSucursal (dsu_id, dsuNombre) VALUES (6, N'million');
INSERT INTO dimSucursal (dsu_id, dsuNombre) VALUES (7, N'bank');
INSERT INTO dimSucursal (dsu_id, dsuNombre) VALUES (8, N'size');
INSERT INTO dimSucursal (dsu_id, dsuNombre) VALUES (9, N'strategy');
INSERT INTO dimSucursal (dsu_id, dsuNombre) VALUES (10, N'career');
INSERT INTO dimSucursal (dsu_id, dsuNombre) VALUES (11, N'step');
INSERT INTO dimSucursal (dsu_id, dsuNombre) VALUES (12, N'change');
INSERT INTO dimSucursal (dsu_id, dsuNombre) VALUES (13, N'catch');
INSERT INTO dimSucursal (dsu_id, dsuNombre) VALUES (14, N'agent');
INSERT INTO dimSucursal (dsu_id, dsuNombre) VALUES (15, N'mission');
INSERT INTO dimSucursal (dsu_id, dsuNombre) VALUES (16, N'live');
INSERT INTO dimSucursal (dsu_id, dsuNombre) VALUES (17, N'career');
INSERT INTO dimSucursal (dsu_id, dsuNombre) VALUES (18, N'address');
INSERT INTO dimSucursal (dsu_id, dsuNombre) VALUES (19, N'believe');
INSERT INTO dimSucursal (dsu_id, dsuNombre) VALUES (20, N'star');
INSERT INTO dimSucursal (dsu_id, dsuNombre) VALUES (21, N'people');
INSERT INTO dimSucursal (dsu_id, dsuNombre) VALUES (22, N'represent');
INSERT INTO dimSucursal (dsu_id, dsuNombre) VALUES (23, N'market');
INSERT INTO dimSucursal (dsu_id, dsuNombre) VALUES (24, N'president');
INSERT INTO dimSucursal (dsu_id, dsuNombre) VALUES (25, N'worker');
INSERT INTO dimSucursal (dsu_id, dsuNombre) VALUES (26, N'throw');
INSERT INTO dimSucursal (dsu_id, dsuNombre) VALUES (27, N'collection');
INSERT INTO dimSucursal (dsu_id, dsuNombre) VALUES (28, N'probably');
INSERT INTO dimSucursal (dsu_id, dsuNombre) VALUES (29, N'under');
INSERT INTO dimSucursal (dsu_id, dsuNombre) VALUES (30, N'pick');
INSERT INTO dimSucursal (dsu_id, dsuNombre) VALUES (31, N'similar');
INSERT INTO dimSucursal (dsu_id, dsuNombre) VALUES (32, N'address');
INSERT INTO dimSucursal (dsu_id, dsuNombre) VALUES (33, N'reason');
INSERT INTO dimSucursal (dsu_id, dsuNombre) VALUES (34, N'black');
INSERT INTO dimSucursal (dsu_id, dsuNombre) VALUES (35, N'exactly');
INSERT INTO dimSucursal (dsu_id, dsuNombre) VALUES (36, N'bag');
INSERT INTO dimSucursal (dsu_id, dsuNombre) VALUES (37, N'control');
INSERT INTO dimSucursal (dsu_id, dsuNombre) VALUES (38, N'defense');
INSERT INTO dimSucursal (dsu_id, dsuNombre) VALUES (39, N'free');
INSERT INTO dimSucursal (dsu_id, dsuNombre) VALUES (40, N'none');
INSERT INTO dimSucursal (dsu_id, dsuNombre) VALUES (41, N'assume');
INSERT INTO dimSucursal (dsu_id, dsuNombre) VALUES (42, N'class');
INSERT INTO dimSucursal (dsu_id, dsuNombre) VALUES (43, N'quality');
INSERT INTO dimSucursal (dsu_id, dsuNombre) VALUES (44, N'a');
INSERT INTO dimSucursal (dsu_id, dsuNombre) VALUES (45, N'understand');
INSERT INTO dimSucursal (dsu_id, dsuNombre) VALUES (46, N'child');
INSERT INTO dimSucursal (dsu_id, dsuNombre) VALUES (47, N'air');
INSERT INTO dimSucursal (dsu_id, dsuNombre) VALUES (48, N'night');
INSERT INTO dimSucursal (dsu_id, dsuNombre) VALUES (49, N'rate');
INSERT INTO dimSucursal (dsu_id, dsuNombre) VALUES (50, N'sense');
INSERT INTO dimSucursal (dsu_id, dsuNombre) VALUES (51, N'ten');
INSERT INTO dimSucursal (dsu_id, dsuNombre) VALUES (52, N'enough');
INSERT INTO dimSucursal (dsu_id, dsuNombre) VALUES (53, N'positive');
INSERT INTO dimSucursal (dsu_id, dsuNombre) VALUES (54, N'large');
INSERT INTO dimSucursal (dsu_id, dsuNombre) VALUES (55, N'land');
INSERT INTO dimSucursal (dsu_id, dsuNombre) VALUES (56, N'wonder');
INSERT INTO dimSucursal (dsu_id, dsuNombre) VALUES (57, N'nor');
INSERT INTO dimSucursal (dsu_id, dsuNombre) VALUES (58, N'keep');
INSERT INTO dimSucursal (dsu_id, dsuNombre) VALUES (59, N'sea');
INSERT INTO dimSucursal (dsu_id, dsuNombre) VALUES (60, N'two');
INSERT INTO dimSucursal (dsu_id, dsuNombre) VALUES (61, N'trip');
INSERT INTO dimSucursal (dsu_id, dsuNombre) VALUES (62, N'talk');
INSERT INTO dimSucursal (dsu_id, dsuNombre) VALUES (63, N'PM');
INSERT INTO dimSucursal (dsu_id, dsuNombre) VALUES (64, N'building');
INSERT INTO dimSucursal (dsu_id, dsuNombre) VALUES (65, N'interview');
INSERT INTO dimSucursal (dsu_id, dsuNombre) VALUES (66, N'glass');
INSERT INTO dimSucursal (dsu_id, dsuNombre) VALUES (67, N'report');
INSERT INTO dimSucursal (dsu_id, dsuNombre) VALUES (68, N'it');
INSERT INTO dimSucursal (dsu_id, dsuNombre) VALUES (69, N'police');
INSERT INTO dimSucursal (dsu_id, dsuNombre) VALUES (70, N'fall');
INSERT INTO dimSucursal (dsu_id, dsuNombre) VALUES (71, N'we');
INSERT INTO dimSucursal (dsu_id, dsuNombre) VALUES (72, N'gun');
INSERT INTO dimSucursal (dsu_id, dsuNombre) VALUES (73, N'view');
INSERT INTO dimSucursal (dsu_id, dsuNombre) VALUES (74, N'really');
INSERT INTO dimSucursal (dsu_id, dsuNombre) VALUES (75, N'mean');
INSERT INTO dimSucursal (dsu_id, dsuNombre) VALUES (76, N'already');
INSERT INTO dimSucursal (dsu_id, dsuNombre) VALUES (77, N'call');
INSERT INTO dimSucursal (dsu_id, dsuNombre) VALUES (78, N'gun');
INSERT INTO dimSucursal (dsu_id, dsuNombre) VALUES (79, N'wide');
INSERT INTO dimSucursal (dsu_id, dsuNombre) VALUES (80, N'owner');
INSERT INTO dimSucursal (dsu_id, dsuNombre) VALUES (81, N'though');
INSERT INTO dimSucursal (dsu_id, dsuNombre) VALUES (82, N'dark');
INSERT INTO dimSucursal (dsu_id, dsuNombre) VALUES (83, N'north');
INSERT INTO dimSucursal (dsu_id, dsuNombre) VALUES (84, N'Mr');
INSERT INTO dimSucursal (dsu_id, dsuNombre) VALUES (85, N'green');
INSERT INTO dimSucursal (dsu_id, dsuNombre) VALUES (86, N'significant');
INSERT INTO dimSucursal (dsu_id, dsuNombre) VALUES (87, N'believe');
INSERT INTO dimSucursal (dsu_id, dsuNombre) VALUES (88, N'choose');
INSERT INTO dimSucursal (dsu_id, dsuNombre) VALUES (89, N'finish');
INSERT INTO dimSucursal (dsu_id, dsuNombre) VALUES (90, N'keep');
INSERT INTO dimSucursal (dsu_id, dsuNombre) VALUES (91, N'challenge');
INSERT INTO dimSucursal (dsu_id, dsuNombre) VALUES (92, N'whose');
INSERT INTO dimSucursal (dsu_id, dsuNombre) VALUES (93, N'film');
INSERT INTO dimSucursal (dsu_id, dsuNombre) VALUES (94, N'president');
INSERT INTO dimSucursal (dsu_id, dsuNombre) VALUES (95, N'author');
INSERT INTO dimSucursal (dsu_id, dsuNombre) VALUES (96, N'different');
INSERT INTO dimSucursal (dsu_id, dsuNombre) VALUES (97, N'most');
INSERT INTO dimSucursal (dsu_id, dsuNombre) VALUES (98, N'weight');
INSERT INTO dimSucursal (dsu_id, dsuNombre) VALUES (99, N'recently');
INSERT INTO dimSucursal (dsu_id, dsuNombre) VALUES (100, N'happy');


INSERT INTO dimServicio (dsr_id, dsr_nombre) VALUES (1, N'pass');
INSERT INTO dimServicio (dsr_id, dsr_nombre) VALUES (2, N'can');
INSERT INTO dimServicio (dsr_id, dsr_nombre) VALUES (3, N'theory');
INSERT INTO dimServicio (dsr_id, dsr_nombre) VALUES (4, N'sort');
INSERT INTO dimServicio (dsr_id, dsr_nombre) VALUES (5, N'realize');
INSERT INTO dimServicio (dsr_id, dsr_nombre) VALUES (6, N'great');
INSERT INTO dimServicio (dsr_id, dsr_nombre) VALUES (7, N'official');
INSERT INTO dimServicio (dsr_id, dsr_nombre) VALUES (8, N'certain');
INSERT INTO dimServicio (dsr_id, dsr_nombre) VALUES (9, N'push');
INSERT INTO dimServicio (dsr_id, dsr_nombre) VALUES (10, N'major');
INSERT INTO dimServicio (dsr_id, dsr_nombre) VALUES (11, N'top');
INSERT INTO dimServicio (dsr_id, dsr_nombre) VALUES (12, N'carry');
INSERT INTO dimServicio (dsr_id, dsr_nombre) VALUES (13, N'work');
INSERT INTO dimServicio (dsr_id, dsr_nombre) VALUES (14, N'travel');
INSERT INTO dimServicio (dsr_id, dsr_nombre) VALUES (15, N'official');
INSERT INTO dimServicio (dsr_id, dsr_nombre) VALUES (16, N'parent');
INSERT INTO dimServicio (dsr_id, dsr_nombre) VALUES (17, N'production');
INSERT INTO dimServicio (dsr_id, dsr_nombre) VALUES (18, N'real');
INSERT INTO dimServicio (dsr_id, dsr_nombre) VALUES (19, N'bill');
INSERT INTO dimServicio (dsr_id, dsr_nombre) VALUES (20, N'building');
INSERT INTO dimServicio (dsr_id, dsr_nombre) VALUES (21, N'who');
INSERT INTO dimServicio (dsr_id, dsr_nombre) VALUES (22, N'pretty');
INSERT INTO dimServicio (dsr_id, dsr_nombre) VALUES (23, N'movement');
INSERT INTO dimServicio (dsr_id, dsr_nombre) VALUES (24, N'beat');
INSERT INTO dimServicio (dsr_id, dsr_nombre) VALUES (25, N'moment');
INSERT INTO dimServicio (dsr_id, dsr_nombre) VALUES (26, N'game');
INSERT INTO dimServicio (dsr_id, dsr_nombre) VALUES (27, N'know');
INSERT INTO dimServicio (dsr_id, dsr_nombre) VALUES (28, N'off');
INSERT INTO dimServicio (dsr_id, dsr_nombre) VALUES (29, N'write');
INSERT INTO dimServicio (dsr_id, dsr_nombre) VALUES (30, N'manager');
INSERT INTO dimServicio (dsr_id, dsr_nombre) VALUES (31, N'himself');
INSERT INTO dimServicio (dsr_id, dsr_nombre) VALUES (32, N'realize');
INSERT INTO dimServicio (dsr_id, dsr_nombre) VALUES (33, N'ahead');
INSERT INTO dimServicio (dsr_id, dsr_nombre) VALUES (34, N'role');
INSERT INTO dimServicio (dsr_id, dsr_nombre) VALUES (35, N'a');
INSERT INTO dimServicio (dsr_id, dsr_nombre) VALUES (36, N'environment');
INSERT INTO dimServicio (dsr_id, dsr_nombre) VALUES (37, N'similar');
INSERT INTO dimServicio (dsr_id, dsr_nombre) VALUES (38, N'position');
INSERT INTO dimServicio (dsr_id, dsr_nombre) VALUES (39, N'type');
INSERT INTO dimServicio (dsr_id, dsr_nombre) VALUES (40, N'rock');
INSERT INTO dimServicio (dsr_id, dsr_nombre) VALUES (41, N'beyond');
INSERT INTO dimServicio (dsr_id, dsr_nombre) VALUES (42, N'until');
INSERT INTO dimServicio (dsr_id, dsr_nombre) VALUES (43, N'finish');
INSERT INTO dimServicio (dsr_id, dsr_nombre) VALUES (44, N'challenge');
INSERT INTO dimServicio (dsr_id, dsr_nombre) VALUES (45, N'money');
INSERT INTO dimServicio (dsr_id, dsr_nombre) VALUES (46, N'give');
INSERT INTO dimServicio (dsr_id, dsr_nombre) VALUES (47, N'certainly');
INSERT INTO dimServicio (dsr_id, dsr_nombre) VALUES (48, N'plant');
INSERT INTO dimServicio (dsr_id, dsr_nombre) VALUES (49, N'against');
INSERT INTO dimServicio (dsr_id, dsr_nombre) VALUES (50, N'collection');
INSERT INTO dimServicio (dsr_id, dsr_nombre) VALUES (51, N'just');
INSERT INTO dimServicio (dsr_id, dsr_nombre) VALUES (52, N'just');
INSERT INTO dimServicio (dsr_id, dsr_nombre) VALUES (53, N'reflect');
INSERT INTO dimServicio (dsr_id, dsr_nombre) VALUES (54, N'song');
INSERT INTO dimServicio (dsr_id, dsr_nombre) VALUES (55, N'rich');
INSERT INTO dimServicio (dsr_id, dsr_nombre) VALUES (56, N'watch');
INSERT INTO dimServicio (dsr_id, dsr_nombre) VALUES (57, N'southern');
INSERT INTO dimServicio (dsr_id, dsr_nombre) VALUES (58, N'office');
INSERT INTO dimServicio (dsr_id, dsr_nombre) VALUES (59, N'late');
INSERT INTO dimServicio (dsr_id, dsr_nombre) VALUES (60, N'wish');
INSERT INTO dimServicio (dsr_id, dsr_nombre) VALUES (61, N'must');
INSERT INTO dimServicio (dsr_id, dsr_nombre) VALUES (62, N'Congress');
INSERT INTO dimServicio (dsr_id, dsr_nombre) VALUES (63, N'participant');
INSERT INTO dimServicio (dsr_id, dsr_nombre) VALUES (64, N'sort');
INSERT INTO dimServicio (dsr_id, dsr_nombre) VALUES (65, N'fund');
INSERT INTO dimServicio (dsr_id, dsr_nombre) VALUES (66, N'kid');
INSERT INTO dimServicio (dsr_id, dsr_nombre) VALUES (67, N'ask');
INSERT INTO dimServicio (dsr_id, dsr_nombre) VALUES (68, N'provide');
INSERT INTO dimServicio (dsr_id, dsr_nombre) VALUES (69, N'reduce');
INSERT INTO dimServicio (dsr_id, dsr_nombre) VALUES (70, N'wait');
INSERT INTO dimServicio (dsr_id, dsr_nombre) VALUES (71, N'knowledge');
INSERT INTO dimServicio (dsr_id, dsr_nombre) VALUES (72, N'account');
INSERT INTO dimServicio (dsr_id, dsr_nombre) VALUES (73, N'within');
INSERT INTO dimServicio (dsr_id, dsr_nombre) VALUES (74, N'respond');
INSERT INTO dimServicio (dsr_id, dsr_nombre) VALUES (75, N'forward');
INSERT INTO dimServicio (dsr_id, dsr_nombre) VALUES (76, N'area');
INSERT INTO dimServicio (dsr_id, dsr_nombre) VALUES (77, N'this');
INSERT INTO dimServicio (dsr_id, dsr_nombre) VALUES (78, N'often');
INSERT INTO dimServicio (dsr_id, dsr_nombre) VALUES (79, N'activity');
INSERT INTO dimServicio (dsr_id, dsr_nombre) VALUES (80, N'nature');
INSERT INTO dimServicio (dsr_id, dsr_nombre) VALUES (81, N'feel');
INSERT INTO dimServicio (dsr_id, dsr_nombre) VALUES (82, N'far');
INSERT INTO dimServicio (dsr_id, dsr_nombre) VALUES (83, N'mind');
INSERT INTO dimServicio (dsr_id, dsr_nombre) VALUES (84, N'home');
INSERT INTO dimServicio (dsr_id, dsr_nombre) VALUES (85, N'recently');
INSERT INTO dimServicio (dsr_id, dsr_nombre) VALUES (86, N'similar');
INSERT INTO dimServicio (dsr_id, dsr_nombre) VALUES (87, N'day');
INSERT INTO dimServicio (dsr_id, dsr_nombre) VALUES (88, N'cell');
INSERT INTO dimServicio (dsr_id, dsr_nombre) VALUES (89, N'brother');
INSERT INTO dimServicio (dsr_id, dsr_nombre) VALUES (90, N'probably');
INSERT INTO dimServicio (dsr_id, dsr_nombre) VALUES (91, N'teacher');
INSERT INTO dimServicio (dsr_id, dsr_nombre) VALUES (92, N'tree');
INSERT INTO dimServicio (dsr_id, dsr_nombre) VALUES (93, N'one');
INSERT INTO dimServicio (dsr_id, dsr_nombre) VALUES (94, N'east');
INSERT INTO dimServicio (dsr_id, dsr_nombre) VALUES (95, N'direction');
INSERT INTO dimServicio (dsr_id, dsr_nombre) VALUES (96, N'finally');
INSERT INTO dimServicio (dsr_id, dsr_nombre) VALUES (97, N'red');
INSERT INTO dimServicio (dsr_id, dsr_nombre) VALUES (98, N'game');
INSERT INTO dimServicio (dsr_id, dsr_nombre) VALUES (99, N'office');
INSERT INTO dimServicio (dsr_id, dsr_nombre) VALUES (100, N'call');

INSERT INTO dbo.dimTiempo (dti_id, dti_anio, dti_mes, dti_semana, dti_dia_mes, dti_dia_semana, dti_semestre, dti_quatrimestre, dti_trimestre) VALUES (1, 75, 29, 6, 60, 51, 78, 3, 30);
INSERT INTO dbo.dimTiempo (dti_id, dti_anio, dti_mes, dti_semana, dti_dia_mes, dti_dia_semana, dti_semestre, dti_quatrimestre, dti_trimestre) VALUES (2, 37, 43, 37, 31, 29, 67, 55, 81);
INSERT INTO dbo.dimTiempo (dti_id, dti_anio, dti_mes, dti_semana, dti_dia_mes, dti_dia_semana, dti_semestre, dti_quatrimestre, dti_trimestre) VALUES (3, 31, 7, 19, 13, 93, 57, 60, 78);
INSERT INTO dbo.dimTiempo (dti_id, dti_anio, dti_mes, dti_semana, dti_dia_mes, dti_dia_semana, dti_semestre, dti_quatrimestre, dti_trimestre) VALUES (4, 53, 50, 94, 1, 32, 38, 100, 61);
INSERT INTO dbo.dimTiempo (dti_id, dti_anio, dti_mes, dti_semana, dti_dia_mes, dti_dia_semana, dti_semestre, dti_quatrimestre, dti_trimestre) VALUES (5, 41, 47, 35, 31, 41, 27, 94, 13);
INSERT INTO dbo.dimTiempo (dti_id, dti_anio, dti_mes, dti_semana, dti_dia_mes, dti_dia_semana, dti_semestre, dti_quatrimestre, dti_trimestre) VALUES (6, 22, 11, 1, 96, 18, 15, 24, 58);
INSERT INTO dbo.dimTiempo (dti_id, dti_anio, dti_mes, dti_semana, dti_dia_mes, dti_dia_semana, dti_semestre, dti_quatrimestre, dti_trimestre) VALUES (7, 24, 26, 51, 17, 30, 79, 73, 35);
INSERT INTO dbo.dimTiempo (dti_id, dti_anio, dti_mes, dti_semana, dti_dia_mes, dti_dia_semana, dti_semestre, dti_quatrimestre, dti_trimestre) VALUES (8, 15, 70, 36, 23, 80, 3, 58, 79);
INSERT INTO dbo.dimTiempo (dti_id, dti_anio, dti_mes, dti_semana, dti_dia_mes, dti_dia_semana, dti_semestre, dti_quatrimestre, dti_trimestre) VALUES (9, 85, 93, 9, 88, 7, 36, 44, 28);
INSERT INTO dbo.dimTiempo (dti_id, dti_anio, dti_mes, dti_semana, dti_dia_mes, dti_dia_semana, dti_semestre, dti_quatrimestre, dti_trimestre) VALUES (10, 10, 83, 32, 53, 3, 41, 48, 60);
INSERT INTO dbo.dimTiempo (dti_id, dti_anio, dti_mes, dti_semana, dti_dia_mes, dti_dia_semana, dti_semestre, dti_quatrimestre, dti_trimestre) VALUES (11, 57, 75, 40, 72, 79, 42, 91, 98);
INSERT INTO dbo.dimTiempo (dti_id, dti_anio, dti_mes, dti_semana, dti_dia_mes, dti_dia_semana, dti_semestre, dti_quatrimestre, dti_trimestre) VALUES (12, 44, 43, 81, 63, 29, 84, 52, 42);
INSERT INTO dbo.dimTiempo (dti_id, dti_anio, dti_mes, dti_semana, dti_dia_mes, dti_dia_semana, dti_semestre, dti_quatrimestre, dti_trimestre) VALUES (13, 33, 66, 35, 53, 88, 100, 36, 95);
INSERT INTO dbo.dimTiempo (dti_id, dti_anio, dti_mes, dti_semana, dti_dia_mes, dti_dia_semana, dti_semestre, dti_quatrimestre, dti_trimestre) VALUES (14, 13, 35, 39, 69, 93, 66, 49, 56);
INSERT INTO dbo.dimTiempo (dti_id, dti_anio, dti_mes, dti_semana, dti_dia_mes, dti_dia_semana, dti_semestre, dti_quatrimestre, dti_trimestre) VALUES (15, 49, 97, 37, 17, 5, 3, 72, 93);
INSERT INTO dbo.dimTiempo (dti_id, dti_anio, dti_mes, dti_semana, dti_dia_mes, dti_dia_semana, dti_semestre, dti_quatrimestre, dti_trimestre) VALUES (16, 7, 85, 79, 97, 1, 36, 100, 70);
INSERT INTO dbo.dimTiempo (dti_id, dti_anio, dti_mes, dti_semana, dti_dia_mes, dti_dia_semana, dti_semestre, dti_quatrimestre, dti_trimestre) VALUES (17, 36, 8, 96, 54, 2, 30, 9, 25);
INSERT INTO dbo.dimTiempo (dti_id, dti_anio, dti_mes, dti_semana, dti_dia_mes, dti_dia_semana, dti_semestre, dti_quatrimestre, dti_trimestre) VALUES (18, 4, 51, 56, 69, 11, 22, 29, 69);
INSERT INTO dbo.dimTiempo (dti_id, dti_anio, dti_mes, dti_semana, dti_dia_mes, dti_dia_semana, dti_semestre, dti_quatrimestre, dti_trimestre) VALUES (19, 17, 13, 20, 61, 10, 52, 36, 34);
INSERT INTO dbo.dimTiempo (dti_id, dti_anio, dti_mes, dti_semana, dti_dia_mes, dti_dia_semana, dti_semestre, dti_quatrimestre, dti_trimestre) VALUES (20, 71, 35, 93, 77, 11, 91, 37, 8);
INSERT INTO dbo.dimTiempo (dti_id, dti_anio, dti_mes, dti_semana, dti_dia_mes, dti_dia_semana, dti_semestre, dti_quatrimestre, dti_trimestre) VALUES (21, 32, 24, 31, 19, 49, 37, 89, 70);
INSERT INTO dbo.dimTiempo (dti_id, dti_anio, dti_mes, dti_semana, dti_dia_mes, dti_dia_semana, dti_semestre, dti_quatrimestre, dti_trimestre) VALUES (22, 98, 67, 84, 63, 26, 68, 17, 71);
INSERT INTO dbo.dimTiempo (dti_id, dti_anio, dti_mes, dti_semana, dti_dia_mes, dti_dia_semana, dti_semestre, dti_quatrimestre, dti_trimestre) VALUES (23, 34, 19, 32, 89, 21, 62, 54, 81);
INSERT INTO dbo.dimTiempo (dti_id, dti_anio, dti_mes, dti_semana, dti_dia_mes, dti_dia_semana, dti_semestre, dti_quatrimestre, dti_trimestre) VALUES (24, 4, 60, 68, 19, 25, 46, 49, 47);
INSERT INTO dbo.dimTiempo (dti_id, dti_anio, dti_mes, dti_semana, dti_dia_mes, dti_dia_semana, dti_semestre, dti_quatrimestre, dti_trimestre) VALUES (25, 32, 35, 13, 95, 76, 82, 55, 99);
INSERT INTO dbo.dimTiempo (dti_id, dti_anio, dti_mes, dti_semana, dti_dia_mes, dti_dia_semana, dti_semestre, dti_quatrimestre, dti_trimestre) VALUES (26, 70, 44, 83, 11, 44, 14, 84, 49);
INSERT INTO dbo.dimTiempo (dti_id, dti_anio, dti_mes, dti_semana, dti_dia_mes, dti_dia_semana, dti_semestre, dti_quatrimestre, dti_trimestre) VALUES (27, 73, 72, 15, 40, 8, 72, 46, 33);
INSERT INTO dbo.dimTiempo (dti_id, dti_anio, dti_mes, dti_semana, dti_dia_mes, dti_dia_semana, dti_semestre, dti_quatrimestre, dti_trimestre) VALUES (28, 65, 90, 43, 47, 38, 51, 1, 9);
INSERT INTO dbo.dimTiempo (dti_id, dti_anio, dti_mes, dti_semana, dti_dia_mes, dti_dia_semana, dti_semestre, dti_quatrimestre, dti_trimestre) VALUES (29, 8, 96, 22, 74, 29, 93, 37, 16);
INSERT INTO dbo.dimTiempo (dti_id, dti_anio, dti_mes, dti_semana, dti_dia_mes, dti_dia_semana, dti_semestre, dti_quatrimestre, dti_trimestre) VALUES (30, 91, 5, 56, 97, 39, 11, 17, 83);
INSERT INTO dbo.dimTiempo (dti_id, dti_anio, dti_mes, dti_semana, dti_dia_mes, dti_dia_semana, dti_semestre, dti_quatrimestre, dti_trimestre) VALUES (31, 5, 59, 5, 87, 10, 49, 43, 81);
INSERT INTO dbo.dimTiempo (dti_id, dti_anio, dti_mes, dti_semana, dti_dia_mes, dti_dia_semana, dti_semestre, dti_quatrimestre, dti_trimestre) VALUES (32, 72, 28, 19, 9, 50, 67, 40, 4);
INSERT INTO dbo.dimTiempo (dti_id, dti_anio, dti_mes, dti_semana, dti_dia_mes, dti_dia_semana, dti_semestre, dti_quatrimestre, dti_trimestre) VALUES (33, 78, 7, 14, 5, 51, 95, 24, 100);
INSERT INTO dbo.dimTiempo (dti_id, dti_anio, dti_mes, dti_semana, dti_dia_mes, dti_dia_semana, dti_semestre, dti_quatrimestre, dti_trimestre) VALUES (34, 56, 34, 32, 1, 94, 17, 15, 34);
INSERT INTO dbo.dimTiempo (dti_id, dti_anio, dti_mes, dti_semana, dti_dia_mes, dti_dia_semana, dti_semestre, dti_quatrimestre, dti_trimestre) VALUES (35, 12, 42, 27, 76, 61, 35, 63, 97);
INSERT INTO dbo.dimTiempo (dti_id, dti_anio, dti_mes, dti_semana, dti_dia_mes, dti_dia_semana, dti_semestre, dti_quatrimestre, dti_trimestre) VALUES (36, 93, 76, 13, 4, 54, 29, 10, 22);
INSERT INTO dbo.dimTiempo (dti_id, dti_anio, dti_mes, dti_semana, dti_dia_mes, dti_dia_semana, dti_semestre, dti_quatrimestre, dti_trimestre) VALUES (37, 91, 98, 41, 80, 13, 49, 58, 45);
INSERT INTO dbo.dimTiempo (dti_id, dti_anio, dti_mes, dti_semana, dti_dia_mes, dti_dia_semana, dti_semestre, dti_quatrimestre, dti_trimestre) VALUES (38, 97, 61, 50, 81, 14, 91, 79, 1);
INSERT INTO dbo.dimTiempo (dti_id, dti_anio, dti_mes, dti_semana, dti_dia_mes, dti_dia_semana, dti_semestre, dti_quatrimestre, dti_trimestre) VALUES (39, 19, 16, 39, 86, 38, 70, 40, 18);
INSERT INTO dbo.dimTiempo (dti_id, dti_anio, dti_mes, dti_semana, dti_dia_mes, dti_dia_semana, dti_semestre, dti_quatrimestre, dti_trimestre) VALUES (40, 78, 100, 68, 57, 14, 50, 71, 10);
INSERT INTO dbo.dimTiempo (dti_id, dti_anio, dti_mes, dti_semana, dti_dia_mes, dti_dia_semana, dti_semestre, dti_quatrimestre, dti_trimestre) VALUES (41, 99, 61, 10, 69, 53, 63, 28, 16);
INSERT INTO dbo.dimTiempo (dti_id, dti_anio, dti_mes, dti_semana, dti_dia_mes, dti_dia_semana, dti_semestre, dti_quatrimestre, dti_trimestre) VALUES (42, 3, 43, 29, 3, 36, 53, 10, 44);
INSERT INTO dbo.dimTiempo (dti_id, dti_anio, dti_mes, dti_semana, dti_dia_mes, dti_dia_semana, dti_semestre, dti_quatrimestre, dti_trimestre) VALUES (43, 93, 44, 25, 36, 16, 17, 81, 86);
INSERT INTO dbo.dimTiempo (dti_id, dti_anio, dti_mes, dti_semana, dti_dia_mes, dti_dia_semana, dti_semestre, dti_quatrimestre, dti_trimestre) VALUES (44, 2, 5, 95, 5, 4, 63, 96, 70);
INSERT INTO dbo.dimTiempo (dti_id, dti_anio, dti_mes, dti_semana, dti_dia_mes, dti_dia_semana, dti_semestre, dti_quatrimestre, dti_trimestre) VALUES (45, 100, 97, 21, 61, 58, 33, 49, 49);
INSERT INTO dbo.dimTiempo (dti_id, dti_anio, dti_mes, dti_semana, dti_dia_mes, dti_dia_semana, dti_semestre, dti_quatrimestre, dti_trimestre) VALUES (46, 18, 29, 88, 11, 67, 58, 99, 23);
INSERT INTO dbo.dimTiempo (dti_id, dti_anio, dti_mes, dti_semana, dti_dia_mes, dti_dia_semana, dti_semestre, dti_quatrimestre, dti_trimestre) VALUES (47, 10, 90, 95, 24, 61, 61, 5, 36);
INSERT INTO dbo.dimTiempo (dti_id, dti_anio, dti_mes, dti_semana, dti_dia_mes, dti_dia_semana, dti_semestre, dti_quatrimestre, dti_trimestre) VALUES (48, 77, 15, 3, 4, 35, 52, 51, 94);
INSERT INTO dbo.dimTiempo (dti_id, dti_anio, dti_mes, dti_semana, dti_dia_mes, dti_dia_semana, dti_semestre, dti_quatrimestre, dti_trimestre) VALUES (49, 31, 93, 62, 66, 51, 34, 17, 80);
INSERT INTO dbo.dimTiempo (dti_id, dti_anio, dti_mes, dti_semana, dti_dia_mes, dti_dia_semana, dti_semestre, dti_quatrimestre, dti_trimestre) VALUES (50, 64, 41, 80, 74, 51, 92, 11, 91);
INSERT INTO dbo.dimTiempo (dti_id, dti_anio, dti_mes, dti_semana, dti_dia_mes, dti_dia_semana, dti_semestre, dti_quatrimestre, dti_trimestre) VALUES (51, 78, 33, 55, 40, 56, 29, 96, 58);
INSERT INTO dbo.dimTiempo (dti_id, dti_anio, dti_mes, dti_semana, dti_dia_mes, dti_dia_semana, dti_semestre, dti_quatrimestre, dti_trimestre) VALUES (52, 4, 52, 58, 69, 96, 67, 92, 38);
INSERT INTO dbo.dimTiempo (dti_id, dti_anio, dti_mes, dti_semana, dti_dia_mes, dti_dia_semana, dti_semestre, dti_quatrimestre, dti_trimestre) VALUES (53, 88, 12, 60, 43, 48, 52, 21, 3);
INSERT INTO dbo.dimTiempo (dti_id, dti_anio, dti_mes, dti_semana, dti_dia_mes, dti_dia_semana, dti_semestre, dti_quatrimestre, dti_trimestre) VALUES (54, 88, 85, 99, 44, 98, 69, 86, 64);
INSERT INTO dbo.dimTiempo (dti_id, dti_anio, dti_mes, dti_semana, dti_dia_mes, dti_dia_semana, dti_semestre, dti_quatrimestre, dti_trimestre) VALUES (55, 55, 65, 50, 30, 21, 64, 27, 95);
INSERT INTO dbo.dimTiempo (dti_id, dti_anio, dti_mes, dti_semana, dti_dia_mes, dti_dia_semana, dti_semestre, dti_quatrimestre, dti_trimestre) VALUES (56, 99, 64, 42, 58, 36, 55, 30, 6);
INSERT INTO dbo.dimTiempo (dti_id, dti_anio, dti_mes, dti_semana, dti_dia_mes, dti_dia_semana, dti_semestre, dti_quatrimestre, dti_trimestre) VALUES (57, 44, 42, 88, 71, 37, 29, 49, 29);
INSERT INTO dbo.dimTiempo (dti_id, dti_anio, dti_mes, dti_semana, dti_dia_mes, dti_dia_semana, dti_semestre, dti_quatrimestre, dti_trimestre) VALUES (58, 87, 69, 26, 41, 44, 90, 73, 28);
INSERT INTO dbo.dimTiempo (dti_id, dti_anio, dti_mes, dti_semana, dti_dia_mes, dti_dia_semana, dti_semestre, dti_quatrimestre, dti_trimestre) VALUES (59, 18, 28, 79, 4, 70, 52, 24, 49);
INSERT INTO dbo.dimTiempo (dti_id, dti_anio, dti_mes, dti_semana, dti_dia_mes, dti_dia_semana, dti_semestre, dti_quatrimestre, dti_trimestre) VALUES (60, 16, 89, 93, 82, 72, 94, 49, 99);
INSERT INTO dbo.dimTiempo (dti_id, dti_anio, dti_mes, dti_semana, dti_dia_mes, dti_dia_semana, dti_semestre, dti_quatrimestre, dti_trimestre) VALUES (61, 19, 6, 4, 81, 71, 95, 20, 70);
INSERT INTO dbo.dimTiempo (dti_id, dti_anio, dti_mes, dti_semana, dti_dia_mes, dti_dia_semana, dti_semestre, dti_quatrimestre, dti_trimestre) VALUES (62, 54, 87, 69, 89, 96, 98, 30, 15);
INSERT INTO dbo.dimTiempo (dti_id, dti_anio, dti_mes, dti_semana, dti_dia_mes, dti_dia_semana, dti_semestre, dti_quatrimestre, dti_trimestre) VALUES (63, 2, 96, 61, 36, 7, 44, 98, 25);
INSERT INTO dbo.dimTiempo (dti_id, dti_anio, dti_mes, dti_semana, dti_dia_mes, dti_dia_semana, dti_semestre, dti_quatrimestre, dti_trimestre) VALUES (64, 94, 51, 24, 14, 95, 86, 99, 69);
INSERT INTO dbo.dimTiempo (dti_id, dti_anio, dti_mes, dti_semana, dti_dia_mes, dti_dia_semana, dti_semestre, dti_quatrimestre, dti_trimestre) VALUES (65, 27, 94, 96, 82, 39, 42, 71, 38);
INSERT INTO dbo.dimTiempo (dti_id, dti_anio, dti_mes, dti_semana, dti_dia_mes, dti_dia_semana, dti_semestre, dti_quatrimestre, dti_trimestre) VALUES (66, 43, 29, 89, 92, 87, 13, 10, 30);
INSERT INTO dbo.dimTiempo (dti_id, dti_anio, dti_mes, dti_semana, dti_dia_mes, dti_dia_semana, dti_semestre, dti_quatrimestre, dti_trimestre) VALUES (67, 73, 61, 55, 44, 18, 63, 75, 13);
INSERT INTO dbo.dimTiempo (dti_id, dti_anio, dti_mes, dti_semana, dti_dia_mes, dti_dia_semana, dti_semestre, dti_quatrimestre, dti_trimestre) VALUES (68, 92, 49, 43, 72, 72, 98, 29, 23);
INSERT INTO dbo.dimTiempo (dti_id, dti_anio, dti_mes, dti_semana, dti_dia_mes, dti_dia_semana, dti_semestre, dti_quatrimestre, dti_trimestre) VALUES (69, 91, 14, 8, 42, 94, 28, 53, 52);
INSERT INTO dbo.dimTiempo (dti_id, dti_anio, dti_mes, dti_semana, dti_dia_mes, dti_dia_semana, dti_semestre, dti_quatrimestre, dti_trimestre) VALUES (70, 15, 18, 73, 55, 6, 16, 38, 35);
INSERT INTO dbo.dimTiempo (dti_id, dti_anio, dti_mes, dti_semana, dti_dia_mes, dti_dia_semana, dti_semestre, dti_quatrimestre, dti_trimestre) VALUES (71, 59, 17, 53, 28, 13, 60, 68, 98);
INSERT INTO dbo.dimTiempo (dti_id, dti_anio, dti_mes, dti_semana, dti_dia_mes, dti_dia_semana, dti_semestre, dti_quatrimestre, dti_trimestre) VALUES (72, 54, 89, 76, 8, 1, 29, 56, 1);
INSERT INTO dbo.dimTiempo (dti_id, dti_anio, dti_mes, dti_semana, dti_dia_mes, dti_dia_semana, dti_semestre, dti_quatrimestre, dti_trimestre) VALUES (73, 18, 91, 58, 54, 32, 38, 48, 28);
INSERT INTO dbo.dimTiempo (dti_id, dti_anio, dti_mes, dti_semana, dti_dia_mes, dti_dia_semana, dti_semestre, dti_quatrimestre, dti_trimestre) VALUES (74, 83, 33, 50, 30, 25, 43, 77, 20);
INSERT INTO dbo.dimTiempo (dti_id, dti_anio, dti_mes, dti_semana, dti_dia_mes, dti_dia_semana, dti_semestre, dti_quatrimestre, dti_trimestre) VALUES (75, 51, 17, 91, 18, 41, 12, 81, 42);
INSERT INTO dbo.dimTiempo (dti_id, dti_anio, dti_mes, dti_semana, dti_dia_mes, dti_dia_semana, dti_semestre, dti_quatrimestre, dti_trimestre) VALUES (76, 34, 16, 22, 98, 63, 10, 84, 81);
INSERT INTO dbo.dimTiempo (dti_id, dti_anio, dti_mes, dti_semana, dti_dia_mes, dti_dia_semana, dti_semestre, dti_quatrimestre, dti_trimestre) VALUES (77, 45, 34, 67, 56, 72, 26, 46, 95);
INSERT INTO dbo.dimTiempo (dti_id, dti_anio, dti_mes, dti_semana, dti_dia_mes, dti_dia_semana, dti_semestre, dti_quatrimestre, dti_trimestre) VALUES (78, 10, 18, 29, 8, 13, 38, 98, 68);
INSERT INTO dbo.dimTiempo (dti_id, dti_anio, dti_mes, dti_semana, dti_dia_mes, dti_dia_semana, dti_semestre, dti_quatrimestre, dti_trimestre) VALUES (79, 18, 32, 83, 95, 3, 8, 74, 39);
INSERT INTO dbo.dimTiempo (dti_id, dti_anio, dti_mes, dti_semana, dti_dia_mes, dti_dia_semana, dti_semestre, dti_quatrimestre, dti_trimestre) VALUES (80, 14, 40, 24, 74, 76, 37, 59, 67);
INSERT INTO dbo.dimTiempo (dti_id, dti_anio, dti_mes, dti_semana, dti_dia_mes, dti_dia_semana, dti_semestre, dti_quatrimestre, dti_trimestre) VALUES (81, 58, 79, 76, 36, 93, 10, 4, 98);
INSERT INTO dbo.dimTiempo (dti_id, dti_anio, dti_mes, dti_semana, dti_dia_mes, dti_dia_semana, dti_semestre, dti_quatrimestre, dti_trimestre) VALUES (82, 18, 37, 22, 11, 69, 57, 72, 1);
INSERT INTO dbo.dimTiempo (dti_id, dti_anio, dti_mes, dti_semana, dti_dia_mes, dti_dia_semana, dti_semestre, dti_quatrimestre, dti_trimestre) VALUES (83, 69, 44, 63, 10, 13, 76, 74, 82);
INSERT INTO dbo.dimTiempo (dti_id, dti_anio, dti_mes, dti_semana, dti_dia_mes, dti_dia_semana, dti_semestre, dti_quatrimestre, dti_trimestre) VALUES (84, 77, 43, 60, 80, 78, 84, 29, 64);
INSERT INTO dbo.dimTiempo (dti_id, dti_anio, dti_mes, dti_semana, dti_dia_mes, dti_dia_semana, dti_semestre, dti_quatrimestre, dti_trimestre) VALUES (85, 100, 67, 16, 52, 33, 83, 66, 37);
INSERT INTO dbo.dimTiempo (dti_id, dti_anio, dti_mes, dti_semana, dti_dia_mes, dti_dia_semana, dti_semestre, dti_quatrimestre, dti_trimestre) VALUES (86, 81, 60, 2, 60, 93, 89, 93, 49);
INSERT INTO dbo.dimTiempo (dti_id, dti_anio, dti_mes, dti_semana, dti_dia_mes, dti_dia_semana, dti_semestre, dti_quatrimestre, dti_trimestre) VALUES (87, 19, 68, 16, 62, 18, 31, 49, 90);
INSERT INTO dbo.dimTiempo (dti_id, dti_anio, dti_mes, dti_semana, dti_dia_mes, dti_dia_semana, dti_semestre, dti_quatrimestre, dti_trimestre) VALUES (88, 8, 28, 11, 58, 55, 61, 64, 15);
INSERT INTO dbo.dimTiempo (dti_id, dti_anio, dti_mes, dti_semana, dti_dia_mes, dti_dia_semana, dti_semestre, dti_quatrimestre, dti_trimestre) VALUES (89, 48, 29, 46, 90, 37, 41, 2, 58);
INSERT INTO dbo.dimTiempo (dti_id, dti_anio, dti_mes, dti_semana, dti_dia_mes, dti_dia_semana, dti_semestre, dti_quatrimestre, dti_trimestre) VALUES (90, 51, 50, 89, 83, 92, 99, 20, 78);
INSERT INTO dbo.dimTiempo (dti_id, dti_anio, dti_mes, dti_semana, dti_dia_mes, dti_dia_semana, dti_semestre, dti_quatrimestre, dti_trimestre) VALUES (91, 80, 93, 59, 53, 56, 49, 31, 55);
INSERT INTO dbo.dimTiempo (dti_id, dti_anio, dti_mes, dti_semana, dti_dia_mes, dti_dia_semana, dti_semestre, dti_quatrimestre, dti_trimestre) VALUES (92, 62, 22, 43, 69, 49, 43, 63, 6);
INSERT INTO dbo.dimTiempo (dti_id, dti_anio, dti_mes, dti_semana, dti_dia_mes, dti_dia_semana, dti_semestre, dti_quatrimestre, dti_trimestre) VALUES (93, 57, 38, 10, 81, 62, 3, 49, 71);
INSERT INTO dbo.dimTiempo (dti_id, dti_anio, dti_mes, dti_semana, dti_dia_mes, dti_dia_semana, dti_semestre, dti_quatrimestre, dti_trimestre) VALUES (94, 61, 88, 77, 12, 95, 35, 76, 1);
INSERT INTO dbo.dimTiempo (dti_id, dti_anio, dti_mes, dti_semana, dti_dia_mes, dti_dia_semana, dti_semestre, dti_quatrimestre, dti_trimestre) VALUES (95, 74, 29, 47, 68, 45, 1, 1, 3);
INSERT INTO dbo.dimTiempo (dti_id, dti_anio, dti_mes, dti_semana, dti_dia_mes, dti_dia_semana, dti_semestre, dti_quatrimestre, dti_trimestre) VALUES (96, 62, 67, 21, 95, 18, 21, 85, 52);
INSERT INTO dbo.dimTiempo (dti_id, dti_anio, dti_mes, dti_semana, dti_dia_mes, dti_dia_semana, dti_semestre, dti_quatrimestre, dti_trimestre) VALUES (97, 87, 87, 81, 86, 12, 23, 4, 28);
INSERT INTO dbo.dimTiempo (dti_id, dti_anio, dti_mes, dti_semana, dti_dia_mes, dti_dia_semana, dti_semestre, dti_quatrimestre, dti_trimestre) VALUES (98, 25, 18, 18, 44, 97, 6, 12, 48);
INSERT INTO dbo.dimTiempo (dti_id, dti_anio, dti_mes, dti_semana, dti_dia_mes, dti_dia_semana, dti_semestre, dti_quatrimestre, dti_trimestre) VALUES (99, 94, 21, 81, 51, 34, 46, 86, 34);
INSERT INTO dbo.dimTiempo (dti_id, dti_anio, dti_mes, dti_semana, dti_dia_mes, dti_dia_semana, dti_semestre, dti_quatrimestre, dti_trimestre) VALUES (100, 94, 3, 63, 3, 98, 13, 8, 26);

INSERT INTO factServicioRealizado(dsu_id, dsr_id, dti_id, fsr_cantidad) VALUES (53, 53, 53, 1);
INSERT INTO factServicioRealizado(dsu_id, dsr_id, dti_id, fsr_cantidad) VALUES (54, 54, 54, 1);
INSERT INTO factServicioRealizado(dsu_id, dsr_id, dti_id, fsr_cantidad) VALUES (55, 55, 55, 1);
INSERT INTO factServicioRealizado(dsu_id, dsr_id, dti_id, fsr_cantidad) VALUES (56, 56, 56, 1);
INSERT INTO factServicioRealizado(dsu_id, dsr_id, dti_id, fsr_cantidad) VALUES (57, 57, 57, 1);
INSERT INTO factServicioRealizado(dsu_id, dsr_id, dti_id, fsr_cantidad) VALUES (58, 58, 58, 1);
INSERT INTO factServicioRealizado(dsu_id, dsr_id, dti_id, fsr_cantidad) VALUES (59, 59, 59, 1);
INSERT INTO factServicioRealizado(dsu_id, dsr_id, dti_id, fsr_cantidad) VALUES (60, 60, 60, 1);
INSERT INTO factServicioRealizado(dsu_id, dsr_id, dti_id, fsr_cantidad) VALUES (61, 61, 61, 1);
INSERT INTO factServicioRealizado(dsu_id, dsr_id, dti_id, fsr_cantidad) VALUES (62, 62, 62, 1);
INSERT INTO factServicioRealizado(dsu_id, dsr_id, dti_id, fsr_cantidad) VALUES (63, 63, 63, 1);
INSERT INTO factServicioRealizado(dsu_id, dsr_id, dti_id, fsr_cantidad) VALUES (64, 64, 64, 1);
INSERT INTO factServicioRealizado(dsu_id, dsr_id, dti_id, fsr_cantidad) VALUES (65, 65, 65, 1);
INSERT INTO factServicioRealizado(dsu_id, dsr_id, dti_id, fsr_cantidad) VALUES (66, 66, 66, 1);
INSERT INTO factServicioRealizado(dsu_id, dsr_id, dti_id, fsr_cantidad) VALUES (67, 67, 67, 1);
INSERT INTO factServicioRealizado(dsu_id, dsr_id, dti_id, fsr_cantidad) VALUES (68, 68, 68, 1);
INSERT INTO factServicioRealizado(dsu_id, dsr_id, dti_id, fsr_cantidad) VALUES (69, 69, 69, 1);
INSERT INTO factServicioRealizado(dsu_id, dsr_id, dti_id, fsr_cantidad) VALUES (70, 70, 70, 1);
INSERT INTO factServicioRealizado(dsu_id, dsr_id, dti_id, fsr_cantidad) VALUES (71, 71, 71, 1);
INSERT INTO factServicioRealizado(dsu_id, dsr_id, dti_id, fsr_cantidad) VALUES (72, 72, 72, 1);
INSERT INTO factServicioRealizado(dsu_id, dsr_id, dti_id, fsr_cantidad) VALUES (73, 73, 73, 1);
INSERT INTO factServicioRealizado(dsu_id, dsr_id, dti_id, fsr_cantidad) VALUES (74, 74, 74, 1);
INSERT INTO factServicioRealizado(dsu_id, dsr_id, dti_id, fsr_cantidad) VALUES (75, 75, 75, 1);
INSERT INTO factServicioRealizado(dsu_id, dsr_id, dti_id, fsr_cantidad) VALUES (76, 76, 76, 1);
INSERT INTO factServicioRealizado(dsu_id, dsr_id, dti_id, fsr_cantidad) VALUES (77, 77, 77, 1);
INSERT INTO factServicioRealizado(dsu_id, dsr_id, dti_id, fsr_cantidad) VALUES (78, 78, 78, 1);
INSERT INTO factServicioRealizado(dsu_id, dsr_id, dti_id, fsr_cantidad) VALUES (79, 79, 79, 1);
INSERT INTO factServicioRealizado(dsu_id, dsr_id, dti_id, fsr_cantidad) VALUES (80, 80, 80, 1);
INSERT INTO factServicioRealizado(dsu_id, dsr_id, dti_id, fsr_cantidad) VALUES (81, 81, 81, 1);
INSERT INTO factServicioRealizado(dsu_id, dsr_id, dti_id, fsr_cantidad) VALUES (82, 82, 82, 1);
INSERT INTO factServicioRealizado(dsu_id, dsr_id, dti_id, fsr_cantidad) VALUES (83, 83, 83, 1);
INSERT INTO factServicioRealizado(dsu_id, dsr_id, dti_id, fsr_cantidad) VALUES (84, 84, 84, 1);
INSERT INTO factServicioRealizado(dsu_id, dsr_id, dti_id, fsr_cantidad) VALUES (85, 85, 85, 1);
INSERT INTO factServicioRealizado(dsu_id, dsr_id, dti_id, fsr_cantidad) VALUES (86, 86, 86, 1);
INSERT INTO factServicioRealizado(dsu_id, dsr_id, dti_id, fsr_cantidad) VALUES (87, 87, 87, 1);
INSERT INTO factServicioRealizado(dsu_id, dsr_id, dti_id, fsr_cantidad) VALUES (88, 88, 88, 1);
INSERT INTO factServicioRealizado(dsu_id, dsr_id, dti_id, fsr_cantidad) VALUES (89, 89, 89, 1);
INSERT INTO factServicioRealizado(dsu_id, dsr_id, dti_id, fsr_cantidad) VALUES (90, 90, 90, 1);
INSERT INTO factServicioRealizado(dsu_id, dsr_id, dti_id, fsr_cantidad) VALUES (91, 91, 91, 1);
INSERT INTO factServicioRealizado(dsu_id, dsr_id, dti_id, fsr_cantidad) VALUES (92, 92, 92, 1);
INSERT INTO factServicioRealizado(dsu_id, dsr_id, dti_id, fsr_cantidad) VALUES (93, 93, 93, 1);
INSERT INTO factServicioRealizado(dsu_id, dsr_id, dti_id, fsr_cantidad) VALUES (94, 94, 94, 1);
INSERT INTO factServicioRealizado(dsu_id, dsr_id, dti_id, fsr_cantidad) VALUES (95, 95, 95, 1);
INSERT INTO factServicioRealizado(dsu_id, dsr_id, dti_id, fsr_cantidad) VALUES (96, 96, 96, 1);
INSERT INTO factServicioRealizado(dsu_id, dsr_id, dti_id, fsr_cantidad) VALUES (97, 97, 97, 1);
INSERT INTO factServicioRealizado(dsu_id, dsr_id, dti_id, fsr_cantidad) VALUES (98, 98, 98, 1);
INSERT INTO factServicioRealizado(dsu_id, dsr_id, dti_id, fsr_cantidad) VALUES (99, 99, 99, 1);
INSERT INTO factServicioRealizado(dsu_id, dsr_id, dti_id, fsr_cantidad) VALUES (100, 100, 100, 1);


INSERT INTO dimCapacitation(dca_id, dca_nombre_capacitacion) VALUES (1, N'southern');
INSERT INTO dimCapacitation(dca_id, dca_nombre_capacitacion) VALUES (2, N'likely');
INSERT INTO dimCapacitation(dca_id, dca_nombre_capacitacion) VALUES (3, N'station');
INSERT INTO dimCapacitation(dca_id, dca_nombre_capacitacion) VALUES (4, N'rather');
INSERT INTO dimCapacitation(dca_id, dca_nombre_capacitacion) VALUES (5, N'although');
INSERT INTO dimCapacitation(dca_id, dca_nombre_capacitacion) VALUES (6, N'work');
INSERT INTO dimCapacitation(dca_id, dca_nombre_capacitacion) VALUES (7, N'chair');
INSERT INTO dimCapacitation(dca_id, dca_nombre_capacitacion) VALUES (8, N'operation');
INSERT INTO dimCapacitation(dca_id, dca_nombre_capacitacion) VALUES (9, N'thus');
INSERT INTO dimCapacitation(dca_id, dca_nombre_capacitacion) VALUES (10, N'on');
INSERT INTO dimCapacitation(dca_id, dca_nombre_capacitacion) VALUES (11, N'fast');
INSERT INTO dimCapacitation(dca_id, dca_nombre_capacitacion) VALUES (12, N'ten');
INSERT INTO dimCapacitation(dca_id, dca_nombre_capacitacion) VALUES (13, N'ago');
INSERT INTO dimCapacitation(dca_id, dca_nombre_capacitacion) VALUES (14, N'quality');
INSERT INTO dimCapacitation(dca_id, dca_nombre_capacitacion) VALUES (15, N'stage');
INSERT INTO dimCapacitation(dca_id, dca_nombre_capacitacion) VALUES (16, N'wear');
INSERT INTO dimCapacitation(dca_id, dca_nombre_capacitacion) VALUES (17, N'assume');
INSERT INTO dimCapacitation(dca_id, dca_nombre_capacitacion) VALUES (18, N'east');
INSERT INTO dimCapacitation(dca_id, dca_nombre_capacitacion) VALUES (19, N'happy');
INSERT INTO dimCapacitation(dca_id, dca_nombre_capacitacion) VALUES (20, N'detail');
INSERT INTO dimCapacitation(dca_id, dca_nombre_capacitacion) VALUES (21, N'off');
INSERT INTO dimCapacitation(dca_id, dca_nombre_capacitacion) VALUES (22, N'side');
INSERT INTO dimCapacitation(dca_id, dca_nombre_capacitacion) VALUES (23, N'community');
INSERT INTO dimCapacitation(dca_id, dca_nombre_capacitacion) VALUES (24, N'unit');
INSERT INTO dimCapacitation(dca_id, dca_nombre_capacitacion) VALUES (25, N'arrive');
INSERT INTO dimCapacitation(dca_id, dca_nombre_capacitacion) VALUES (26, N'arm');
INSERT INTO dimCapacitation(dca_id, dca_nombre_capacitacion) VALUES (27, N'us');
INSERT INTO dimCapacitation(dca_id, dca_nombre_capacitacion) VALUES (28, N'approach');
INSERT INTO dimCapacitation(dca_id, dca_nombre_capacitacion) VALUES (29, N'story');
INSERT INTO dimCapacitation(dca_id, dca_nombre_capacitacion) VALUES (30, N'simple');
INSERT INTO dimCapacitation(dca_id, dca_nombre_capacitacion) VALUES (31, N'music');
INSERT INTO dimCapacitation(dca_id, dca_nombre_capacitacion) VALUES (32, N'carry');
INSERT INTO dimCapacitation(dca_id, dca_nombre_capacitacion) VALUES (33, N'worker');
INSERT INTO dimCapacitation(dca_id, dca_nombre_capacitacion) VALUES (34, N'senior');
INSERT INTO dimCapacitation(dca_id, dca_nombre_capacitacion) VALUES (35, N'learn');
INSERT INTO dimCapacitation(dca_id, dca_nombre_capacitacion) VALUES (36, N'whole');
INSERT INTO dimCapacitation(dca_id, dca_nombre_capacitacion) VALUES (37, N'generation');
INSERT INTO dimCapacitation(dca_id, dca_nombre_capacitacion) VALUES (38, N'degree');
INSERT INTO dimCapacitation(dca_id, dca_nombre_capacitacion) VALUES (39, N'blue');
INSERT INTO dimCapacitation(dca_id, dca_nombre_capacitacion) VALUES (40, N'decade');
INSERT INTO dimCapacitation(dca_id, dca_nombre_capacitacion) VALUES (41, N'person');
INSERT INTO dimCapacitation(dca_id, dca_nombre_capacitacion) VALUES (42, N'toward');
INSERT INTO dimCapacitation(dca_id, dca_nombre_capacitacion) VALUES (43, N'recent');
INSERT INTO dimCapacitation(dca_id, dca_nombre_capacitacion) VALUES (44, N'lawyer');
INSERT INTO dimCapacitation(dca_id, dca_nombre_capacitacion) VALUES (45, N'finish');
INSERT INTO dimCapacitation(dca_id, dca_nombre_capacitacion) VALUES (46, N'stand');
INSERT INTO dimCapacitation(dca_id, dca_nombre_capacitacion) VALUES (47, N'personal');
INSERT INTO dimCapacitation(dca_id, dca_nombre_capacitacion) VALUES (48, N'reach');
INSERT INTO dimCapacitation(dca_id, dca_nombre_capacitacion) VALUES (49, N'participant');
INSERT INTO dimCapacitation(dca_id, dca_nombre_capacitacion) VALUES (50, N'than');
INSERT INTO dimCapacitation(dca_id, dca_nombre_capacitacion) VALUES (51, N'even');
INSERT INTO dimCapacitation(dca_id, dca_nombre_capacitacion) VALUES (52, N'hundred');
INSERT INTO dimCapacitation(dca_id, dca_nombre_capacitacion) VALUES (53, N'six');
INSERT INTO dimCapacitation(dca_id, dca_nombre_capacitacion) VALUES (54, N'American');
INSERT INTO dimCapacitation(dca_id, dca_nombre_capacitacion) VALUES (55, N'policy');
INSERT INTO dimCapacitation(dca_id, dca_nombre_capacitacion) VALUES (56, N'check');
INSERT INTO dimCapacitation(dca_id, dca_nombre_capacitacion) VALUES (57, N'player');
INSERT INTO dimCapacitation(dca_id, dca_nombre_capacitacion) VALUES (58, N'can');
INSERT INTO dimCapacitation(dca_id, dca_nombre_capacitacion) VALUES (59, N'word');
INSERT INTO dimCapacitation(dca_id, dca_nombre_capacitacion) VALUES (60, N'type');
INSERT INTO dimCapacitation(dca_id, dca_nombre_capacitacion) VALUES (61, N'partner');
INSERT INTO dimCapacitation(dca_id, dca_nombre_capacitacion) VALUES (62, N'thought');
INSERT INTO dimCapacitation(dca_id, dca_nombre_capacitacion) VALUES (63, N'action');
INSERT INTO dimCapacitation(dca_id, dca_nombre_capacitacion) VALUES (64, N'focus');
INSERT INTO dimCapacitation(dca_id, dca_nombre_capacitacion) VALUES (65, N'enough');
INSERT INTO dimCapacitation(dca_id, dca_nombre_capacitacion) VALUES (66, N'wait');
INSERT INTO dimCapacitation(dca_id, dca_nombre_capacitacion) VALUES (67, N'view');
INSERT INTO dimCapacitation(dca_id, dca_nombre_capacitacion) VALUES (68, N'group');
INSERT INTO dimCapacitation(dca_id, dca_nombre_capacitacion) VALUES (69, N'effect');
INSERT INTO dimCapacitation(dca_id, dca_nombre_capacitacion) VALUES (70, N'federal');
INSERT INTO dimCapacitation(dca_id, dca_nombre_capacitacion) VALUES (71, N'small');
INSERT INTO dimCapacitation(dca_id, dca_nombre_capacitacion) VALUES (72, N'activity');
INSERT INTO dimCapacitation(dca_id, dca_nombre_capacitacion) VALUES (73, N'question');
INSERT INTO dimCapacitation(dca_id, dca_nombre_capacitacion) VALUES (74, N'stock');
INSERT INTO dimCapacitation(dca_id, dca_nombre_capacitacion) VALUES (75, N'amount');
INSERT INTO dimCapacitation(dca_id, dca_nombre_capacitacion) VALUES (76, N'just');
INSERT INTO dimCapacitation(dca_id, dca_nombre_capacitacion) VALUES (77, N'her');
INSERT INTO dimCapacitation(dca_id, dca_nombre_capacitacion) VALUES (78, N'ahead');
INSERT INTO dimCapacitation(dca_id, dca_nombre_capacitacion) VALUES (79, N'approach');
INSERT INTO dimCapacitation(dca_id, dca_nombre_capacitacion) VALUES (80, N'skin');
INSERT INTO dimCapacitation(dca_id, dca_nombre_capacitacion) VALUES (81, N'seven');
INSERT INTO dimCapacitation(dca_id, dca_nombre_capacitacion) VALUES (82, N'its');
INSERT INTO dimCapacitation(dca_id, dca_nombre_capacitacion) VALUES (83, N'soon');
INSERT INTO dimCapacitation(dca_id, dca_nombre_capacitacion) VALUES (84, N'maintain');
INSERT INTO dimCapacitation(dca_id, dca_nombre_capacitacion) VALUES (85, N'mind');
INSERT INTO dimCapacitation(dca_id, dca_nombre_capacitacion) VALUES (86, N'her');
INSERT INTO dimCapacitation(dca_id, dca_nombre_capacitacion) VALUES (87, N'close');
INSERT INTO dimCapacitation(dca_id, dca_nombre_capacitacion) VALUES (88, N'doctor');
INSERT INTO dimCapacitation(dca_id, dca_nombre_capacitacion) VALUES (89, N'lose');
INSERT INTO dimCapacitation(dca_id, dca_nombre_capacitacion) VALUES (90, N'able');
INSERT INTO dimCapacitation(dca_id, dca_nombre_capacitacion) VALUES (91, N'dog');
INSERT INTO dimCapacitation(dca_id, dca_nombre_capacitacion) VALUES (92, N'light');
INSERT INTO dimCapacitation(dca_id, dca_nombre_capacitacion) VALUES (93, N'note');
INSERT INTO dimCapacitation(dca_id, dca_nombre_capacitacion) VALUES (94, N'we');
INSERT INTO dimCapacitation(dca_id, dca_nombre_capacitacion) VALUES (95, N'throw');
INSERT INTO dimCapacitation(dca_id, dca_nombre_capacitacion) VALUES (96, N'organization');
INSERT INTO dimCapacitation(dca_id, dca_nombre_capacitacion) VALUES (97, N'into');
INSERT INTO dimCapacitation(dca_id, dca_nombre_capacitacion) VALUES (98, N'age');
INSERT INTO dimCapacitation(dca_id, dca_nombre_capacitacion) VALUES (99, N'high');
INSERT INTO dimCapacitation(dca_id, dca_nombre_capacitacion) VALUES (100, N'defense');


INSERT INTO dimEstadoOrden(deo_id, deo_estado) VALUES (53, N'ABIERTA');
INSERT INTO dimEstadoOrden(deo_id, deo_estado) VALUES (54, N'CERRADA');
INSERT INTO dimEstadoOrden(deo_id, deo_estado) VALUES (55, N'CERRADA');
INSERT INTO dimEstadoOrden(deo_id, deo_estado) VALUES (56, N'ABIERTA');
INSERT INTO dimEstadoOrden(deo_id, deo_estado) VALUES (57, N'CERRADA');
INSERT INTO dimEstadoOrden(deo_id, deo_estado) VALUES (58, N'CERRADA');
INSERT INTO dimEstadoOrden(deo_id, deo_estado) VALUES (59, N'CERRADA');
INSERT INTO dimEstadoOrden(deo_id, deo_estado) VALUES (60, N'CERRADA');
INSERT INTO dimEstadoOrden(deo_id, deo_estado) VALUES (61, N'CERRADA');
INSERT INTO dimEstadoOrden(deo_id, deo_estado) VALUES (62, N'CERRADA');
INSERT INTO dimEstadoOrden(deo_id, deo_estado) VALUES (63, N'ABIERTA');
INSERT INTO dimEstadoOrden(deo_id, deo_estado) VALUES (64, N'CERRADA');
INSERT INTO dimEstadoOrden(deo_id, deo_estado) VALUES (65, N'CERRADA');
INSERT INTO dimEstadoOrden(deo_id, deo_estado) VALUES (66, N'CERRADA');
INSERT INTO dimEstadoOrden(deo_id, deo_estado) VALUES (67, N'CERRADA');
INSERT INTO dimEstadoOrden(deo_id, deo_estado) VALUES (68, N'ABIERTA');
INSERT INTO dimEstadoOrden(deo_id, deo_estado) VALUES (69, N'ABIERTA');
INSERT INTO dimEstadoOrden(deo_id, deo_estado) VALUES (70, N'CERRADA');
INSERT INTO dimEstadoOrden(deo_id, deo_estado) VALUES (71, N'ABIERTA');
INSERT INTO dimEstadoOrden(deo_id, deo_estado) VALUES (72, N'ABIERTA');
INSERT INTO dimEstadoOrden(deo_id, deo_estado) VALUES (73, N'CERRADA');
INSERT INTO dimEstadoOrden(deo_id, deo_estado) VALUES (74, N'CERRADA');
INSERT INTO dimEstadoOrden(deo_id, deo_estado) VALUES (75, N'ABIERTA');
INSERT INTO dimEstadoOrden(deo_id, deo_estado) VALUES (76, N'CERRADA');
INSERT INTO dimEstadoOrden(deo_id, deo_estado) VALUES (77, N'CERRADA');
INSERT INTO dimEstadoOrden(deo_id, deo_estado) VALUES (78, N'CERRADA');
INSERT INTO dimEstadoOrden(deo_id, deo_estado) VALUES (79, N'CERRADA');
INSERT INTO dimEstadoOrden(deo_id, deo_estado) VALUES (80, N'CERRADA');
INSERT INTO dimEstadoOrden(deo_id, deo_estado) VALUES (81, N'ABIERTA');
INSERT INTO dimEstadoOrden(deo_id, deo_estado) VALUES (82, N'ABIERTA');
INSERT INTO dimEstadoOrden(deo_id, deo_estado) VALUES (83, N'CERRADA');
INSERT INTO dimEstadoOrden(deo_id, deo_estado) VALUES (84, N'ABIERTA');
INSERT INTO dimEstadoOrden(deo_id, deo_estado) VALUES (85, N'ABIERTA');
INSERT INTO dimEstadoOrden(deo_id, deo_estado) VALUES (86, N'CERRADA');
INSERT INTO dimEstadoOrden(deo_id, deo_estado) VALUES (87, N'CERRADA');
INSERT INTO dimEstadoOrden(deo_id, deo_estado) VALUES (88, N'CERRADA');
INSERT INTO dimEstadoOrden(deo_id, deo_estado) VALUES (89, N'CERRADA');
INSERT INTO dimEstadoOrden(deo_id, deo_estado) VALUES (90, N'ABIERTA');
INSERT INTO dimEstadoOrden(deo_id, deo_estado) VALUES (91, N'CERRADA');
INSERT INTO dimEstadoOrden(deo_id, deo_estado) VALUES (92, N'CERRADA');
INSERT INTO dimEstadoOrden(deo_id, deo_estado) VALUES (93, N'ABIERTA');
INSERT INTO dimEstadoOrden(deo_id, deo_estado) VALUES (94, N'ABIERTA');
INSERT INTO dimEstadoOrden(deo_id, deo_estado) VALUES (95, N'CERRADA');
INSERT INTO dimEstadoOrden(deo_id, deo_estado) VALUES (96, N'ABIERTA');
INSERT INTO dimEstadoOrden(deo_id, deo_estado) VALUES (97, N'ABIERTA');
INSERT INTO dimEstadoOrden(deo_id, deo_estado) VALUES (98, N'ABIERTA');
INSERT INTO dimEstadoOrden(deo_id, deo_estado) VALUES (99, N'ABIERTA');
INSERT INTO dimEstadoOrden(deo_id, deo_estado) VALUES (100, N'ABIERTA');


INSERT INTO factCapacitacionOrden(dca_id, deo_id, dti_id, fco_cantidad) VALUES (53, 53, 53, 1);
INSERT INTO factCapacitacionOrden(dca_id, deo_id, dti_id, fco_cantidad) VALUES (54, 54, 54, 1);
INSERT INTO factCapacitacionOrden(dca_id, deo_id, dti_id, fco_cantidad) VALUES (55, 55, 55, 1);
INSERT INTO factCapacitacionOrden(dca_id, deo_id, dti_id, fco_cantidad) VALUES (56, 56, 56, 1);
INSERT INTO factCapacitacionOrden(dca_id, deo_id, dti_id, fco_cantidad) VALUES (57, 57, 57, 1);
INSERT INTO factCapacitacionOrden(dca_id, deo_id, dti_id, fco_cantidad) VALUES (58, 58, 58, 1);
INSERT INTO factCapacitacionOrden(dca_id, deo_id, dti_id, fco_cantidad) VALUES (59, 59, 59, 1);
INSERT INTO factCapacitacionOrden(dca_id, deo_id, dti_id, fco_cantidad) VALUES (60, 60, 60, 1);
INSERT INTO factCapacitacionOrden(dca_id, deo_id, dti_id, fco_cantidad) VALUES (61, 61, 61, 1);
INSERT INTO factCapacitacionOrden(dca_id, deo_id, dti_id, fco_cantidad) VALUES (62, 62, 62, 1);
INSERT INTO factCapacitacionOrden(dca_id, deo_id, dti_id, fco_cantidad) VALUES (63, 63, 63, 1);
INSERT INTO factCapacitacionOrden(dca_id, deo_id, dti_id, fco_cantidad) VALUES (64, 64, 64, 1);
INSERT INTO factCapacitacionOrden(dca_id, deo_id, dti_id, fco_cantidad) VALUES (65, 65, 65, 1);
INSERT INTO factCapacitacionOrden(dca_id, deo_id, dti_id, fco_cantidad) VALUES (66, 66, 66, 1);
INSERT INTO factCapacitacionOrden(dca_id, deo_id, dti_id, fco_cantidad) VALUES (67, 67, 67, 1);
INSERT INTO factCapacitacionOrden(dca_id, deo_id, dti_id, fco_cantidad) VALUES (68, 68, 68, 1);
INSERT INTO factCapacitacionOrden(dca_id, deo_id, dti_id, fco_cantidad) VALUES (69, 69, 69, 1);
INSERT INTO factCapacitacionOrden(dca_id, deo_id, dti_id, fco_cantidad) VALUES (70, 70, 70, 1);
INSERT INTO factCapacitacionOrden(dca_id, deo_id, dti_id, fco_cantidad) VALUES (71, 71, 71, 1);
INSERT INTO factCapacitacionOrden(dca_id, deo_id, dti_id, fco_cantidad) VALUES (72, 72, 72, 1);
INSERT INTO factCapacitacionOrden(dca_id, deo_id, dti_id, fco_cantidad) VALUES (73, 73, 73, 1);
INSERT INTO factCapacitacionOrden(dca_id, deo_id, dti_id, fco_cantidad) VALUES (74, 74, 74, 1);
INSERT INTO factCapacitacionOrden(dca_id, deo_id, dti_id, fco_cantidad) VALUES (75, 75, 75, 1);
INSERT INTO factCapacitacionOrden(dca_id, deo_id, dti_id, fco_cantidad) VALUES (76, 76, 76, 1);
INSERT INTO factCapacitacionOrden(dca_id, deo_id, dti_id, fco_cantidad) VALUES (77, 77, 77, 1);
INSERT INTO factCapacitacionOrden(dca_id, deo_id, dti_id, fco_cantidad) VALUES (78, 78, 78, 1);
INSERT INTO factCapacitacionOrden(dca_id, deo_id, dti_id, fco_cantidad) VALUES (79, 79, 79, 1);
INSERT INTO factCapacitacionOrden(dca_id, deo_id, dti_id, fco_cantidad) VALUES (80, 80, 80, 1);
INSERT INTO factCapacitacionOrden(dca_id, deo_id, dti_id, fco_cantidad) VALUES (81, 81, 81, 1);
INSERT INTO factCapacitacionOrden(dca_id, deo_id, dti_id, fco_cantidad) VALUES (82, 82, 82, 1);
INSERT INTO factCapacitacionOrden(dca_id, deo_id, dti_id, fco_cantidad) VALUES (83, 83, 83, 1);
INSERT INTO factCapacitacionOrden(dca_id, deo_id, dti_id, fco_cantidad) VALUES (84, 84, 84, 1);
INSERT INTO factCapacitacionOrden(dca_id, deo_id, dti_id, fco_cantidad) VALUES (85, 85, 85, 1);
INSERT INTO factCapacitacionOrden(dca_id, deo_id, dti_id, fco_cantidad) VALUES (86, 86, 86, 1);
INSERT INTO factCapacitacionOrden(dca_id, deo_id, dti_id, fco_cantidad) VALUES (87, 87, 87, 1);
INSERT INTO factCapacitacionOrden(dca_id, deo_id, dti_id, fco_cantidad) VALUES (88, 88, 88, 1);
INSERT INTO factCapacitacionOrden(dca_id, deo_id, dti_id, fco_cantidad) VALUES (89, 89, 89, 1);
INSERT INTO factCapacitacionOrden(dca_id, deo_id, dti_id, fco_cantidad) VALUES (90, 90, 90, 1);
INSERT INTO factCapacitacionOrden(dca_id, deo_id, dti_id, fco_cantidad) VALUES (91, 91, 91, 1);
INSERT INTO factCapacitacionOrden(dca_id, deo_id, dti_id, fco_cantidad) VALUES (92, 92, 92, 1);
INSERT INTO factCapacitacionOrden(dca_id, deo_id, dti_id, fco_cantidad) VALUES (93, 93, 93, 1);
INSERT INTO factCapacitacionOrden(dca_id, deo_id, dti_id, fco_cantidad) VALUES (94, 94, 94, 1);
INSERT INTO factCapacitacionOrden(dca_id, deo_id, dti_id, fco_cantidad) VALUES (95, 95, 95, 1);
INSERT INTO factCapacitacionOrden(dca_id, deo_id, dti_id, fco_cantidad) VALUES (96, 96, 96, 1);
INSERT INTO factCapacitacionOrden(dca_id, deo_id, dti_id, fco_cantidad) VALUES (97, 97, 97, 1);
INSERT INTO factCapacitacionOrden(dca_id, deo_id, dti_id, fco_cantidad) VALUES (98, 98, 98, 1);
INSERT INTO factCapacitacionOrden(dca_id, deo_id, dti_id, fco_cantidad) VALUES (99, 99, 99, 1);
INSERT INTO factCapacitacionOrden(dca_id, deo_id, dti_id, fco_cantidad) VALUES (100, 100, 100, 1);



INSERT INTO dimCliente(dcl_id, dcl_nombre) VALUES (1, N'Republican');
INSERT INTO dimCliente(dcl_id, dcl_nombre) VALUES (2, N'face');
INSERT INTO dimCliente(dcl_id, dcl_nombre) VALUES (3, N'open');
INSERT INTO dimCliente(dcl_id, dcl_nombre) VALUES (4, N'throw');
INSERT INTO dimCliente(dcl_id, dcl_nombre) VALUES (5, N'around');
INSERT INTO dimCliente(dcl_id, dcl_nombre) VALUES (6, N'source');
INSERT INTO dimCliente(dcl_id, dcl_nombre) VALUES (7, N'interesting');
INSERT INTO dimCliente(dcl_id, dcl_nombre) VALUES (8, N'between');
INSERT INTO dimCliente(dcl_id, dcl_nombre) VALUES (9, N'manager');
INSERT INTO dimCliente(dcl_id, dcl_nombre) VALUES (10, N'agree');
INSERT INTO dimCliente(dcl_id, dcl_nombre) VALUES (11, N'cause');
INSERT INTO dimCliente(dcl_id, dcl_nombre) VALUES (12, N'sometimes');
INSERT INTO dimCliente(dcl_id, dcl_nombre) VALUES (13, N'trade');
INSERT INTO dimCliente(dcl_id, dcl_nombre) VALUES (14, N'true');
INSERT INTO dimCliente(dcl_id, dcl_nombre) VALUES (15, N'church');
INSERT INTO dimCliente(dcl_id, dcl_nombre) VALUES (16, N'hard');
INSERT INTO dimCliente(dcl_id, dcl_nombre) VALUES (17, N'customer');
INSERT INTO dimCliente(dcl_id, dcl_nombre) VALUES (18, N'several');
INSERT INTO dimCliente(dcl_id, dcl_nombre) VALUES (19, N'kitchen');
INSERT INTO dimCliente(dcl_id, dcl_nombre) VALUES (20, N'wrong');
INSERT INTO dimCliente(dcl_id, dcl_nombre) VALUES (21, N'less');
INSERT INTO dimCliente(dcl_id, dcl_nombre) VALUES (22, N'threat');
INSERT INTO dimCliente(dcl_id, dcl_nombre) VALUES (23, N'near');
INSERT INTO dimCliente(dcl_id, dcl_nombre) VALUES (24, N'expect');
INSERT INTO dimCliente(dcl_id, dcl_nombre) VALUES (25, N'risk');
INSERT INTO dimCliente(dcl_id, dcl_nombre) VALUES (26, N'everybody');
INSERT INTO dimCliente(dcl_id, dcl_nombre) VALUES (27, N'girl');
INSERT INTO dimCliente(dcl_id, dcl_nombre) VALUES (28, N'process');
INSERT INTO dimCliente(dcl_id, dcl_nombre) VALUES (29, N'wrong');
INSERT INTO dimCliente(dcl_id, dcl_nombre) VALUES (30, N'their');
INSERT INTO dimCliente(dcl_id, dcl_nombre) VALUES (31, N'ready');
INSERT INTO dimCliente(dcl_id, dcl_nombre) VALUES (32, N'citizen');
INSERT INTO dimCliente(dcl_id, dcl_nombre) VALUES (33, N'something');
INSERT INTO dimCliente(dcl_id, dcl_nombre) VALUES (34, N'shoulder');
INSERT INTO dimCliente(dcl_id, dcl_nombre) VALUES (35, N'scene');
INSERT INTO dimCliente(dcl_id, dcl_nombre) VALUES (36, N'test');
INSERT INTO dimCliente(dcl_id, dcl_nombre) VALUES (37, N'side');
INSERT INTO dimCliente(dcl_id, dcl_nombre) VALUES (38, N'home');
INSERT INTO dimCliente(dcl_id, dcl_nombre) VALUES (39, N'month');
INSERT INTO dimCliente(dcl_id, dcl_nombre) VALUES (40, N'know');
INSERT INTO dimCliente(dcl_id, dcl_nombre) VALUES (41, N'themselves');
INSERT INTO dimCliente(dcl_id, dcl_nombre) VALUES (42, N'alone');
INSERT INTO dimCliente(dcl_id, dcl_nombre) VALUES (43, N'military');
INSERT INTO dimCliente(dcl_id, dcl_nombre) VALUES (44, N'build');
INSERT INTO dimCliente(dcl_id, dcl_nombre) VALUES (45, N'prevent');
INSERT INTO dimCliente(dcl_id, dcl_nombre) VALUES (46, N'only');
INSERT INTO dimCliente(dcl_id, dcl_nombre) VALUES (47, N'send');
INSERT INTO dimCliente(dcl_id, dcl_nombre) VALUES (48, N'tend');
INSERT INTO dimCliente(dcl_id, dcl_nombre) VALUES (49, N'sure');
INSERT INTO dimCliente(dcl_id, dcl_nombre) VALUES (50, N'its');
INSERT INTO dimCliente(dcl_id, dcl_nombre) VALUES (51, N'vote');
INSERT INTO dimCliente(dcl_id, dcl_nombre) VALUES (52, N'blood');
INSERT INTO dimCliente(dcl_id, dcl_nombre) VALUES (53, N'political');
INSERT INTO dimCliente(dcl_id, dcl_nombre) VALUES (54, N'finally');
INSERT INTO dimCliente(dcl_id, dcl_nombre) VALUES (55, N'need');
INSERT INTO dimCliente(dcl_id, dcl_nombre) VALUES (56, N'anyone');
INSERT INTO dimCliente(dcl_id, dcl_nombre) VALUES (57, N'firm');
INSERT INTO dimCliente(dcl_id, dcl_nombre) VALUES (58, N'energy');
INSERT INTO dimCliente(dcl_id, dcl_nombre) VALUES (59, N'federal');
INSERT INTO dimCliente(dcl_id, dcl_nombre) VALUES (60, N'white');
INSERT INTO dimCliente(dcl_id, dcl_nombre) VALUES (61, N'quality');
INSERT INTO dimCliente(dcl_id, dcl_nombre) VALUES (62, N'ahead');
INSERT INTO dimCliente(dcl_id, dcl_nombre) VALUES (63, N'avoid');
INSERT INTO dimCliente(dcl_id, dcl_nombre) VALUES (64, N'project');
INSERT INTO dimCliente(dcl_id, dcl_nombre) VALUES (65, N'long');
INSERT INTO dimCliente(dcl_id, dcl_nombre) VALUES (66, N'still');
INSERT INTO dimCliente(dcl_id, dcl_nombre) VALUES (67, N'already');
INSERT INTO dimCliente(dcl_id, dcl_nombre) VALUES (68, N'might');
INSERT INTO dimCliente(dcl_id, dcl_nombre) VALUES (69, N'risk');
INSERT INTO dimCliente(dcl_id, dcl_nombre) VALUES (70, N'voice');
INSERT INTO dimCliente(dcl_id, dcl_nombre) VALUES (71, N'them');
INSERT INTO dimCliente(dcl_id, dcl_nombre) VALUES (72, N'all');
INSERT INTO dimCliente(dcl_id, dcl_nombre) VALUES (73, N'size');
INSERT INTO dimCliente(dcl_id, dcl_nombre) VALUES (74, N'ahead');
INSERT INTO dimCliente(dcl_id, dcl_nombre) VALUES (75, N'especially');
INSERT INTO dimCliente(dcl_id, dcl_nombre) VALUES (76, N'least');
INSERT INTO dimCliente(dcl_id, dcl_nombre) VALUES (77, N'pattern');
INSERT INTO dimCliente(dcl_id, dcl_nombre) VALUES (78, N'answer');
INSERT INTO dimCliente(dcl_id, dcl_nombre) VALUES (79, N'individual');
INSERT INTO dimCliente(dcl_id, dcl_nombre) VALUES (80, N'race');
INSERT INTO dimCliente(dcl_id, dcl_nombre) VALUES (81, N'raise');
INSERT INTO dimCliente(dcl_id, dcl_nombre) VALUES (82, N'choice');
INSERT INTO dimCliente(dcl_id, dcl_nombre) VALUES (83, N'hotel');
INSERT INTO dimCliente(dcl_id, dcl_nombre) VALUES (84, N'student');
INSERT INTO dimCliente(dcl_id, dcl_nombre) VALUES (85, N'American');
INSERT INTO dimCliente(dcl_id, dcl_nombre) VALUES (86, N'campaign');
INSERT INTO dimCliente(dcl_id, dcl_nombre) VALUES (87, N'fight');
INSERT INTO dimCliente(dcl_id, dcl_nombre) VALUES (88, N'north');
INSERT INTO dimCliente(dcl_id, dcl_nombre) VALUES (89, N'popular');
INSERT INTO dimCliente(dcl_id, dcl_nombre) VALUES (90, N'somebody');
INSERT INTO dimCliente(dcl_id, dcl_nombre) VALUES (91, N'building');
INSERT INTO dimCliente(dcl_id, dcl_nombre) VALUES (92, N'stay');
INSERT INTO dimCliente(dcl_id, dcl_nombre) VALUES (93, N'suggest');
INSERT INTO dimCliente(dcl_id, dcl_nombre) VALUES (94, N'however');
INSERT INTO dimCliente(dcl_id, dcl_nombre) VALUES (95, N'I');
INSERT INTO dimCliente(dcl_id, dcl_nombre) VALUES (96, N'act');
INSERT INTO dimCliente(dcl_id, dcl_nombre) VALUES (97, N'surface');
INSERT INTO dimCliente(dcl_id, dcl_nombre) VALUES (98, N'else');
INSERT INTO dimCliente(dcl_id, dcl_nombre) VALUES (99, N'race');
INSERT INTO dimCliente(dcl_id, dcl_nombre) VALUES (100, N'quality');


INSERT INTO dimProducto(dpr_id, dpr_nombre) VALUES (1, N'language');
INSERT INTO dimProducto(dpr_id, dpr_nombre) VALUES (2, N'mean');
INSERT INTO dimProducto(dpr_id, dpr_nombre) VALUES (3, N'choose');
INSERT INTO dimProducto(dpr_id, dpr_nombre) VALUES (4, N'including');
INSERT INTO dimProducto(dpr_id, dpr_nombre) VALUES (5, N'value');
INSERT INTO dimProducto(dpr_id, dpr_nombre) VALUES (6, N'among');
INSERT INTO dimProducto(dpr_id, dpr_nombre) VALUES (7, N'wish');
INSERT INTO dimProducto(dpr_id, dpr_nombre) VALUES (8, N'as');
INSERT INTO dimProducto(dpr_id, dpr_nombre) VALUES (9, N'team');
INSERT INTO dimProducto(dpr_id, dpr_nombre) VALUES (10, N'design');
INSERT INTO dimProducto(dpr_id, dpr_nombre) VALUES (11, N'provide');
INSERT INTO dimProducto(dpr_id, dpr_nombre) VALUES (12, N'I');
INSERT INTO dimProducto(dpr_id, dpr_nombre) VALUES (13, N'event');
INSERT INTO dimProducto(dpr_id, dpr_nombre) VALUES (14, N'place');
INSERT INTO dimProducto(dpr_id, dpr_nombre) VALUES (15, N'computer');
INSERT INTO dimProducto(dpr_id, dpr_nombre) VALUES (16, N'wear');
INSERT INTO dimProducto(dpr_id, dpr_nombre) VALUES (17, N'story');
INSERT INTO dimProducto(dpr_id, dpr_nombre) VALUES (18, N'race');
INSERT INTO dimProducto(dpr_id, dpr_nombre) VALUES (19, N'white');
INSERT INTO dimProducto(dpr_id, dpr_nombre) VALUES (20, N'commercial');
INSERT INTO dimProducto(dpr_id, dpr_nombre) VALUES (21, N'me');
INSERT INTO dimProducto(dpr_id, dpr_nombre) VALUES (22, N'mention');
INSERT INTO dimProducto(dpr_id, dpr_nombre) VALUES (23, N'letter');
INSERT INTO dimProducto(dpr_id, dpr_nombre) VALUES (24, N'attention');
INSERT INTO dimProducto(dpr_id, dpr_nombre) VALUES (25, N'morning');
INSERT INTO dimProducto(dpr_id, dpr_nombre) VALUES (26, N'church');
INSERT INTO dimProducto(dpr_id, dpr_nombre) VALUES (27, N'traditional');
INSERT INTO dimProducto(dpr_id, dpr_nombre) VALUES (28, N'for');
INSERT INTO dimProducto(dpr_id, dpr_nombre) VALUES (29, N'senior');
INSERT INTO dimProducto(dpr_id, dpr_nombre) VALUES (30, N'science');
INSERT INTO dimProducto(dpr_id, dpr_nombre) VALUES (31, N'director');
INSERT INTO dimProducto(dpr_id, dpr_nombre) VALUES (32, N'recently');
INSERT INTO dimProducto(dpr_id, dpr_nombre) VALUES (33, N'just');
INSERT INTO dimProducto(dpr_id, dpr_nombre) VALUES (34, N'certain');
INSERT INTO dimProducto(dpr_id, dpr_nombre) VALUES (35, N'talk');
INSERT INTO dimProducto(dpr_id, dpr_nombre) VALUES (36, N'instead');
INSERT INTO dimProducto(dpr_id, dpr_nombre) VALUES (37, N'determine');
INSERT INTO dimProducto(dpr_id, dpr_nombre) VALUES (38, N'director');
INSERT INTO dimProducto(dpr_id, dpr_nombre) VALUES (39, N'third');
INSERT INTO dimProducto(dpr_id, dpr_nombre) VALUES (40, N'area');
INSERT INTO dimProducto(dpr_id, dpr_nombre) VALUES (41, N'nothing');
INSERT INTO dimProducto(dpr_id, dpr_nombre) VALUES (42, N'let');
INSERT INTO dimProducto(dpr_id, dpr_nombre) VALUES (43, N'reflect');
INSERT INTO dimProducto(dpr_id, dpr_nombre) VALUES (44, N'into');
INSERT INTO dimProducto(dpr_id, dpr_nombre) VALUES (45, N'capital');
INSERT INTO dimProducto(dpr_id, dpr_nombre) VALUES (46, N'by');
INSERT INTO dimProducto(dpr_id, dpr_nombre) VALUES (47, N'again');
INSERT INTO dimProducto(dpr_id, dpr_nombre) VALUES (48, N'body');
INSERT INTO dimProducto(dpr_id, dpr_nombre) VALUES (49, N'collection');
INSERT INTO dimProducto(dpr_id, dpr_nombre) VALUES (50, N'business');
INSERT INTO dimProducto(dpr_id, dpr_nombre) VALUES (51, N'he');
INSERT INTO dimProducto(dpr_id, dpr_nombre) VALUES (52, N'nation');
INSERT INTO dimProducto(dpr_id, dpr_nombre) VALUES (53, N'child');
INSERT INTO dimProducto(dpr_id, dpr_nombre) VALUES (54, N'trip');
INSERT INTO dimProducto(dpr_id, dpr_nombre) VALUES (55, N'sister');
INSERT INTO dimProducto(dpr_id, dpr_nombre) VALUES (56, N'pattern');
INSERT INTO dimProducto(dpr_id, dpr_nombre) VALUES (57, N'herself');
INSERT INTO dimProducto(dpr_id, dpr_nombre) VALUES (58, N'news');
INSERT INTO dimProducto(dpr_id, dpr_nombre) VALUES (59, N'institution');
INSERT INTO dimProducto(dpr_id, dpr_nombre) VALUES (60, N'scene');
INSERT INTO dimProducto(dpr_id, dpr_nombre) VALUES (61, N'help');
INSERT INTO dimProducto(dpr_id, dpr_nombre) VALUES (62, N'happen');
INSERT INTO dimProducto(dpr_id, dpr_nombre) VALUES (63, N'certain');
INSERT INTO dimProducto(dpr_id, dpr_nombre) VALUES (64, N'vote');
INSERT INTO dimProducto(dpr_id, dpr_nombre) VALUES (65, N'list');
INSERT INTO dimProducto(dpr_id, dpr_nombre) VALUES (66, N'month');
INSERT INTO dimProducto(dpr_id, dpr_nombre) VALUES (67, N'leader');
INSERT INTO dimProducto(dpr_id, dpr_nombre) VALUES (68, N'single');
INSERT INTO dimProducto(dpr_id, dpr_nombre) VALUES (69, N'ago');
INSERT INTO dimProducto(dpr_id, dpr_nombre) VALUES (70, N'almost');
INSERT INTO dimProducto(dpr_id, dpr_nombre) VALUES (71, N'memory');
INSERT INTO dimProducto(dpr_id, dpr_nombre) VALUES (72, N'allow');
INSERT INTO dimProducto(dpr_id, dpr_nombre) VALUES (73, N'loss');
INSERT INTO dimProducto(dpr_id, dpr_nombre) VALUES (74, N'skill');
INSERT INTO dimProducto(dpr_id, dpr_nombre) VALUES (75, N'community');
INSERT INTO dimProducto(dpr_id, dpr_nombre) VALUES (76, N'source');
INSERT INTO dimProducto(dpr_id, dpr_nombre) VALUES (77, N'blue');
INSERT INTO dimProducto(dpr_id, dpr_nombre) VALUES (78, N'collection');
INSERT INTO dimProducto(dpr_id, dpr_nombre) VALUES (79, N'again');
INSERT INTO dimProducto(dpr_id, dpr_nombre) VALUES (80, N'assume');
INSERT INTO dimProducto(dpr_id, dpr_nombre) VALUES (81, N'prove');
INSERT INTO dimProducto(dpr_id, dpr_nombre) VALUES (82, N'spend');
INSERT INTO dimProducto(dpr_id, dpr_nombre) VALUES (83, N'sport');
INSERT INTO dimProducto(dpr_id, dpr_nombre) VALUES (84, N'such');
INSERT INTO dimProducto(dpr_id, dpr_nombre) VALUES (85, N'we');
INSERT INTO dimProducto(dpr_id, dpr_nombre) VALUES (86, N'address');
INSERT INTO dimProducto(dpr_id, dpr_nombre) VALUES (87, N'husband');
INSERT INTO dimProducto(dpr_id, dpr_nombre) VALUES (88, N'most');
INSERT INTO dimProducto(dpr_id, dpr_nombre) VALUES (89, N'education');
INSERT INTO dimProducto(dpr_id, dpr_nombre) VALUES (90, N'be');
INSERT INTO dimProducto(dpr_id, dpr_nombre) VALUES (91, N'lot');
INSERT INTO dimProducto(dpr_id, dpr_nombre) VALUES (92, N'field');
INSERT INTO dimProducto(dpr_id, dpr_nombre) VALUES (93, N'matter');
INSERT INTO dimProducto(dpr_id, dpr_nombre) VALUES (94, N'near');
INSERT INTO dimProducto(dpr_id, dpr_nombre) VALUES (95, N'mother');
INSERT INTO dimProducto(dpr_id, dpr_nombre) VALUES (96, N'easy');
INSERT INTO dimProducto(dpr_id, dpr_nombre) VALUES (97, N'young');
INSERT INTO dimProducto(dpr_id, dpr_nombre) VALUES (98, N'close');
INSERT INTO dimProducto(dpr_id, dpr_nombre) VALUES (99, N'partner');
INSERT INTO dimProducto(dpr_id, dpr_nombre) VALUES (100, N'almost');


INSERT INTO factProductoComprado(dcl_id, dpr_id, dti_id, fpc_cantidad) VALUES (53, 53, 53, 1);
INSERT INTO factProductoComprado(dcl_id, dpr_id, dti_id, fpc_cantidad) VALUES (54, 54, 54, 1);
INSERT INTO factProductoComprado(dcl_id, dpr_id, dti_id, fpc_cantidad) VALUES (55, 55, 55, 1);
INSERT INTO factProductoComprado(dcl_id, dpr_id, dti_id, fpc_cantidad) VALUES (56, 56, 56, 1);
INSERT INTO factProductoComprado(dcl_id, dpr_id, dti_id, fpc_cantidad) VALUES (57, 57, 57, 1);
INSERT INTO factProductoComprado(dcl_id, dpr_id, dti_id, fpc_cantidad) VALUES (58, 58, 58, 1);
INSERT INTO factProductoComprado(dcl_id, dpr_id, dti_id, fpc_cantidad) VALUES (59, 59, 59, 1);
INSERT INTO factProductoComprado(dcl_id, dpr_id, dti_id, fpc_cantidad) VALUES (60, 60, 60, 1);
INSERT INTO factProductoComprado(dcl_id, dpr_id, dti_id, fpc_cantidad) VALUES (61, 61, 61, 1);
INSERT INTO factProductoComprado(dcl_id, dpr_id, dti_id, fpc_cantidad) VALUES (62, 62, 62, 1);
INSERT INTO factProductoComprado(dcl_id, dpr_id, dti_id, fpc_cantidad) VALUES (63, 63, 63, 1);
INSERT INTO factProductoComprado(dcl_id, dpr_id, dti_id, fpc_cantidad) VALUES (64, 64, 64, 1);
INSERT INTO factProductoComprado(dcl_id, dpr_id, dti_id, fpc_cantidad) VALUES (65, 65, 65, 1);
INSERT INTO factProductoComprado(dcl_id, dpr_id, dti_id, fpc_cantidad) VALUES (66, 66, 66, 1);
INSERT INTO factProductoComprado(dcl_id, dpr_id, dti_id, fpc_cantidad) VALUES (67, 67, 67, 1);
INSERT INTO factProductoComprado(dcl_id, dpr_id, dti_id, fpc_cantidad) VALUES (68, 68, 68, 1);
INSERT INTO factProductoComprado(dcl_id, dpr_id, dti_id, fpc_cantidad) VALUES (69, 69, 69, 1);
INSERT INTO factProductoComprado(dcl_id, dpr_id, dti_id, fpc_cantidad) VALUES (70, 70, 70, 1);
INSERT INTO factProductoComprado(dcl_id, dpr_id, dti_id, fpc_cantidad) VALUES (71, 71, 71, 1);
INSERT INTO factProductoComprado(dcl_id, dpr_id, dti_id, fpc_cantidad) VALUES (72, 72, 72, 1);
INSERT INTO factProductoComprado(dcl_id, dpr_id, dti_id, fpc_cantidad) VALUES (73, 73, 73, 1);
INSERT INTO factProductoComprado(dcl_id, dpr_id, dti_id, fpc_cantidad) VALUES (74, 74, 74, 1);
INSERT INTO factProductoComprado(dcl_id, dpr_id, dti_id, fpc_cantidad) VALUES (75, 75, 75, 1);
INSERT INTO factProductoComprado(dcl_id, dpr_id, dti_id, fpc_cantidad) VALUES (76, 76, 76, 1);
INSERT INTO factProductoComprado(dcl_id, dpr_id, dti_id, fpc_cantidad) VALUES (77, 77, 77, 1);
INSERT INTO factProductoComprado(dcl_id, dpr_id, dti_id, fpc_cantidad) VALUES (78, 78, 78, 1);
INSERT INTO factProductoComprado(dcl_id, dpr_id, dti_id, fpc_cantidad) VALUES (79, 79, 79, 1);
INSERT INTO factProductoComprado(dcl_id, dpr_id, dti_id, fpc_cantidad) VALUES (80, 80, 80, 1);
INSERT INTO factProductoComprado(dcl_id, dpr_id, dti_id, fpc_cantidad) VALUES (81, 81, 81, 1);
INSERT INTO factProductoComprado(dcl_id, dpr_id, dti_id, fpc_cantidad) VALUES (82, 82, 82, 1);
INSERT INTO factProductoComprado(dcl_id, dpr_id, dti_id, fpc_cantidad) VALUES (83, 83, 83, 1);
INSERT INTO factProductoComprado(dcl_id, dpr_id, dti_id, fpc_cantidad) VALUES (84, 84, 84, 1);
INSERT INTO factProductoComprado(dcl_id, dpr_id, dti_id, fpc_cantidad) VALUES (85, 85, 85, 1);
INSERT INTO factProductoComprado(dcl_id, dpr_id, dti_id, fpc_cantidad) VALUES (86, 86, 86, 1);
INSERT INTO factProductoComprado(dcl_id, dpr_id, dti_id, fpc_cantidad) VALUES (87, 87, 87, 1);
INSERT INTO factProductoComprado(dcl_id, dpr_id, dti_id, fpc_cantidad) VALUES (88, 88, 88, 1);
INSERT INTO factProductoComprado(dcl_id, dpr_id, dti_id, fpc_cantidad) VALUES (89, 89, 89, 1);
INSERT INTO factProductoComprado(dcl_id, dpr_id, dti_id, fpc_cantidad) VALUES (90, 90, 90, 1);
INSERT INTO factProductoComprado(dcl_id, dpr_id, dti_id, fpc_cantidad) VALUES (91, 91, 91, 1);
INSERT INTO factProductoComprado(dcl_id, dpr_id, dti_id, fpc_cantidad) VALUES (92, 92, 92, 1);
INSERT INTO factProductoComprado(dcl_id, dpr_id, dti_id, fpc_cantidad) VALUES (93, 93, 93, 1);
INSERT INTO factProductoComprado(dcl_id, dpr_id, dti_id, fpc_cantidad) VALUES (94, 94, 94, 1);
INSERT INTO factProductoComprado(dcl_id, dpr_id, dti_id, fpc_cantidad) VALUES (95, 95, 95, 1);
INSERT INTO factProductoComprado(dcl_id, dpr_id, dti_id, fpc_cantidad) VALUES (96, 96, 96, 1);
INSERT INTO factProductoComprado(dcl_id, dpr_id, dti_id, fpc_cantidad) VALUES (97, 97, 97, 1);
INSERT INTO factProductoComprado(dcl_id, dpr_id, dti_id, fpc_cantidad) VALUES (98, 98, 98, 1);
INSERT INTO factProductoComprado(dcl_id, dpr_id, dti_id, fpc_cantidad) VALUES (99, 99, 99, 1);
INSERT INTO factProductoComprado(dcl_id, dpr_id, dti_id, fpc_cantidad) VALUES (100, 100, 100, 1);
