INSERT INTO cargo (car_id, car_nombre, car_estado, car_creacion) VALUES (1, 'too', 0, '1997-10-17');
INSERT INTO cargo (car_id, car_nombre, car_estado, car_creacion) VALUES (2, 'season', 0, '1992-09-14');
INSERT INTO cargo (car_id, car_nombre, car_estado, car_creacion) VALUES (3, 'seven', 1, '2016-04-02');
INSERT INTO cargo (car_id, car_nombre, car_estado, car_creacion) VALUES (4, 'off', 1, '1976-10-17');
INSERT INTO cargo (car_id, car_nombre, car_estado, car_creacion) VALUES (5, 'party', 1, '1975-01-02');
INSERT INTO cargo (car_id, car_nombre, car_estado, car_creacion) VALUES (6, 'significant', 0, '2010-03-26');
INSERT INTO cargo (car_id, car_nombre, car_estado, car_creacion) VALUES (7, 'plant', 0, '2010-02-15');
INSERT INTO cargo (car_id, car_nombre, car_estado, car_creacion) VALUES (8, 'bank', 0, '1976-10-20');
INSERT INTO cargo (car_id, car_nombre, car_estado, car_creacion) VALUES (9, 'friend', 0, '1993-07-11');
INSERT INTO cargo (car_id, car_nombre, car_estado, car_creacion) VALUES (10, 'rather', 1, '1992-03-15');
INSERT INTO cargo (car_id, car_nombre, car_estado, car_creacion) VALUES (11, 'move', 0, '1980-06-05');
INSERT INTO cargo (car_id, car_nombre, car_estado, car_creacion) VALUES (12, 'movement', 0, '2001-12-17');
INSERT INTO cargo (car_id, car_nombre, car_estado, car_creacion) VALUES (13, 'any', 1, '1999-09-26');
INSERT INTO cargo (car_id, car_nombre, car_estado, car_creacion) VALUES (14, 'charge', 1, '1985-05-20');
INSERT INTO cargo (car_id, car_nombre, car_estado, car_creacion) VALUES (15, 'western', 1, '2011-07-20');
INSERT INTO cargo (car_id, car_nombre, car_estado, car_creacion) VALUES (16, 'everything', 0, '1994-08-10');
INSERT INTO cargo (car_id, car_nombre, car_estado, car_creacion) VALUES (17, 'throughout', 0, '1970-07-08');
INSERT INTO cargo (car_id, car_nombre, car_estado, car_creacion) VALUES (18, 'year', 0, '1983-09-14');
INSERT INTO cargo (car_id, car_nombre, car_estado, car_creacion) VALUES (19, 'development', 1, '2014-02-20');
INSERT INTO cargo (car_id, car_nombre, car_estado, car_creacion) VALUES (20, 'radio', 1, '1995-11-04');
INSERT INTO cargo (car_id, car_nombre, car_estado, car_creacion) VALUES (21, 'authority', 0, '2012-06-20');
INSERT INTO cargo (car_id, car_nombre, car_estado, car_creacion) VALUES (22, 'car', 1, '1979-02-25');
INSERT INTO cargo (car_id, car_nombre, car_estado, car_creacion) VALUES (23, 'some', 0, '1977-05-26');
INSERT INTO cargo (car_id, car_nombre, car_estado, car_creacion) VALUES (24, 'campaign', 0, '1993-07-08');
INSERT INTO cargo (car_id, car_nombre, car_estado, car_creacion) VALUES (25, 'identify', 1, '2004-08-29');
INSERT INTO cargo (car_id, car_nombre, car_estado, car_creacion) VALUES (26, 'trouble', 1, '2018-05-28');
INSERT INTO cargo (car_id, car_nombre, car_estado, car_creacion) VALUES (27, 'much', 1, '2005-04-07');
INSERT INTO cargo (car_id, car_nombre, car_estado, car_creacion) VALUES (28, 'run', 1, '2005-07-09');
INSERT INTO cargo (car_id, car_nombre, car_estado, car_creacion) VALUES (29, 'blue', 1, '2008-10-25');
INSERT INTO cargo (car_id, car_nombre, car_estado, car_creacion) VALUES (30, 'black', 1, '1974-05-08');
INSERT INTO cargo (car_id, car_nombre, car_estado, car_creacion) VALUES (31, 'garden', 1, '1974-07-18');
INSERT INTO cargo (car_id, car_nombre, car_estado, car_creacion) VALUES (32, 'face', 0, '1987-09-11');
INSERT INTO cargo (car_id, car_nombre, car_estado, car_creacion) VALUES (33, 'surface', 0, '1980-11-19');
INSERT INTO cargo (car_id, car_nombre, car_estado, car_creacion) VALUES (34, 'yard', 1, '1999-07-06');
INSERT INTO cargo (car_id, car_nombre, car_estado, car_creacion) VALUES (35, 'need', 0, '1975-06-27');
INSERT INTO cargo (car_id, car_nombre, car_estado, car_creacion) VALUES (36, 'six', 1, '2008-06-04');
INSERT INTO cargo (car_id, car_nombre, car_estado, car_creacion) VALUES (37, 'room', 0, '2017-11-19');
INSERT INTO cargo (car_id, car_nombre, car_estado, car_creacion) VALUES (38, 'term', 0, '2017-03-15');
INSERT INTO cargo (car_id, car_nombre, car_estado, car_creacion) VALUES (39, 'data', 1, '1990-10-24');
INSERT INTO cargo (car_id, car_nombre, car_estado, car_creacion) VALUES (40, 'Mrs', 1, '1990-08-04');
INSERT INTO cargo (car_id, car_nombre, car_estado, car_creacion) VALUES (41, 'offer', 1, '1974-12-19');
INSERT INTO cargo (car_id, car_nombre, car_estado, car_creacion) VALUES (42, 'me', 1, '1992-05-01');
INSERT INTO cargo (car_id, car_nombre, car_estado, car_creacion) VALUES (43, 'TV', 0, '1992-08-03');
INSERT INTO cargo (car_id, car_nombre, car_estado, car_creacion) VALUES (44, 'purpose', 0, '2021-01-28');
INSERT INTO cargo (car_id, car_nombre, car_estado, car_creacion) VALUES (45, 'line', 1, '1975-11-20');
INSERT INTO cargo (car_id, car_nombre, car_estado, car_creacion) VALUES (46, 'task', 1, '1992-06-16');
INSERT INTO cargo (car_id, car_nombre, car_estado, car_creacion) VALUES (47, 'above', 0, '1983-12-31');
INSERT INTO cargo (car_id, car_nombre, car_estado, car_creacion) VALUES (48, 'popular', 0, '1986-06-03');
INSERT INTO cargo (car_id, car_nombre, car_estado, car_creacion) VALUES (49, 'beyond', 1, '1994-07-23');
INSERT INTO cargo (car_id, car_nombre, car_estado, car_creacion) VALUES (50, 'lot', 1, '1992-04-22');
INSERT INTO cargo (car_id, car_nombre, car_estado, car_creacion) VALUES (51, 'out', 1, '2018-03-23');
INSERT INTO cargo (car_id, car_nombre, car_estado, car_creacion) VALUES (52, 'early', 0, '1991-10-01');
INSERT INTO cargo (car_id, car_nombre, car_estado, car_creacion) VALUES (53, 'however', 0, '1987-01-26');
INSERT INTO cargo (car_id, car_nombre, car_estado, car_creacion) VALUES (54, 'physical', 1, '1973-01-14');
INSERT INTO cargo (car_id, car_nombre, car_estado, car_creacion) VALUES (55, 'involve', 1, '1995-12-14');
INSERT INTO cargo (car_id, car_nombre, car_estado, car_creacion) VALUES (56, 'time', 0, '2014-04-04');
INSERT INTO cargo (car_id, car_nombre, car_estado, car_creacion) VALUES (57, 'surfaceres', 1, '2020-03-26');
INSERT INTO cargo (car_id, car_nombre, car_estado, car_creacion) VALUES (58, 'page', 1, '1997-04-21');
INSERT INTO cargo (car_id, car_nombre, car_estado, car_creacion) VALUES (59, 'herself', 0, '2015-09-22');
INSERT INTO cargo (car_id, car_nombre, car_estado, car_creacion) VALUES (60, 'seat', 0, '2010-05-26');
INSERT INTO cargo (car_id, car_nombre, car_estado, car_creacion) VALUES (61, 'difference', 1, '2008-10-13');
INSERT INTO cargo (car_id, car_nombre, car_estado, car_creacion) VALUES (62, 'return', 0, '2005-12-16');
INSERT INTO cargo (car_id, car_nombre, car_estado, car_creacion) VALUES (63, 'dream', 0, '1997-01-29');
INSERT INTO cargo (car_id, car_nombre, car_estado, car_creacion) VALUES (64, 'around', 0, '2002-01-22');
INSERT INTO cargo (car_id, car_nombre, car_estado, car_creacion) VALUES (65, 'seem', 1, '1970-12-31');
INSERT INTO cargo (car_id, car_nombre, car_estado, car_creacion) VALUES (66, 'stock', 1, '2011-05-13');
INSERT INTO cargo (car_id, car_nombre, car_estado, car_creacion) VALUES (67, 'attack', 0, '2001-03-07');
INSERT INTO cargo (car_id, car_nombre, car_estado, car_creacion) VALUES (68, 'red', 1, '1997-01-12');
INSERT INTO cargo (car_id, car_nombre, car_estado, car_creacion) VALUES (69, 'take', 0, '1982-12-12');
INSERT INTO cargo (car_id, car_nombre, car_estado, car_creacion) VALUES (70, 'drop', 0, '1975-09-29');
INSERT INTO cargo (car_id, car_nombre, car_estado, car_creacion) VALUES (71, 'marriage', 0, '1974-09-29');
INSERT INTO cargo (car_id, car_nombre, car_estado, car_creacion) VALUES (72, 'only', 1, '1985-08-12');
INSERT INTO cargo (car_id, car_nombre, car_estado, car_creacion) VALUES (73, 'site', 0, '2021-09-21');
INSERT INTO cargo (car_id, car_nombre, car_estado, car_creacion) VALUES (74, 'next', 1, '2019-11-25');
INSERT INTO cargo (car_id, car_nombre, car_estado, car_creacion) VALUES (75, 'laugh', 1, '2024-03-26');
INSERT INTO cargo (car_id, car_nombre, car_estado, car_creacion) VALUES (76, 'tell', 1, '1971-04-16');
INSERT INTO cargo (car_id, car_nombre, car_estado, car_creacion) VALUES (77, 'meet', 1, '2022-11-30');
INSERT INTO cargo (car_id, car_nombre, car_estado, car_creacion) VALUES (78, 'view', 0, '2022-06-01');
INSERT INTO cargo (car_id, car_nombre, car_estado, car_creacion) VALUES (79, 'check', 1, '2002-02-14');
INSERT INTO cargo (car_id, car_nombre, car_estado, car_creacion) VALUES (80, 'they', 0, '2013-02-20');
INSERT INTO cargo (car_id, car_nombre, car_estado, car_creacion) VALUES (81, 'consumer', 0, '1978-11-02');
INSERT INTO cargo (car_id, car_nombre, car_estado, car_creacion) VALUES (82, 'campaigning', 1, '1996-05-07');
INSERT INTO cargo (car_id, car_nombre, car_estado, car_creacion) VALUES (83, 'shoulder', 1, '2018-08-03');
INSERT INTO cargo (car_id, car_nombre, car_estado, car_creacion) VALUES (84, 'nature', 1, '1989-08-30');
INSERT INTO cargo (car_id, car_nombre, car_estado, car_creacion) VALUES (85, 'last', 0, '1991-03-25');
INSERT INTO cargo (car_id, car_nombre, car_estado, car_creacion) VALUES (86, 'do', 0, '1986-05-20');
INSERT INTO cargo (car_id, car_nombre, car_estado, car_creacion) VALUES (87, 'without', 0, '2013-11-22');
INSERT INTO cargo (car_id, car_nombre, car_estado, car_creacion) VALUES (88, 'heart', 0, '1973-08-22');
INSERT INTO cargo (car_id, car_nombre, car_estado, car_creacion) VALUES (89, 'none', 1, '2010-12-30');
INSERT INTO cargo (car_id, car_nombre, car_estado, car_creacion) VALUES (90, 'probably', 0, '2019-04-13');
INSERT INTO cargo (car_id, car_nombre, car_estado, car_creacion) VALUES (91, 'scene', 0, '2009-02-05');
INSERT INTO cargo (car_id, car_nombre, car_estado, car_creacion) VALUES (92, 'race', 1, '2016-01-18');
INSERT INTO cargo (car_id, car_nombre, car_estado, car_creacion) VALUES (93, 'leg', 0, '1989-10-27');
INSERT INTO cargo (car_id, car_nombre, car_estado, car_creacion) VALUES (94, 'similar', 1, '1996-02-24');
INSERT INTO cargo (car_id, car_nombre, car_estado, car_creacion) VALUES (95, 'church', 0, '1984-04-03');
INSERT INTO cargo (car_id, car_nombre, car_estado, car_creacion) VALUES (96, 'force', 0, '1976-12-11');
INSERT INTO cargo (car_id, car_nombre, car_estado, car_creacion) VALUES (97, 'type', 0, '1980-10-11');
INSERT INTO cargo (car_id, car_nombre, car_estado, car_creacion) VALUES (98, 'voice', 1, '2001-12-04');
INSERT INTO cargo (car_id, car_nombre, car_estado, car_creacion) VALUES (99, 'analysis', 1, '1975-12-06');
INSERT INTO cargo (car_id, car_nombre, car_estado, car_creacion) VALUES (100, 'past', 0, '2003-06-20');


INSERT INTO departamento (dep_id, dep_nombre, dep_creacion, dep_estado) VALUES (1, 'reflect', '1983-10-29', 1);
INSERT INTO departamento (dep_id, dep_nombre, dep_creacion, dep_estado) VALUES (2, 'perhaps', '2022-03-12', 0);
INSERT INTO departamento (dep_id, dep_nombre, dep_creacion, dep_estado) VALUES (3, 'visit', '2012-06-26', 0);
INSERT INTO departamento (dep_id, dep_nombre, dep_creacion, dep_estado) VALUES (4, 'center', '2006-02-24', 1);
INSERT INTO departamento (dep_id, dep_nombre, dep_creacion, dep_estado) VALUES (5, 'check', '2011-12-18', 1);
INSERT INTO departamento (dep_id, dep_nombre, dep_creacion, dep_estado) VALUES (6, 'room', '2003-08-26', 1);
INSERT INTO departamento (dep_id, dep_nombre, dep_creacion, dep_estado) VALUES (7, 'trial', '1978-10-22', 0);
INSERT INTO departamento (dep_id, dep_nombre, dep_creacion, dep_estado) VALUES (8, 'every', '2020-04-06', 0);
INSERT INTO departamento (dep_id, dep_nombre, dep_creacion, dep_estado) VALUES (9, 'environment', '1975-02-25', 1);
INSERT INTO departamento (dep_id, dep_nombre, dep_creacion, dep_estado) VALUES (10, 'another', '1995-09-10', 1);
INSERT INTO departamento (dep_id, dep_nombre, dep_creacion, dep_estado) VALUES (11, 'success', '2022-12-02', 0);
INSERT INTO departamento (dep_id, dep_nombre, dep_creacion, dep_estado) VALUES (12, 'series', '1978-09-28', 0);
INSERT INTO departamento (dep_id, dep_nombre, dep_creacion, dep_estado) VALUES (13, 'have', '1986-11-15', 1);
INSERT INTO departamento (dep_id, dep_nombre, dep_creacion, dep_estado) VALUES (14, 'receive', '2004-12-15', 1);
INSERT INTO departamento (dep_id, dep_nombre, dep_creacion, dep_estado) VALUES (15, 'free', '1997-05-04', 0);
INSERT INTO departamento (dep_id, dep_nombre, dep_creacion, dep_estado) VALUES (16, 'recognize', '2019-05-02', 1);
INSERT INTO departamento (dep_id, dep_nombre, dep_creacion, dep_estado) VALUES (17, 'pay', '2012-12-23', 0);
INSERT INTO departamento (dep_id, dep_nombre, dep_creacion, dep_estado) VALUES (18, 'accept', '1997-01-18', 0);
INSERT INTO departamento (dep_id, dep_nombre, dep_creacion, dep_estado) VALUES (19, 'road', '2002-06-09', 1);
INSERT INTO departamento (dep_id, dep_nombre, dep_creacion, dep_estado) VALUES (20, 'according', '2021-06-16', 0);
INSERT INTO departamento (dep_id, dep_nombre, dep_creacion, dep_estado) VALUES (21, 'call', '2001-11-26', 1);
INSERT INTO departamento (dep_id, dep_nombre, dep_creacion, dep_estado) VALUES (22, 'property', '2006-10-31', 0);
INSERT INTO departamento (dep_id, dep_nombre, dep_creacion, dep_estado) VALUES (23, 'coach', '1977-12-22', 1);
INSERT INTO departamento (dep_id, dep_nombre, dep_creacion, dep_estado) VALUES (24, 'take', '1980-08-01', 0);
INSERT INTO departamento (dep_id, dep_nombre, dep_creacion, dep_estado) VALUES (25, 'final', '1990-10-11', 0);
INSERT INTO departamento (dep_id, dep_nombre, dep_creacion, dep_estado) VALUES (26, 'court', '2000-08-10', 1);
INSERT INTO departamento (dep_id, dep_nombre, dep_creacion, dep_estado) VALUES (27, 'significant', '1986-01-03', 1);
INSERT INTO departamento (dep_id, dep_nombre, dep_creacion, dep_estado) VALUES (28, 'success', '1994-10-28', 1);
INSERT INTO departamento (dep_id, dep_nombre, dep_creacion, dep_estado) VALUES (29, 'think', '2007-09-26', 1);
INSERT INTO departamento (dep_id, dep_nombre, dep_creacion, dep_estado) VALUES (30, 'mind', '1990-03-04', 0);
INSERT INTO departamento (dep_id, dep_nombre, dep_creacion, dep_estado) VALUES (31, 'response', '2020-08-26', 1);
INSERT INTO departamento (dep_id, dep_nombre, dep_creacion, dep_estado) VALUES (32, 'instead', '2006-06-01', 0);
INSERT INTO departamento (dep_id, dep_nombre, dep_creacion, dep_estado) VALUES (33, 'turn', '1979-01-10', 1);
INSERT INTO departamento (dep_id, dep_nombre, dep_creacion, dep_estado) VALUES (34, 'hit', '1971-04-26', 1);
INSERT INTO departamento (dep_id, dep_nombre, dep_creacion, dep_estado) VALUES (35, 'score', '1993-05-05', 0);
INSERT INTO departamento (dep_id, dep_nombre, dep_creacion, dep_estado) VALUES (36, 'behavior', '2008-03-15', 0);
INSERT INTO departamento (dep_id, dep_nombre, dep_creacion, dep_estado) VALUES (37, 'vote', '2019-03-10', 1);
INSERT INTO departamento (dep_id, dep_nombre, dep_creacion, dep_estado) VALUES (38, 'health', '1989-07-02', 1);
INSERT INTO departamento (dep_id, dep_nombre, dep_creacion, dep_estado) VALUES (39, 'real', '2008-09-19', 0);
INSERT INTO departamento (dep_id, dep_nombre, dep_creacion, dep_estado) VALUES (40, 'medical', '1990-05-25', 1);
INSERT INTO departamento (dep_id, dep_nombre, dep_creacion, dep_estado) VALUES (41, 'see', '2001-10-11', 0);
INSERT INTO departamento (dep_id, dep_nombre, dep_creacion, dep_estado) VALUES (42, 'against', '1995-10-17', 1);
INSERT INTO departamento (dep_id, dep_nombre, dep_creacion, dep_estado) VALUES (43, 'lot', '1970-12-31', 1);
INSERT INTO departamento (dep_id, dep_nombre, dep_creacion, dep_estado) VALUES (44, 'guess', '1982-09-25', 1);
INSERT INTO departamento (dep_id, dep_nombre, dep_creacion, dep_estado) VALUES (45, 'center', '2014-11-23', 0);
INSERT INTO departamento (dep_id, dep_nombre, dep_creacion, dep_estado) VALUES (46, 'worry', '2014-07-24', 1);
INSERT INTO departamento (dep_id, dep_nombre, dep_creacion, dep_estado) VALUES (47, 'no', '1999-07-09', 0);
INSERT INTO departamento (dep_id, dep_nombre, dep_creacion, dep_estado) VALUES (48, 'it', '1996-01-23', 0);
INSERT INTO departamento (dep_id, dep_nombre, dep_creacion, dep_estado) VALUES (49, 'care', '1971-05-26', 0);
INSERT INTO departamento (dep_id, dep_nombre, dep_creacion, dep_estado) VALUES (50, 'other', '1997-07-23', 0);
INSERT INTO departamento (dep_id, dep_nombre, dep_creacion, dep_estado) VALUES (51, 'family', '2018-03-14', 1);
INSERT INTO departamento (dep_id, dep_nombre, dep_creacion, dep_estado) VALUES (52, 'western', '1999-06-10', 1);
INSERT INTO departamento (dep_id, dep_nombre, dep_creacion, dep_estado) VALUES (53, 'close', '2021-08-14', 0);
INSERT INTO departamento (dep_id, dep_nombre, dep_creacion, dep_estado) VALUES (54, 'instead', '2004-04-14', 1);
INSERT INTO departamento (dep_id, dep_nombre, dep_creacion, dep_estado) VALUES (55, 'city', '1971-08-05', 0);
INSERT INTO departamento (dep_id, dep_nombre, dep_creacion, dep_estado) VALUES (56, 'class', '2004-09-20', 1);
INSERT INTO departamento (dep_id, dep_nombre, dep_creacion, dep_estado) VALUES (57, 'experience', '1999-04-05', 1);
INSERT INTO departamento (dep_id, dep_nombre, dep_creacion, dep_estado) VALUES (58, 'sister', '2009-07-14', 1);
INSERT INTO departamento (dep_id, dep_nombre, dep_creacion, dep_estado) VALUES (59, 'before', '2019-12-16', 0);
INSERT INTO departamento (dep_id, dep_nombre, dep_creacion, dep_estado) VALUES (60, 'similar', '2019-08-08', 1);
INSERT INTO departamento (dep_id, dep_nombre, dep_creacion, dep_estado) VALUES (61, 'name', '2020-01-28', 1);
INSERT INTO departamento (dep_id, dep_nombre, dep_creacion, dep_estado) VALUES (62, 'box', '1995-01-09', 0);
INSERT INTO departamento (dep_id, dep_nombre, dep_creacion, dep_estado) VALUES (63, 'red', '2014-02-24', 1);
INSERT INTO departamento (dep_id, dep_nombre, dep_creacion, dep_estado) VALUES (64, 'whom', '2015-02-16', 1);
INSERT INTO departamento (dep_id, dep_nombre, dep_creacion, dep_estado) VALUES (65, 'writer', '1976-03-04', 1);
INSERT INTO departamento (dep_id, dep_nombre, dep_creacion, dep_estado) VALUES (66, 'friend', '2009-01-12', 0);
INSERT INTO departamento (dep_id, dep_nombre, dep_creacion, dep_estado) VALUES (67, 'general', '2020-08-05', 1);
INSERT INTO departamento (dep_id, dep_nombre, dep_creacion, dep_estado) VALUES (68, 'affect', '1982-09-08', 0);
INSERT INTO departamento (dep_id, dep_nombre, dep_creacion, dep_estado) VALUES (69, 'present', '1982-09-07', 1);
INSERT INTO departamento (dep_id, dep_nombre, dep_creacion, dep_estado) VALUES (70, 'attack', '2015-11-04', 0);
INSERT INTO departamento (dep_id, dep_nombre, dep_creacion, dep_estado) VALUES (71, 'per', '1985-01-11', 1);
INSERT INTO departamento (dep_id, dep_nombre, dep_creacion, dep_estado) VALUES (72, 'minute', '2010-11-17', 0);
INSERT INTO departamento (dep_id, dep_nombre, dep_creacion, dep_estado) VALUES (73, 'of', '2006-11-12', 1);
INSERT INTO departamento (dep_id, dep_nombre, dep_creacion, dep_estado) VALUES (74, 'sense', '1978-09-24', 1);
INSERT INTO departamento (dep_id, dep_nombre, dep_creacion, dep_estado) VALUES (75, 'lose', '1978-04-30', 1);
INSERT INTO departamento (dep_id, dep_nombre, dep_creacion, dep_estado) VALUES (76, 'baby', '2002-10-14', 0);
INSERT INTO departamento (dep_id, dep_nombre, dep_creacion, dep_estado) VALUES (77, 'home', '1996-09-08', 0);
INSERT INTO departamento (dep_id, dep_nombre, dep_creacion, dep_estado) VALUES (78, 'environment', '1988-11-14', 0);
INSERT INTO departamento (dep_id, dep_nombre, dep_creacion, dep_estado) VALUES (79, 'local', '2017-09-21', 0);
INSERT INTO departamento (dep_id, dep_nombre, dep_creacion, dep_estado) VALUES (80, 'according', '1988-12-18', 0);
INSERT INTO departamento (dep_id, dep_nombre, dep_creacion, dep_estado) VALUES (81, 'race', '1979-08-02', 1);
INSERT INTO departamento (dep_id, dep_nombre, dep_creacion, dep_estado) VALUES (82, 'month', '1996-11-08', 0);
INSERT INTO departamento (dep_id, dep_nombre, dep_creacion, dep_estado) VALUES (83, 'eye', '2016-10-03', 0);
INSERT INTO departamento (dep_id, dep_nombre, dep_creacion, dep_estado) VALUES (84, 'by', '1992-04-06', 0);
INSERT INTO departamento (dep_id, dep_nombre, dep_creacion, dep_estado) VALUES (85, 'rich', '1990-09-27', 1);
INSERT INTO departamento (dep_id, dep_nombre, dep_creacion, dep_estado) VALUES (86, 'scientist', '1973-04-16', 0);
INSERT INTO departamento (dep_id, dep_nombre, dep_creacion, dep_estado) VALUES (87, 'watch', '2004-04-22', 0);
INSERT INTO departamento (dep_id, dep_nombre, dep_creacion, dep_estado) VALUES (88, 'rule', '2007-01-29', 0);
INSERT INTO departamento (dep_id, dep_nombre, dep_creacion, dep_estado) VALUES (89, 'detail', '1995-11-19', 0);
INSERT INTO departamento (dep_id, dep_nombre, dep_creacion, dep_estado) VALUES (90, 'will', '1995-04-14', 0);
INSERT INTO departamento (dep_id, dep_nombre, dep_creacion, dep_estado) VALUES (91, 'single', '2023-02-28', 1);
INSERT INTO departamento (dep_id, dep_nombre, dep_creacion, dep_estado) VALUES (92, 'condition', '1981-10-31', 1);
INSERT INTO departamento (dep_id, dep_nombre, dep_creacion, dep_estado) VALUES (93, 'require', '2001-04-05', 0);
INSERT INTO departamento (dep_id, dep_nombre, dep_creacion, dep_estado) VALUES (94, 'win', '2019-02-24', 1);
INSERT INTO departamento (dep_id, dep_nombre, dep_creacion, dep_estado) VALUES (95, 'including', '1991-03-30', 0);
INSERT INTO departamento (dep_id, dep_nombre, dep_creacion, dep_estado) VALUES (96, 'board', '2011-02-20', 1);
INSERT INTO departamento (dep_id, dep_nombre, dep_creacion, dep_estado) VALUES (97, 'today', '2002-08-19', 1);
INSERT INTO departamento (dep_id, dep_nombre, dep_creacion, dep_estado) VALUES (98, 'man', '2020-12-27', 1);
INSERT INTO departamento (dep_id, dep_nombre, dep_creacion, dep_estado) VALUES (99, 'building', '2006-09-07', 1);
INSERT INTO departamento (dep_id, dep_nombre, dep_creacion, dep_estado) VALUES (100, 'room', '1981-06-14', 1);


INSERT INTO servicio (ser_id, ser_nombre, ser_descripcion, ser_precio, ser_creacion, ser_estado) VALUES (1, 'pass', 'service', 47.06, '2000-11-22', 0);
INSERT INTO servicio (ser_id, ser_nombre, ser_descripcion, ser_precio, ser_creacion, ser_estado) VALUES (2, 'can', 'benefit', 51.9, '1998-01-05', 1);
INSERT INTO servicio (ser_id, ser_nombre, ser_descripcion, ser_precio, ser_creacion, ser_estado) VALUES (3, 'theory', 'person', 83.71, '2015-11-19', 0);
INSERT INTO servicio (ser_id, ser_nombre, ser_descripcion, ser_precio, ser_creacion, ser_estado) VALUES (4, 'sort', 'shoulder', 49.32, '1974-07-24', 1);
INSERT INTO servicio (ser_id, ser_nombre, ser_descripcion, ser_precio, ser_creacion, ser_estado) VALUES (5, 'realize', 'people', 6.52, '1974-04-19', 1);
INSERT INTO servicio (ser_id, ser_nombre, ser_descripcion, ser_precio, ser_creacion, ser_estado) VALUES (6, 'great', 'choose', 17.88, '2007-02-11', 1);
INSERT INTO servicio (ser_id, ser_nombre, ser_descripcion, ser_precio, ser_creacion, ser_estado) VALUES (7, 'official', 'in', 55.77, '2010-06-04', 1);
INSERT INTO servicio (ser_id, ser_nombre, ser_descripcion, ser_precio, ser_creacion, ser_estado) VALUES (8, 'certain', 'suffer', 22.68, '2007-05-08', 0);
INSERT INTO servicio (ser_id, ser_nombre, ser_descripcion, ser_precio, ser_creacion, ser_estado) VALUES (9, 'push', 'structure', 30.93, '2013-01-25', 0);
INSERT INTO servicio (ser_id, ser_nombre, ser_descripcion, ser_precio, ser_creacion, ser_estado) VALUES (10, 'major', 'look', 11.48, '1974-10-11', 0);
INSERT INTO servicio (ser_id, ser_nombre, ser_descripcion, ser_precio, ser_creacion, ser_estado) VALUES (11, 'top', 'feeling', 42.38, '1994-09-21', 0);
INSERT INTO servicio (ser_id, ser_nombre, ser_descripcion, ser_precio, ser_creacion, ser_estado) VALUES (12, 'carry', 'far', 60.39, '1985-08-16', 0);
INSERT INTO servicio (ser_id, ser_nombre, ser_descripcion, ser_precio, ser_creacion, ser_estado) VALUES (13, 'work', 'indicate', 28.62, '1977-10-18', 1);
INSERT INTO servicio (ser_id, ser_nombre, ser_descripcion, ser_precio, ser_creacion, ser_estado) VALUES (14, 'travel', 'Congress', 88.45, '2022-10-23', 1);
INSERT INTO servicio (ser_id, ser_nombre, ser_descripcion, ser_precio, ser_creacion, ser_estado) VALUES (15, 'official', 'their', 98.79, '1970-02-05', 0);
INSERT INTO servicio (ser_id, ser_nombre, ser_descripcion, ser_precio, ser_creacion, ser_estado) VALUES (16, 'parent', 'red', 88.02, '1995-11-15', 1);
INSERT INTO servicio (ser_id, ser_nombre, ser_descripcion, ser_precio, ser_creacion, ser_estado) VALUES (17, 'production', 'yet', 20.45, '1995-09-08', 1);
INSERT INTO servicio (ser_id, ser_nombre, ser_descripcion, ser_precio, ser_creacion, ser_estado) VALUES (18, 'real', 'realize', 64.0, '2016-06-01', 1);
INSERT INTO servicio (ser_id, ser_nombre, ser_descripcion, ser_precio, ser_creacion, ser_estado) VALUES (19, 'bill', 'better', 84.03, '1970-12-07', 0);
INSERT INTO servicio (ser_id, ser_nombre, ser_descripcion, ser_precio, ser_creacion, ser_estado) VALUES (20, 'building', 'six', 64.01, '1996-12-08', 0);
INSERT INTO servicio (ser_id, ser_nombre, ser_descripcion, ser_precio, ser_creacion, ser_estado) VALUES (21, 'who', 'same', 53.28, '1976-02-14', 1);
INSERT INTO servicio (ser_id, ser_nombre, ser_descripcion, ser_precio, ser_creacion, ser_estado) VALUES (22, 'pretty', 'data', 81.13, '1974-08-14', 0);
INSERT INTO servicio (ser_id, ser_nombre, ser_descripcion, ser_precio, ser_creacion, ser_estado) VALUES (23, 'movement', 'agreement', 89.02, '2016-08-12', 0);
INSERT INTO servicio (ser_id, ser_nombre, ser_descripcion, ser_precio, ser_creacion, ser_estado) VALUES (24, 'beat', 'hand', 71.72, '1987-06-11', 0);
INSERT INTO servicio (ser_id, ser_nombre, ser_descripcion, ser_precio, ser_creacion, ser_estado) VALUES (25, 'moment', 'per', 39.96, '2007-04-29', 1);
INSERT INTO servicio (ser_id, ser_nombre, ser_descripcion, ser_precio, ser_creacion, ser_estado) VALUES (26, 'game', 'call', 30.63, '2003-07-22', 0);
INSERT INTO servicio (ser_id, ser_nombre, ser_descripcion, ser_precio, ser_creacion, ser_estado) VALUES (27, 'know', 'produce', 10.44, '2020-04-19', 0);
INSERT INTO servicio (ser_id, ser_nombre, ser_descripcion, ser_precio, ser_creacion, ser_estado) VALUES (28, 'off', 'environmental', 62.17, '1998-09-04', 1);
INSERT INTO servicio (ser_id, ser_nombre, ser_descripcion, ser_precio, ser_creacion, ser_estado) VALUES (29, 'write', 'teacher', 76.45, '1976-02-06', 1);
INSERT INTO servicio (ser_id, ser_nombre, ser_descripcion, ser_precio, ser_creacion, ser_estado) VALUES (30, 'manager', 'perhaps', 33.04, '2016-04-06', 0);
INSERT INTO servicio (ser_id, ser_nombre, ser_descripcion, ser_precio, ser_creacion, ser_estado) VALUES (31, 'himself', 'country', 37.86, '1972-10-28', 1);
INSERT INTO servicio (ser_id, ser_nombre, ser_descripcion, ser_precio, ser_creacion, ser_estado) VALUES (32, 'realize', 'quite', 85.3, '1995-08-19', 0);
INSERT INTO servicio (ser_id, ser_nombre, ser_descripcion, ser_precio, ser_creacion, ser_estado) VALUES (33, 'ahead', 'speak', 11.28, '2001-10-08', 1);
INSERT INTO servicio (ser_id, ser_nombre, ser_descripcion, ser_precio, ser_creacion, ser_estado) VALUES (34, 'role', 'air', 83.75, '1979-02-17', 0);
INSERT INTO servicio (ser_id, ser_nombre, ser_descripcion, ser_precio, ser_creacion, ser_estado) VALUES (35, 'a', 'cost', 2.76, '2008-11-15', 1);
INSERT INTO servicio (ser_id, ser_nombre, ser_descripcion, ser_precio, ser_creacion, ser_estado) VALUES (36, 'environment', 'among', 96.02, '1975-09-02', 1);
INSERT INTO servicio (ser_id, ser_nombre, ser_descripcion, ser_precio, ser_creacion, ser_estado) VALUES (37, 'similar', 'prevent', 58.07, '2018-11-01', 1);
INSERT INTO servicio (ser_id, ser_nombre, ser_descripcion, ser_precio, ser_creacion, ser_estado) VALUES (38, 'position', 'million', 41.49, '1992-04-19', 0);
INSERT INTO servicio (ser_id, ser_nombre, ser_descripcion, ser_precio, ser_creacion, ser_estado) VALUES (39, 'type', 'knowledge', 35.92, '2018-08-28', 1);
INSERT INTO servicio (ser_id, ser_nombre, ser_descripcion, ser_precio, ser_creacion, ser_estado) VALUES (40, 'rock', 'book', 15.42, '2003-09-24', 0);
INSERT INTO servicio (ser_id, ser_nombre, ser_descripcion, ser_precio, ser_creacion, ser_estado) VALUES (41, 'beyond', 'cold', 12.61, '1986-08-08', 1);
INSERT INTO servicio (ser_id, ser_nombre, ser_descripcion, ser_precio, ser_creacion, ser_estado) VALUES (42, 'until', 'Congress', 13.25, '2014-03-29', 1);
INSERT INTO servicio (ser_id, ser_nombre, ser_descripcion, ser_precio, ser_creacion, ser_estado) VALUES (43, 'finish', 'manager', 33.98, '2018-03-22', 1);
INSERT INTO servicio (ser_id, ser_nombre, ser_descripcion, ser_precio, ser_creacion, ser_estado) VALUES (44, 'challenge', 'worker', 33.8, '1974-04-06', 0);
INSERT INTO servicio (ser_id, ser_nombre, ser_descripcion, ser_precio, ser_creacion, ser_estado) VALUES (45, 'money', 'message', 78.99, '1990-02-07', 0);
INSERT INTO servicio (ser_id, ser_nombre, ser_descripcion, ser_precio, ser_creacion, ser_estado) VALUES (46, 'give', 'eye', 13.14, '2004-01-28', 1);
INSERT INTO servicio (ser_id, ser_nombre, ser_descripcion, ser_precio, ser_creacion, ser_estado) VALUES (47, 'certainly', 'just', 5.7, '1991-06-09', 0);
INSERT INTO servicio (ser_id, ser_nombre, ser_descripcion, ser_precio, ser_creacion, ser_estado) VALUES (48, 'plant', 'industry', 59.93, '1977-12-24', 1);
INSERT INTO servicio (ser_id, ser_nombre, ser_descripcion, ser_precio, ser_creacion, ser_estado) VALUES (49, 'against', 'claim', 60.4, '1975-08-13', 1);
INSERT INTO servicio (ser_id, ser_nombre, ser_descripcion, ser_precio, ser_creacion, ser_estado) VALUES (50, 'collection', 'list', 91.76, '2021-08-09', 1);
INSERT INTO servicio (ser_id, ser_nombre, ser_descripcion, ser_precio, ser_creacion, ser_estado) VALUES (51, 'just', 'most', 26.45, '2001-04-03', 1);
INSERT INTO servicio (ser_id, ser_nombre, ser_descripcion, ser_precio, ser_creacion, ser_estado) VALUES (52, 'just', 'bank', 40.94, '1999-06-19', 1);
INSERT INTO servicio (ser_id, ser_nombre, ser_descripcion, ser_precio, ser_creacion, ser_estado) VALUES (53, 'reflect', 'glass', 50.07, '2019-08-15', 1);
INSERT INTO servicio (ser_id, ser_nombre, ser_descripcion, ser_precio, ser_creacion, ser_estado) VALUES (54, 'song', 'significant', 32.46, '1979-10-05', 0);
INSERT INTO servicio (ser_id, ser_nombre, ser_descripcion, ser_precio, ser_creacion, ser_estado) VALUES (55, 'rich', 'provide', 52.64, '2014-08-12', 0);
INSERT INTO servicio (ser_id, ser_nombre, ser_descripcion, ser_precio, ser_creacion, ser_estado) VALUES (56, 'watch', 'science', 78.42, '1995-03-27', 0);
INSERT INTO servicio (ser_id, ser_nombre, ser_descripcion, ser_precio, ser_creacion, ser_estado) VALUES (57, 'southern', 'man', 48.74, '1986-02-20', 1);
INSERT INTO servicio (ser_id, ser_nombre, ser_descripcion, ser_precio, ser_creacion, ser_estado) VALUES (58, 'office', 'eight', 8.62, '2018-09-18', 1);
INSERT INTO servicio (ser_id, ser_nombre, ser_descripcion, ser_precio, ser_creacion, ser_estado) VALUES (59, 'late', 'war', 37.68, '1982-06-17', 0);
INSERT INTO servicio (ser_id, ser_nombre, ser_descripcion, ser_precio, ser_creacion, ser_estado) VALUES (60, 'wish', 'other', 1.47, '1995-06-18', 0);
INSERT INTO servicio (ser_id, ser_nombre, ser_descripcion, ser_precio, ser_creacion, ser_estado) VALUES (61, 'must', 'factor', 71.47, '1974-12-06', 0);
INSERT INTO servicio (ser_id, ser_nombre, ser_descripcion, ser_precio, ser_creacion, ser_estado) VALUES (62, 'Congress', 'spring', 62.38, '1990-12-14', 0);
INSERT INTO servicio (ser_id, ser_nombre, ser_descripcion, ser_precio, ser_creacion, ser_estado) VALUES (63, 'participant', 'talk', 48.54, '2020-07-08', 1);
INSERT INTO servicio (ser_id, ser_nombre, ser_descripcion, ser_precio, ser_creacion, ser_estado) VALUES (64, 'sort', 'score', 65.49, '2003-10-30', 1);
INSERT INTO servicio (ser_id, ser_nombre, ser_descripcion, ser_precio, ser_creacion, ser_estado) VALUES (65, 'fund', 'knowledge', 68.36, '2007-11-29', 1);
INSERT INTO servicio (ser_id, ser_nombre, ser_descripcion, ser_precio, ser_creacion, ser_estado) VALUES (66, 'kid', 'what', 66.31, '2014-06-13', 1);
INSERT INTO servicio (ser_id, ser_nombre, ser_descripcion, ser_precio, ser_creacion, ser_estado) VALUES (67, 'ask', 'deal', 16.46, '2008-03-04', 1);
INSERT INTO servicio (ser_id, ser_nombre, ser_descripcion, ser_precio, ser_creacion, ser_estado) VALUES (68, 'provide', 'on', 57.96, '1979-09-29', 1);
INSERT INTO servicio (ser_id, ser_nombre, ser_descripcion, ser_precio, ser_creacion, ser_estado) VALUES (69, 'reduce', 'position', 59.35, '2021-08-18', 0);
INSERT INTO servicio (ser_id, ser_nombre, ser_descripcion, ser_precio, ser_creacion, ser_estado) VALUES (70, 'wait', 'range', 18.33, '1991-07-12', 1);
INSERT INTO servicio (ser_id, ser_nombre, ser_descripcion, ser_precio, ser_creacion, ser_estado) VALUES (71, 'knowledge', 'trouble', 1.31, '2020-07-11', 1);
INSERT INTO servicio (ser_id, ser_nombre, ser_descripcion, ser_precio, ser_creacion, ser_estado) VALUES (72, 'account', 'leg', 28.63, '1990-06-21', 0);
INSERT INTO servicio (ser_id, ser_nombre, ser_descripcion, ser_precio, ser_creacion, ser_estado) VALUES (73, 'within', 'second', 28.14, '2000-04-25', 0);
INSERT INTO servicio (ser_id, ser_nombre, ser_descripcion, ser_precio, ser_creacion, ser_estado) VALUES (74, 'respond', 'any', 27.35, '1982-01-24', 1);
INSERT INTO servicio (ser_id, ser_nombre, ser_descripcion, ser_precio, ser_creacion, ser_estado) VALUES (75, 'forward', 'condition', 77.57, '1974-03-24', 0);
INSERT INTO servicio (ser_id, ser_nombre, ser_descripcion, ser_precio, ser_creacion, ser_estado) VALUES (76, 'area', 'in', 45.84, '2001-03-25', 1);
INSERT INTO servicio (ser_id, ser_nombre, ser_descripcion, ser_precio, ser_creacion, ser_estado) VALUES (77, 'this', 'best', 90.42, '1998-06-27', 1);
INSERT INTO servicio (ser_id, ser_nombre, ser_descripcion, ser_precio, ser_creacion, ser_estado) VALUES (78, 'often', 'against', 14.26, '1989-02-08', 1);
INSERT INTO servicio (ser_id, ser_nombre, ser_descripcion, ser_precio, ser_creacion, ser_estado) VALUES (79, 'activity', 'success', 62.39, '1999-12-01', 1);
INSERT INTO servicio (ser_id, ser_nombre, ser_descripcion, ser_precio, ser_creacion, ser_estado) VALUES (80, 'nature', 'exactly', 95.59, '1995-11-20', 0);
INSERT INTO servicio (ser_id, ser_nombre, ser_descripcion, ser_precio, ser_creacion, ser_estado) VALUES (81, 'feel', 'he', 51.94, '2004-05-12', 0);
INSERT INTO servicio (ser_id, ser_nombre, ser_descripcion, ser_precio, ser_creacion, ser_estado) VALUES (82, 'far', 'official', 50.12, '2023-12-19', 1);
INSERT INTO servicio (ser_id, ser_nombre, ser_descripcion, ser_precio, ser_creacion, ser_estado) VALUES (83, 'mind', 'provide', 12.79, '1994-06-10', 0);
INSERT INTO servicio (ser_id, ser_nombre, ser_descripcion, ser_precio, ser_creacion, ser_estado) VALUES (84, 'home', 'least', 68.55, '1993-06-24', 0);
INSERT INTO servicio (ser_id, ser_nombre, ser_descripcion, ser_precio, ser_creacion, ser_estado) VALUES (85, 'recently', 'avoid', 70.31, '1982-02-12', 1);
INSERT INTO servicio (ser_id, ser_nombre, ser_descripcion, ser_precio, ser_creacion, ser_estado) VALUES (86, 'similar', 'may', 23.19, '1991-07-16', 1);
INSERT INTO servicio (ser_id, ser_nombre, ser_descripcion, ser_precio, ser_creacion, ser_estado) VALUES (87, 'day', 'three', 74.19, '1991-08-01', 0);
INSERT INTO servicio (ser_id, ser_nombre, ser_descripcion, ser_precio, ser_creacion, ser_estado) VALUES (88, 'cell', 'player', 56.47, '2019-08-25', 1);
INSERT INTO servicio (ser_id, ser_nombre, ser_descripcion, ser_precio, ser_creacion, ser_estado) VALUES (89, 'brother', 'rule', 32.6, '2021-10-31', 0);
INSERT INTO servicio (ser_id, ser_nombre, ser_descripcion, ser_precio, ser_creacion, ser_estado) VALUES (90, 'probably', 'home', 82.92, '1994-11-09', 1);
INSERT INTO servicio (ser_id, ser_nombre, ser_descripcion, ser_precio, ser_creacion, ser_estado) VALUES (91, 'teacher', 'something', 97.58, '1970-03-14', 1);
INSERT INTO servicio (ser_id, ser_nombre, ser_descripcion, ser_precio, ser_creacion, ser_estado) VALUES (92, 'tree', 'cover', 5.33, '2024-05-15', 0);
INSERT INTO servicio (ser_id, ser_nombre, ser_descripcion, ser_precio, ser_creacion, ser_estado) VALUES (93, 'one', 'fight', 25.94, '2011-07-15', 1);
INSERT INTO servicio (ser_id, ser_nombre, ser_descripcion, ser_precio, ser_creacion, ser_estado) VALUES (94, 'east', 'event', 31.93, '2003-06-23', 0);
INSERT INTO servicio (ser_id, ser_nombre, ser_descripcion, ser_precio, ser_creacion, ser_estado) VALUES (95, 'direction', 'idea', 41.55, '1998-01-19', 1);
INSERT INTO servicio (ser_id, ser_nombre, ser_descripcion, ser_precio, ser_creacion, ser_estado) VALUES (96, 'finally', 'cover', 14.64, '1992-04-14', 0);
INSERT INTO servicio (ser_id, ser_nombre, ser_descripcion, ser_precio, ser_creacion, ser_estado) VALUES (97, 'red', 'miss', 15.12, '2017-10-13', 1);
INSERT INTO servicio (ser_id, ser_nombre, ser_descripcion, ser_precio, ser_creacion, ser_estado) VALUES (98, 'game', 'reduce', 16.0, '2019-05-13', 1);
INSERT INTO servicio (ser_id, ser_nombre, ser_descripcion, ser_precio, ser_creacion, ser_estado) VALUES (99, 'office', 'building', 3.92, '2016-11-18', 1);
INSERT INTO servicio (ser_id, ser_nombre, ser_descripcion, ser_precio, ser_creacion, ser_estado) VALUES (100, 'call', 'claim', 87.23, '2022-11-16', 1);
INSERT INTO producto (pro_id, pro_nombre, pro_descripcion, pro_precio) VALUES (1, 'language', 'mother', 98.17);
INSERT INTO producto (pro_id, pro_nombre, pro_descripcion, pro_precio) VALUES (2, 'mean', 'herself', 57.38);
INSERT INTO producto (pro_id, pro_nombre, pro_descripcion, pro_precio) VALUES (3, 'choose', 'answer', 5.37);
INSERT INTO producto (pro_id, pro_nombre, pro_descripcion, pro_precio) VALUES (4, 'including', 'begin', 81.43);
INSERT INTO producto (pro_id, pro_nombre, pro_descripcion, pro_precio) VALUES (5, 'value', 'TV', 68.4);
INSERT INTO producto (pro_id, pro_nombre, pro_descripcion, pro_precio) VALUES (6, 'among', 'each', 75.27);
INSERT INTO producto (pro_id, pro_nombre, pro_descripcion, pro_precio) VALUES (7, 'wish', 'majority', 6.48);
INSERT INTO producto (pro_id, pro_nombre, pro_descripcion, pro_precio) VALUES (8, 'as', 'remain', 34.49);
INSERT INTO producto (pro_id, pro_nombre, pro_descripcion, pro_precio) VALUES (9, 'team', 'company', 37.68);
INSERT INTO producto (pro_id, pro_nombre, pro_descripcion, pro_precio) VALUES (10, 'design', 'how', 15.44);
INSERT INTO producto (pro_id, pro_nombre, pro_descripcion, pro_precio) VALUES (11, 'provide', 'might', 11.69);
INSERT INTO producto (pro_id, pro_nombre, pro_descripcion, pro_precio) VALUES (12, 'I', 'ten', 22.94);
INSERT INTO producto (pro_id, pro_nombre, pro_descripcion, pro_precio) VALUES (13, 'event', 'report', 5.88);
INSERT INTO producto (pro_id, pro_nombre, pro_descripcion, pro_precio) VALUES (14, 'place', 'however', 30.01);
INSERT INTO producto (pro_id, pro_nombre, pro_descripcion, pro_precio) VALUES (15, 'computer', 'station', 43.12);
INSERT INTO producto (pro_id, pro_nombre, pro_descripcion, pro_precio) VALUES (16, 'wear', 'land', 3.97);
INSERT INTO producto (pro_id, pro_nombre, pro_descripcion, pro_precio) VALUES (17, 'story', 'how', 54.83);
INSERT INTO producto (pro_id, pro_nombre, pro_descripcion, pro_precio) VALUES (18, 'race', 'various', 4.32);
INSERT INTO producto (pro_id, pro_nombre, pro_descripcion, pro_precio) VALUES (19, 'white', 'buy', 46.24);
INSERT INTO producto (pro_id, pro_nombre, pro_descripcion, pro_precio) VALUES (20, 'commercial', 'computer', 2.8);
INSERT INTO producto (pro_id, pro_nombre, pro_descripcion, pro_precio) VALUES (21, 'me', 'budget', 84.01);
INSERT INTO producto (pro_id, pro_nombre, pro_descripcion, pro_precio) VALUES (22, 'mention', 'result', 67.5);
INSERT INTO producto (pro_id, pro_nombre, pro_descripcion, pro_precio) VALUES (23, 'letter', 'yeah', 90.24);
INSERT INTO producto (pro_id, pro_nombre, pro_descripcion, pro_precio) VALUES (24, 'attention', 'per', 35.3);
INSERT INTO producto (pro_id, pro_nombre, pro_descripcion, pro_precio) VALUES (25, 'morning', 'lose', 54.48);
INSERT INTO producto (pro_id, pro_nombre, pro_descripcion, pro_precio) VALUES (26, 'church', 'any', 41.15);
INSERT INTO producto (pro_id, pro_nombre, pro_descripcion, pro_precio) VALUES (27, 'traditional', 'recent', 11.56);
INSERT INTO producto (pro_id, pro_nombre, pro_descripcion, pro_precio) VALUES (28, 'for', 'let', 84.77);
INSERT INTO producto (pro_id, pro_nombre, pro_descripcion, pro_precio) VALUES (29, 'senior', 'arm', 4.61);
INSERT INTO producto (pro_id, pro_nombre, pro_descripcion, pro_precio) VALUES (30, 'science', 'find', 69.21);
INSERT INTO producto (pro_id, pro_nombre, pro_descripcion, pro_precio) VALUES (31, 'director', 'push', 23.08);
INSERT INTO producto (pro_id, pro_nombre, pro_descripcion, pro_precio) VALUES (32, 'recently', 'war', 16.0);
INSERT INTO producto (pro_id, pro_nombre, pro_descripcion, pro_precio) VALUES (33, 'just', 'special', 1.6);
INSERT INTO producto (pro_id, pro_nombre, pro_descripcion, pro_precio) VALUES (34, 'certain', 'behavior', 17.14);
INSERT INTO producto (pro_id, pro_nombre, pro_descripcion, pro_precio) VALUES (35, 'talk', 'very', 65.16);
INSERT INTO producto (pro_id, pro_nombre, pro_descripcion, pro_precio) VALUES (36, 'instead', 'dinner', 55.01);
INSERT INTO producto (pro_id, pro_nombre, pro_descripcion, pro_precio) VALUES (37, 'determine', 'send', 63.11);
INSERT INTO producto (pro_id, pro_nombre, pro_descripcion, pro_precio) VALUES (38, 'director', 'experience', 24.39);
INSERT INTO producto (pro_id, pro_nombre, pro_descripcion, pro_precio) VALUES (39, 'third', 'include', 13.7);
INSERT INTO producto (pro_id, pro_nombre, pro_descripcion, pro_precio) VALUES (40, 'area', 'trip', 97.02);
INSERT INTO producto (pro_id, pro_nombre, pro_descripcion, pro_precio) VALUES (41, 'nothing', 'bit', 48.62);
INSERT INTO producto (pro_id, pro_nombre, pro_descripcion, pro_precio) VALUES (42, 'let', 'talk', 20.16);
INSERT INTO producto (pro_id, pro_nombre, pro_descripcion, pro_precio) VALUES (43, 'reflect', 'with', 61.11);
INSERT INTO producto (pro_id, pro_nombre, pro_descripcion, pro_precio) VALUES (44, 'into', 'station', 16.54);
INSERT INTO producto (pro_id, pro_nombre, pro_descripcion, pro_precio) VALUES (45, 'capital', 'beyond', 50.5);
INSERT INTO producto (pro_id, pro_nombre, pro_descripcion, pro_precio) VALUES (46, 'by', 'likely', 28.46);
INSERT INTO producto (pro_id, pro_nombre, pro_descripcion, pro_precio) VALUES (47, 'again', 'decision', 78.3);
INSERT INTO producto (pro_id, pro_nombre, pro_descripcion, pro_precio) VALUES (48, 'body', 'everybody', 57.11);
INSERT INTO producto (pro_id, pro_nombre, pro_descripcion, pro_precio) VALUES (49, 'collection', 'way', 66.62);
INSERT INTO producto (pro_id, pro_nombre, pro_descripcion, pro_precio) VALUES (50, 'business', 'save', 9.99);
INSERT INTO producto (pro_id, pro_nombre, pro_descripcion, pro_precio) VALUES (51, 'he', 'cut', 16.25);
INSERT INTO producto (pro_id, pro_nombre, pro_descripcion, pro_precio) VALUES (52, 'nation', 'south', 27.55);
INSERT INTO producto (pro_id, pro_nombre, pro_descripcion, pro_precio) VALUES (53, 'child', 'sign', 70.72);
INSERT INTO producto (pro_id, pro_nombre, pro_descripcion, pro_precio) VALUES (54, 'trip', 'spring', 57.32);
INSERT INTO producto (pro_id, pro_nombre, pro_descripcion, pro_precio) VALUES (55, 'sister', 'work', 52.56);
INSERT INTO producto (pro_id, pro_nombre, pro_descripcion, pro_precio) VALUES (56, 'pattern', 'answer', 80.95);
INSERT INTO producto (pro_id, pro_nombre, pro_descripcion, pro_precio) VALUES (57, 'herself', 'seven', 91.34);
INSERT INTO producto (pro_id, pro_nombre, pro_descripcion, pro_precio) VALUES (58, 'news', 'debate', 51.44);
INSERT INTO producto (pro_id, pro_nombre, pro_descripcion, pro_precio) VALUES (59, 'institution', 'health', 84.7);
INSERT INTO producto (pro_id, pro_nombre, pro_descripcion, pro_precio) VALUES (60, 'scene', 'organization', 11.81);
INSERT INTO producto (pro_id, pro_nombre, pro_descripcion, pro_precio) VALUES (61, 'help', 'option', 52.7);
INSERT INTO producto (pro_id, pro_nombre, pro_descripcion, pro_precio) VALUES (62, 'happen', 'speak', 17.92);
INSERT INTO producto (pro_id, pro_nombre, pro_descripcion, pro_precio) VALUES (63, 'certain', 'church', 59.21);
INSERT INTO producto (pro_id, pro_nombre, pro_descripcion, pro_precio) VALUES (64, 'vote', 'could', 6.87);
INSERT INTO producto (pro_id, pro_nombre, pro_descripcion, pro_precio) VALUES (65, 'list', 'that', 36.1);
INSERT INTO producto (pro_id, pro_nombre, pro_descripcion, pro_precio) VALUES (66, 'month', 'itself', 25.09);
INSERT INTO producto (pro_id, pro_nombre, pro_descripcion, pro_precio) VALUES (67, 'leader', 'medical', 14.63);
INSERT INTO producto (pro_id, pro_nombre, pro_descripcion, pro_precio) VALUES (68, 'single', 'trip', 43.88);
INSERT INTO producto (pro_id, pro_nombre, pro_descripcion, pro_precio) VALUES (69, 'ago', 'type', 57.32);
INSERT INTO producto (pro_id, pro_nombre, pro_descripcion, pro_precio) VALUES (70, 'almost', 'police', 18.63);
INSERT INTO producto (pro_id, pro_nombre, pro_descripcion, pro_precio) VALUES (71, 'memory', 'guess', 75.5);
INSERT INTO producto (pro_id, pro_nombre, pro_descripcion, pro_precio) VALUES (72, 'allow', 'somebody', 15.39);
INSERT INTO producto (pro_id, pro_nombre, pro_descripcion, pro_precio) VALUES (73, 'loss', 'take', 5.11);
INSERT INTO producto (pro_id, pro_nombre, pro_descripcion, pro_precio) VALUES (74, 'skill', 'site', 66.66);
INSERT INTO producto (pro_id, pro_nombre, pro_descripcion, pro_precio) VALUES (75, 'community', 'member', 40.64);
INSERT INTO producto (pro_id, pro_nombre, pro_descripcion, pro_precio) VALUES (76, 'source', 'inside', 36.05);
INSERT INTO producto (pro_id, pro_nombre, pro_descripcion, pro_precio) VALUES (77, 'blue', 'everyone', 85.64);
INSERT INTO producto (pro_id, pro_nombre, pro_descripcion, pro_precio) VALUES (78, 'collection', 'woman', 11.89);
INSERT INTO producto (pro_id, pro_nombre, pro_descripcion, pro_precio) VALUES (79, 'again', 'finally', 14.61);
INSERT INTO producto (pro_id, pro_nombre, pro_descripcion, pro_precio) VALUES (80, 'assume', 'authority', 67.57);
INSERT INTO producto (pro_id, pro_nombre, pro_descripcion, pro_precio) VALUES (81, 'prove', 'body', 59.71);
INSERT INTO producto (pro_id, pro_nombre, pro_descripcion, pro_precio) VALUES (82, 'spend', 'follow', 16.15);
INSERT INTO producto (pro_id, pro_nombre, pro_descripcion, pro_precio) VALUES (83, 'sport', 'down', 43.72);
INSERT INTO producto (pro_id, pro_nombre, pro_descripcion, pro_precio) VALUES (84, 'such', 'look', 71.43);
INSERT INTO producto (pro_id, pro_nombre, pro_descripcion, pro_precio) VALUES (85, 'we', 'situation', 32.06);
INSERT INTO producto (pro_id, pro_nombre, pro_descripcion, pro_precio) VALUES (86, 'address', 'ground', 63.43);
INSERT INTO producto (pro_id, pro_nombre, pro_descripcion, pro_precio) VALUES (87, 'husband', 'beyond', 29.6);
INSERT INTO producto (pro_id, pro_nombre, pro_descripcion, pro_precio) VALUES (88, 'most', 'want', 37.48);
INSERT INTO producto (pro_id, pro_nombre, pro_descripcion, pro_precio) VALUES (89, 'education', 'position', 97.84);
INSERT INTO producto (pro_id, pro_nombre, pro_descripcion, pro_precio) VALUES (90, 'be', 'middle', 53.71);
INSERT INTO producto (pro_id, pro_nombre, pro_descripcion, pro_precio) VALUES (91, 'lot', 'fish', 48.15);
INSERT INTO producto (pro_id, pro_nombre, pro_descripcion, pro_precio) VALUES (92, 'field', 'reveal', 82.29);
INSERT INTO producto (pro_id, pro_nombre, pro_descripcion, pro_precio) VALUES (93, 'matter', 'product', 54.46);
INSERT INTO producto (pro_id, pro_nombre, pro_descripcion, pro_precio) VALUES (94, 'near', 'mean', 72.96);
INSERT INTO producto (pro_id, pro_nombre, pro_descripcion, pro_precio) VALUES (95, 'mother', 'hotel', 36.43);
INSERT INTO producto (pro_id, pro_nombre, pro_descripcion, pro_precio) VALUES (96, 'easy', 'wide', 99.65);
INSERT INTO producto (pro_id, pro_nombre, pro_descripcion, pro_precio) VALUES (97, 'young', 'owner', 54.66);
INSERT INTO producto (pro_id, pro_nombre, pro_descripcion, pro_precio) VALUES (98, 'close', 'minute', 91.03);
INSERT INTO producto (pro_id, pro_nombre, pro_descripcion, pro_precio) VALUES (99, 'partner', 'during', 23.82);
INSERT INTO producto (pro_id, pro_nombre, pro_descripcion, pro_precio) VALUES (100, 'almost', 'child', 39.81);
INSERT INTO sucursal (suc_id, suc_nombre, suc_direccion, suc_estado, suc_creacion) VALUES (1, 'possible', 'safe', 1, '2015-10-30');
INSERT INTO sucursal (suc_id, suc_nombre, suc_direccion, suc_estado, suc_creacion) VALUES (2, 'physical', 'effort', 0, '2009-05-05');
INSERT INTO sucursal (suc_id, suc_nombre, suc_direccion, suc_estado, suc_creacion) VALUES (3, 'despite', 'administration', 1, '1994-07-03');
INSERT INTO sucursal (suc_id, suc_nombre, suc_direccion, suc_estado, suc_creacion) VALUES (4, 'daughter', 'why', 0, '1984-09-10');
INSERT INTO sucursal (suc_id, suc_nombre, suc_direccion, suc_estado, suc_creacion) VALUES (5, 'shoulder', 'leg', 1, '2004-08-31');
INSERT INTO sucursal (suc_id, suc_nombre, suc_direccion, suc_estado, suc_creacion) VALUES (6, 'million', 'article', 1, '1987-09-26');
INSERT INTO sucursal (suc_id, suc_nombre, suc_direccion, suc_estado, suc_creacion) VALUES (7, 'bank', 'natural', 0, '2012-06-14');
INSERT INTO sucursal (suc_id, suc_nombre, suc_direccion, suc_estado, suc_creacion) VALUES (8, 'size', 'through', 1, '1971-02-02');
INSERT INTO sucursal (suc_id, suc_nombre, suc_direccion, suc_estado, suc_creacion) VALUES (9, 'strategy', 'money', 1, '2015-02-15');
INSERT INTO sucursal (suc_id, suc_nombre, suc_direccion, suc_estado, suc_creacion) VALUES (10, 'career', 'watch', 0, '2021-11-26');
INSERT INTO sucursal (suc_id, suc_nombre, suc_direccion, suc_estado, suc_creacion) VALUES (11, 'step', 'toward', 1, '2020-01-15');
INSERT INTO sucursal (suc_id, suc_nombre, suc_direccion, suc_estado, suc_creacion) VALUES (12, 'change', 'eye', 1, '1989-09-01');
INSERT INTO sucursal (suc_id, suc_nombre, suc_direccion, suc_estado, suc_creacion) VALUES (13, 'catch', 'chair', 0, '2009-02-13');
INSERT INTO sucursal (suc_id, suc_nombre, suc_direccion, suc_estado, suc_creacion) VALUES (14, 'agent', 'national', 1, '1988-02-21');
INSERT INTO sucursal (suc_id, suc_nombre, suc_direccion, suc_estado, suc_creacion) VALUES (15, 'mission', 'better', 1, '2017-07-11');
INSERT INTO sucursal (suc_id, suc_nombre, suc_direccion, suc_estado, suc_creacion) VALUES (16, 'live', 'onto', 0, '2014-10-26');
INSERT INTO sucursal (suc_id, suc_nombre, suc_direccion, suc_estado, suc_creacion) VALUES (17, 'career', 'artist', 1, '2010-11-05');
INSERT INTO sucursal (suc_id, suc_nombre, suc_direccion, suc_estado, suc_creacion) VALUES (18, 'address', 'culture', 1, '2005-08-23');
INSERT INTO sucursal (suc_id, suc_nombre, suc_direccion, suc_estado, suc_creacion) VALUES (19, 'believe', 'focus', 1, '2016-09-06');
INSERT INTO sucursal (suc_id, suc_nombre, suc_direccion, suc_estado, suc_creacion) VALUES (20, 'star', 'imagine', 0, '2004-04-05');
INSERT INTO sucursal (suc_id, suc_nombre, suc_direccion, suc_estado, suc_creacion) VALUES (21, 'people', 'view', 0, '2020-04-20');
INSERT INTO sucursal (suc_id, suc_nombre, suc_direccion, suc_estado, suc_creacion) VALUES (22, 'represent', 'discover', 0, '2007-01-13');
INSERT INTO sucursal (suc_id, suc_nombre, suc_direccion, suc_estado, suc_creacion) VALUES (23, 'market', 'set', 1, '2007-07-10');
INSERT INTO sucursal (suc_id, suc_nombre, suc_direccion, suc_estado, suc_creacion) VALUES (24, 'president', 'become', 1, '2013-10-13');
INSERT INTO sucursal (suc_id, suc_nombre, suc_direccion, suc_estado, suc_creacion) VALUES (25, 'worker', 'sound', 0, '1977-12-31');
INSERT INTO sucursal (suc_id, suc_nombre, suc_direccion, suc_estado, suc_creacion) VALUES (26, 'throw', 'race', 0, '1979-11-29');
INSERT INTO sucursal (suc_id, suc_nombre, suc_direccion, suc_estado, suc_creacion) VALUES (27, 'collection', 'something', 0, '1986-11-16');
INSERT INTO sucursal (suc_id, suc_nombre, suc_direccion, suc_estado, suc_creacion) VALUES (28, 'probably', 'ground', 1, '2003-09-07');
INSERT INTO sucursal (suc_id, suc_nombre, suc_direccion, suc_estado, suc_creacion) VALUES (29, 'under', 'professor', 0, '1994-08-20');
INSERT INTO sucursal (suc_id, suc_nombre, suc_direccion, suc_estado, suc_creacion) VALUES (30, 'pick', 'somebody', 0, '1971-06-23');
INSERT INTO sucursal (suc_id, suc_nombre, suc_direccion, suc_estado, suc_creacion) VALUES (31, 'similar', 'agree', 0, '1984-01-17');
INSERT INTO sucursal (suc_id, suc_nombre, suc_direccion, suc_estado, suc_creacion) VALUES (32, 'address', 'clear', 0, '2019-12-05');
INSERT INTO sucursal (suc_id, suc_nombre, suc_direccion, suc_estado, suc_creacion) VALUES (33, 'reason', 'early', 1, '1979-01-14');
INSERT INTO sucursal (suc_id, suc_nombre, suc_direccion, suc_estado, suc_creacion) VALUES (34, 'black', 'southern', 0, '2013-03-14');
INSERT INTO sucursal (suc_id, suc_nombre, suc_direccion, suc_estado, suc_creacion) VALUES (35, 'exactly', 'buy', 0, '2021-08-04');
INSERT INTO sucursal (suc_id, suc_nombre, suc_direccion, suc_estado, suc_creacion) VALUES (36, 'bag', 'yes', 0, '2018-07-08');
INSERT INTO sucursal (suc_id, suc_nombre, suc_direccion, suc_estado, suc_creacion) VALUES (37, 'control', 'drop', 0, '1974-03-25');
INSERT INTO sucursal (suc_id, suc_nombre, suc_direccion, suc_estado, suc_creacion) VALUES (38, 'defense', 'side', 0, '1987-04-10');
INSERT INTO sucursal (suc_id, suc_nombre, suc_direccion, suc_estado, suc_creacion) VALUES (39, 'free', 'teacher', 1, '1993-11-26');
INSERT INTO sucursal (suc_id, suc_nombre, suc_direccion, suc_estado, suc_creacion) VALUES (40, 'none', 'former', 1, '1997-02-19');
INSERT INTO sucursal (suc_id, suc_nombre, suc_direccion, suc_estado, suc_creacion) VALUES (41, 'assume', 'cost', 0, '1973-10-20');
INSERT INTO sucursal (suc_id, suc_nombre, suc_direccion, suc_estado, suc_creacion) VALUES (42, 'class', 'least', 0, '1970-12-14');
INSERT INTO sucursal (suc_id, suc_nombre, suc_direccion, suc_estado, suc_creacion) VALUES (43, 'quality', 'maybe', 0, '2022-10-22');
INSERT INTO sucursal (suc_id, suc_nombre, suc_direccion, suc_estado, suc_creacion) VALUES (44, 'a', 'foreign', 1, '1998-07-08');
INSERT INTO sucursal (suc_id, suc_nombre, suc_direccion, suc_estado, suc_creacion) VALUES (45, 'understand', 'special', 1, '2021-04-17');
INSERT INTO sucursal (suc_id, suc_nombre, suc_direccion, suc_estado, suc_creacion) VALUES (46, 'child', 'production', 0, '1979-03-12');
INSERT INTO sucursal (suc_id, suc_nombre, suc_direccion, suc_estado, suc_creacion) VALUES (47, 'air', 'suggest', 0, '1973-08-23');
INSERT INTO sucursal (suc_id, suc_nombre, suc_direccion, suc_estado, suc_creacion) VALUES (48, 'night', 'way', 0, '2015-08-02');
INSERT INTO sucursal (suc_id, suc_nombre, suc_direccion, suc_estado, suc_creacion) VALUES (49, 'rate', 'condition', 1, '1976-11-02');
INSERT INTO sucursal (suc_id, suc_nombre, suc_direccion, suc_estado, suc_creacion) VALUES (50, 'sense', 'give', 1, '1979-05-17');
INSERT INTO sucursal (suc_id, suc_nombre, suc_direccion, suc_estado, suc_creacion) VALUES (51, 'ten', 'own', 0, '1975-11-22');
INSERT INTO sucursal (suc_id, suc_nombre, suc_direccion, suc_estado, suc_creacion) VALUES (52, 'enough', 'catch', 1, '2009-11-04');
INSERT INTO sucursal (suc_id, suc_nombre, suc_direccion, suc_estado, suc_creacion) VALUES (53, 'positive', 'century', 1, '2022-07-30');
INSERT INTO sucursal (suc_id, suc_nombre, suc_direccion, suc_estado, suc_creacion) VALUES (54, 'large', 'of', 1, '2022-12-21');
INSERT INTO sucursal (suc_id, suc_nombre, suc_direccion, suc_estado, suc_creacion) VALUES (55, 'land', 'others', 1, '1978-06-30');
INSERT INTO sucursal (suc_id, suc_nombre, suc_direccion, suc_estado, suc_creacion) VALUES (56, 'wonder', 'boy', 0, '2010-10-08');
INSERT INTO sucursal (suc_id, suc_nombre, suc_direccion, suc_estado, suc_creacion) VALUES (57, 'nor', 'lose', 0, '1971-06-12');
INSERT INTO sucursal (suc_id, suc_nombre, suc_direccion, suc_estado, suc_creacion) VALUES (58, 'keep', 'position', 1, '1996-08-02');
INSERT INTO sucursal (suc_id, suc_nombre, suc_direccion, suc_estado, suc_creacion) VALUES (59, 'sea', 'if', 0, '1971-03-05');
INSERT INTO sucursal (suc_id, suc_nombre, suc_direccion, suc_estado, suc_creacion) VALUES (60, 'two', 'here', 0, '2011-01-06');
INSERT INTO sucursal (suc_id, suc_nombre, suc_direccion, suc_estado, suc_creacion) VALUES (61, 'trip', 'Mrs', 0, '1992-11-10');
INSERT INTO sucursal (suc_id, suc_nombre, suc_direccion, suc_estado, suc_creacion) VALUES (62, 'talk', 'audience', 1, '1978-11-09');
INSERT INTO sucursal (suc_id, suc_nombre, suc_direccion, suc_estado, suc_creacion) VALUES (63, 'PM', 'participant', 0, '1976-09-06');
INSERT INTO sucursal (suc_id, suc_nombre, suc_direccion, suc_estado, suc_creacion) VALUES (64, 'building', 'effort', 1, '1996-05-08');
INSERT INTO sucursal (suc_id, suc_nombre, suc_direccion, suc_estado, suc_creacion) VALUES (65, 'interview', 'themselves', 0, '1977-01-19');
INSERT INTO sucursal (suc_id, suc_nombre, suc_direccion, suc_estado, suc_creacion) VALUES (66, 'glass', 'song', 1, '2015-04-21');
INSERT INTO sucursal (suc_id, suc_nombre, suc_direccion, suc_estado, suc_creacion) VALUES (67, 'report', 'discover', 1, '1985-01-16');
INSERT INTO sucursal (suc_id, suc_nombre, suc_direccion, suc_estado, suc_creacion) VALUES (68, 'it', 'American', 0, '1993-03-20');
INSERT INTO sucursal (suc_id, suc_nombre, suc_direccion, suc_estado, suc_creacion) VALUES (69, 'police', 'style', 0, '2019-08-29');
INSERT INTO sucursal (suc_id, suc_nombre, suc_direccion, suc_estado, suc_creacion) VALUES (70, 'fall', 'data', 0, '1992-03-29');
INSERT INTO sucursal (suc_id, suc_nombre, suc_direccion, suc_estado, suc_creacion) VALUES (71, 'we', 'different', 1, '2017-06-02');
INSERT INTO sucursal (suc_id, suc_nombre, suc_direccion, suc_estado, suc_creacion) VALUES (72, 'gun', 'purpose', 1, '2005-11-23');
INSERT INTO sucursal (suc_id, suc_nombre, suc_direccion, suc_estado, suc_creacion) VALUES (73, 'view', 'seat', 1, '1986-04-21');
INSERT INTO sucursal (suc_id, suc_nombre, suc_direccion, suc_estado, suc_creacion) VALUES (74, 'really', 'now', 1, '1979-03-03');
INSERT INTO sucursal (suc_id, suc_nombre, suc_direccion, suc_estado, suc_creacion) VALUES (75, 'mean', 'red', 1, '2008-12-27');
INSERT INTO sucursal (suc_id, suc_nombre, suc_direccion, suc_estado, suc_creacion) VALUES (76, 'already', 'south', 0, '1981-03-10');
INSERT INTO sucursal (suc_id, suc_nombre, suc_direccion, suc_estado, suc_creacion) VALUES (77, 'call', 'ground', 0, '1970-03-18');
INSERT INTO sucursal (suc_id, suc_nombre, suc_direccion, suc_estado, suc_creacion) VALUES (78, 'gun', 'attack', 1, '1987-01-04');
INSERT INTO sucursal (suc_id, suc_nombre, suc_direccion, suc_estado, suc_creacion) VALUES (79, 'wide', 'worker', 1, '1992-02-16');
INSERT INTO sucursal (suc_id, suc_nombre, suc_direccion, suc_estado, suc_creacion) VALUES (80, 'owner', 'one', 0, '1977-01-24');
INSERT INTO sucursal (suc_id, suc_nombre, suc_direccion, suc_estado, suc_creacion) VALUES (81, 'though', 'officer', 1, '1974-01-25');
INSERT INTO sucursal (suc_id, suc_nombre, suc_direccion, suc_estado, suc_creacion) VALUES (82, 'dark', 'three', 1, '1979-11-20');
INSERT INTO sucursal (suc_id, suc_nombre, suc_direccion, suc_estado, suc_creacion) VALUES (83, 'north', 'accept', 0, '2013-08-20');
INSERT INTO sucursal (suc_id, suc_nombre, suc_direccion, suc_estado, suc_creacion) VALUES (84, 'Mr', 'fight', 0, '1979-05-29');
INSERT INTO sucursal (suc_id, suc_nombre, suc_direccion, suc_estado, suc_creacion) VALUES (85, 'green', 'base', 0, '2017-01-24');
INSERT INTO sucursal (suc_id, suc_nombre, suc_direccion, suc_estado, suc_creacion) VALUES (86, 'significant', 'kitchen', 1, '2012-07-10');
INSERT INTO sucursal (suc_id, suc_nombre, suc_direccion, suc_estado, suc_creacion) VALUES (87, 'believe', 'simple', 0, '2005-06-14');
INSERT INTO sucursal (suc_id, suc_nombre, suc_direccion, suc_estado, suc_creacion) VALUES (88, 'choose', 'cost', 1, '1994-05-21');
INSERT INTO sucursal (suc_id, suc_nombre, suc_direccion, suc_estado, suc_creacion) VALUES (89, 'finish', 'arm', 1, '2012-04-22');
INSERT INTO sucursal (suc_id, suc_nombre, suc_direccion, suc_estado, suc_creacion) VALUES (90, 'keep', 'technology', 0, '1999-04-04');
INSERT INTO sucursal (suc_id, suc_nombre, suc_direccion, suc_estado, suc_creacion) VALUES (91, 'challenge', 'research', 1, '2021-12-05');
INSERT INTO sucursal (suc_id, suc_nombre, suc_direccion, suc_estado, suc_creacion) VALUES (92, 'whose', 'over', 1, '1996-05-14');
INSERT INTO sucursal (suc_id, suc_nombre, suc_direccion, suc_estado, suc_creacion) VALUES (93, 'film', 'how', 0, '1993-06-19');
INSERT INTO sucursal (suc_id, suc_nombre, suc_direccion, suc_estado, suc_creacion) VALUES (94, 'president', 'effect', 0, '1995-10-12');
INSERT INTO sucursal (suc_id, suc_nombre, suc_direccion, suc_estado, suc_creacion) VALUES (95, 'author', 'actually', 0, '2016-07-04');
INSERT INTO sucursal (suc_id, suc_nombre, suc_direccion, suc_estado, suc_creacion) VALUES (96, 'different', 'benefit', 0, '2019-06-21');
INSERT INTO sucursal (suc_id, suc_nombre, suc_direccion, suc_estado, suc_creacion) VALUES (97, 'most', 'everybody', 0, '1997-07-30');
INSERT INTO sucursal (suc_id, suc_nombre, suc_direccion, suc_estado, suc_creacion) VALUES (98, 'weight', 'ground', 0, '1971-02-13');
INSERT INTO sucursal (suc_id, suc_nombre, suc_direccion, suc_estado, suc_creacion) VALUES (99, 'recently', 'time', 1, '2017-02-07');
INSERT INTO sucursal (suc_id, suc_nombre, suc_direccion, suc_estado, suc_creacion) VALUES (100, 'happy', 'future', 0, '2008-09-16');
INSERT INTO empleado (emp_id, emp_nombre, emp_apellido, emp_creacion, emp_estado, emp_salario, suc_id, dep_id, car_id) VALUES (1, 'grow', 'blood', '1979-03-08', 1, 77.54, 1, 1, 1);
INSERT INTO empleado (emp_id, emp_nombre, emp_apellido, emp_creacion, emp_estado, emp_salario, suc_id, dep_id, car_id) VALUES (2, 'area', 'health', '1977-07-20', 1, 93.74, 2, 2, 2);
INSERT INTO empleado (emp_id, emp_nombre, emp_apellido, emp_creacion, emp_estado, emp_salario, suc_id, dep_id, car_id) VALUES (3, 'radio', 'with', '2010-11-29', 1, 77.42, 3, 3, 3);
INSERT INTO empleado (emp_id, emp_nombre, emp_apellido, emp_creacion, emp_estado, emp_salario, suc_id, dep_id, car_id) VALUES (4, 'program', 'candidate', '1996-12-06', 0, 63.61, 4, 4, 4);
INSERT INTO empleado (emp_id, emp_nombre, emp_apellido, emp_creacion, emp_estado, emp_salario, suc_id, dep_id, car_id) VALUES (5, 'develop', 'drug', '1984-04-05', 0, 22.88, 5, 5, 5);
INSERT INTO empleado (emp_id, emp_nombre, emp_apellido, emp_creacion, emp_estado, emp_salario, suc_id, dep_id, car_id) VALUES (6, 'assume', 'TV', '2008-11-24', 1, 10.36, 6, 6, 6);
INSERT INTO empleado (emp_id, emp_nombre, emp_apellido, emp_creacion, emp_estado, emp_salario, suc_id, dep_id, car_id) VALUES (7, 'practice', 'interest', '2013-11-15', 1, 16.69, 7, 7, 7);
INSERT INTO empleado (emp_id, emp_nombre, emp_apellido, emp_creacion, emp_estado, emp_salario, suc_id, dep_id, car_id) VALUES (8, 'single', 'especially', '2013-04-21', 1, 62.17, 8, 8, 8);
INSERT INTO empleado (emp_id, emp_nombre, emp_apellido, emp_creacion, emp_estado, emp_salario, suc_id, dep_id, car_id) VALUES (9, 'science', 'reduce', '1984-10-14', 1, 36.02, 9, 9, 9);
INSERT INTO empleado (emp_id, emp_nombre, emp_apellido, emp_creacion, emp_estado, emp_salario, suc_id, dep_id, car_id) VALUES (10, 'discuss', 'social', '1992-04-26', 0, 55.68, 10, 10, 10);
INSERT INTO empleado (emp_id, emp_nombre, emp_apellido, emp_creacion, emp_estado, emp_salario, suc_id, dep_id, car_id) VALUES (11, 'past', 'bed', '1989-05-13', 1, 48.67, 11, 11, 11);
INSERT INTO empleado (emp_id, emp_nombre, emp_apellido, emp_creacion, emp_estado, emp_salario, suc_id, dep_id, car_id) VALUES (12, 'these', 'resource', '1994-02-28', 0, 35.94, 12, 12, 12);
INSERT INTO empleado (emp_id, emp_nombre, emp_apellido, emp_creacion, emp_estado, emp_salario, suc_id, dep_id, car_id) VALUES (13, 'letter', 'two', '2000-03-13', 1, 79.2, 13, 13, 13);
INSERT INTO empleado (emp_id, emp_nombre, emp_apellido, emp_creacion, emp_estado, emp_salario, suc_id, dep_id, car_id) VALUES (14, 'history', 'million', '1982-11-04', 0, 11.47, 14, 14, 14);
INSERT INTO empleado (emp_id, emp_nombre, emp_apellido, emp_creacion, emp_estado, emp_salario, suc_id, dep_id, car_id) VALUES (15, 'thought', 'professional', '2014-04-20', 0, 76.17, 15, 15, 15);
INSERT INTO empleado (emp_id, emp_nombre, emp_apellido, emp_creacion, emp_estado, emp_salario, suc_id, dep_id, car_id) VALUES (16, 'move', 'ability', '2017-08-04', 0, 42.38, 16, 16, 16);
INSERT INTO empleado (emp_id, emp_nombre, emp_apellido, emp_creacion, emp_estado, emp_salario, suc_id, dep_id, car_id) VALUES (17, 'card', 'know', '1972-04-15', 0, 20.39, 17, 17, 17);
INSERT INTO empleado (emp_id, emp_nombre, emp_apellido, emp_creacion, emp_estado, emp_salario, suc_id, dep_id, car_id) VALUES (18, 'unit', 'recognize', '2003-09-22', 0, 10.86, 18, 18, 18);
INSERT INTO empleado (emp_id, emp_nombre, emp_apellido, emp_creacion, emp_estado, emp_salario, suc_id, dep_id, car_id) VALUES (19, 'gas', 'term', '1989-07-11', 1, 38.22, 19, 19, 19);
INSERT INTO empleado (emp_id, emp_nombre, emp_apellido, emp_creacion, emp_estado, emp_salario, suc_id, dep_id, car_id) VALUES (20, 'owner', 'true', '1973-01-24', 1, 18.06, 20, 20, 20);
INSERT INTO empleado (emp_id, emp_nombre, emp_apellido, emp_creacion, emp_estado, emp_salario, suc_id, dep_id, car_id) VALUES (21, 'short', 'reflect', '1973-07-04', 0, 56.1, 21, 21, 21);
INSERT INTO empleado (emp_id, emp_nombre, emp_apellido, emp_creacion, emp_estado, emp_salario, suc_id, dep_id, car_id) VALUES (22, 'several', 'attack', '1993-11-27', 1, 56.47, 22, 22, 22);
INSERT INTO empleado (emp_id, emp_nombre, emp_apellido, emp_creacion, emp_estado, emp_salario, suc_id, dep_id, car_id) VALUES (23, 'hot', 'me', '2015-09-23', 1, 37.09, 23, 23, 23);
INSERT INTO empleado (emp_id, emp_nombre, emp_apellido, emp_creacion, emp_estado, emp_salario, suc_id, dep_id, car_id) VALUES (24, 'maybe', 'themselves', '2013-12-17', 1, 64.77, 24, 24, 24);
INSERT INTO empleado (emp_id, emp_nombre, emp_apellido, emp_creacion, emp_estado, emp_salario, suc_id, dep_id, car_id) VALUES (25, 'discover', 'at', '1979-11-09', 1, 93.93, 25, 25, 25);
INSERT INTO empleado (emp_id, emp_nombre, emp_apellido, emp_creacion, emp_estado, emp_salario, suc_id, dep_id, car_id) VALUES (26, 'what', 'stay', '1980-08-10', 0, 67.28, 26, 26, 26);
INSERT INTO empleado (emp_id, emp_nombre, emp_apellido, emp_creacion, emp_estado, emp_salario, suc_id, dep_id, car_id) VALUES (27, 'region', 'second', '1991-07-23', 0, 51.88, 27, 27, 27);
INSERT INTO empleado (emp_id, emp_nombre, emp_apellido, emp_creacion, emp_estado, emp_salario, suc_id, dep_id, car_id) VALUES (28, 'produce', 'though', '1985-09-20', 0, 55.67, 28, 28, 28);
INSERT INTO empleado (emp_id, emp_nombre, emp_apellido, emp_creacion, emp_estado, emp_salario, suc_id, dep_id, car_id) VALUES (29, 'so', 'these', '2022-02-23', 0, 76.56, 29, 29, 29);
INSERT INTO empleado (emp_id, emp_nombre, emp_apellido, emp_creacion, emp_estado, emp_salario, suc_id, dep_id, car_id) VALUES (30, 'able', 'he', '1996-05-10', 1, 50.5, 30, 30, 30);
INSERT INTO empleado (emp_id, emp_nombre, emp_apellido, emp_creacion, emp_estado, emp_salario, suc_id, dep_id, car_id) VALUES (31, 'hard', 'receive', '2022-03-20', 1, 45.35, 31, 31, 31);
INSERT INTO empleado (emp_id, emp_nombre, emp_apellido, emp_creacion, emp_estado, emp_salario, suc_id, dep_id, car_id) VALUES (32, 'per', 'second', '1990-09-05', 0, 32.94, 32, 32, 32);
INSERT INTO empleado (emp_id, emp_nombre, emp_apellido, emp_creacion, emp_estado, emp_salario, suc_id, dep_id, car_id) VALUES (33, 'she', 'rate', '1973-12-05', 1, 42.48, 33, 33, 33);
INSERT INTO empleado (emp_id, emp_nombre, emp_apellido, emp_creacion, emp_estado, emp_salario, suc_id, dep_id, car_id) VALUES (34, 'image', 'should', '2012-06-23', 0, 42.67, 34, 34, 34);
INSERT INTO empleado (emp_id, emp_nombre, emp_apellido, emp_creacion, emp_estado, emp_salario, suc_id, dep_id, car_id) VALUES (35, 'hear', 'and', '1979-07-03', 1, 8.08, 35, 35, 35);
INSERT INTO empleado (emp_id, emp_nombre, emp_apellido, emp_creacion, emp_estado, emp_salario, suc_id, dep_id, car_id) VALUES (36, 'event', 'describe', '1976-08-15', 0, 10.21, 36, 36, 36);
INSERT INTO empleado (emp_id, emp_nombre, emp_apellido, emp_creacion, emp_estado, emp_salario, suc_id, dep_id, car_id) VALUES (37, 'wish', 'her', '1996-09-12', 1, 92.81, 37, 37, 37);
INSERT INTO empleado (emp_id, emp_nombre, emp_apellido, emp_creacion, emp_estado, emp_salario, suc_id, dep_id, car_id) VALUES (38, 'free', 'create', '2015-12-17', 0, 14.58, 38, 38, 38);
INSERT INTO empleado (emp_id, emp_nombre, emp_apellido, emp_creacion, emp_estado, emp_salario, suc_id, dep_id, car_id) VALUES (39, 'wish', 'value', '1976-08-03', 0, 79.36, 39, 39, 39);
INSERT INTO empleado (emp_id, emp_nombre, emp_apellido, emp_creacion, emp_estado, emp_salario, suc_id, dep_id, car_id) VALUES (40, 'law', 'these', '2021-06-29', 1, 89.25, 40, 40, 40);
INSERT INTO empleado (emp_id, emp_nombre, emp_apellido, emp_creacion, emp_estado, emp_salario, suc_id, dep_id, car_id) VALUES (41, 'street', 'section', '2021-09-07', 1, 18.02, 41, 41, 41);
INSERT INTO empleado (emp_id, emp_nombre, emp_apellido, emp_creacion, emp_estado, emp_salario, suc_id, dep_id, car_id) VALUES (42, 'those', 'account', '2003-02-25', 0, 77.52, 42, 42, 42);
INSERT INTO empleado (emp_id, emp_nombre, emp_apellido, emp_creacion, emp_estado, emp_salario, suc_id, dep_id, car_id) VALUES (43, 'somebody', 'yet', '2000-08-07', 0, 4.4, 43, 43, 43);
INSERT INTO empleado (emp_id, emp_nombre, emp_apellido, emp_creacion, emp_estado, emp_salario, suc_id, dep_id, car_id) VALUES (44, 'free', 'between', '1971-04-12', 0, 58.87, 44, 44, 44);
INSERT INTO empleado (emp_id, emp_nombre, emp_apellido, emp_creacion, emp_estado, emp_salario, suc_id, dep_id, car_id) VALUES (45, 'machine', 'consumer', '2020-08-26', 1, 73.24, 45, 45, 45);
INSERT INTO empleado (emp_id, emp_nombre, emp_apellido, emp_creacion, emp_estado, emp_salario, suc_id, dep_id, car_id) VALUES (46, 'white', 'fine', '1991-07-08', 0, 56.81, 46, 46, 46);
INSERT INTO empleado (emp_id, emp_nombre, emp_apellido, emp_creacion, emp_estado, emp_salario, suc_id, dep_id, car_id) VALUES (47, 'thousand', 'particularly', '1996-03-06', 1, 45.29, 47, 47, 47);
INSERT INTO empleado (emp_id, emp_nombre, emp_apellido, emp_creacion, emp_estado, emp_salario, suc_id, dep_id, car_id) VALUES (48, 'throw', 'different', '2011-09-02', 0, 95.4, 48, 48, 48);
INSERT INTO empleado (emp_id, emp_nombre, emp_apellido, emp_creacion, emp_estado, emp_salario, suc_id, dep_id, car_id) VALUES (49, 'mouth', 'any', '1974-01-05', 0, 36.84, 49, 49, 49);
INSERT INTO empleado (emp_id, emp_nombre, emp_apellido, emp_creacion, emp_estado, emp_salario, suc_id, dep_id, car_id) VALUES (50, 'conference', 'budget', '1988-02-16', 1, 94.67, 50, 50, 50);
INSERT INTO empleado (emp_id, emp_nombre, emp_apellido, emp_creacion, emp_estado, emp_salario, suc_id, dep_id, car_id) VALUES (51, 'production', 'consider', '2006-07-29', 1, 8.31, 51, 51, 51);
INSERT INTO empleado (emp_id, emp_nombre, emp_apellido, emp_creacion, emp_estado, emp_salario, suc_id, dep_id, car_id) VALUES (52, 'major', 'not', '2002-07-27', 0, 11.42, 52, 52, 52);
INSERT INTO empleado (emp_id, emp_nombre, emp_apellido, emp_creacion, emp_estado, emp_salario, suc_id, dep_id, car_id) VALUES (53, 'firm', 'month', '1972-05-14', 1, 56.46, 53, 53, 53);
INSERT INTO empleado (emp_id, emp_nombre, emp_apellido, emp_creacion, emp_estado, emp_salario, suc_id, dep_id, car_id) VALUES (54, 'action', 'event', '2016-05-04', 1, 87.96, 54, 54, 54);
INSERT INTO empleado (emp_id, emp_nombre, emp_apellido, emp_creacion, emp_estado, emp_salario, suc_id, dep_id, car_id) VALUES (55, 'product', 'authority', '1973-06-26', 1, 73.63, 55, 55, 55);
INSERT INTO empleado (emp_id, emp_nombre, emp_apellido, emp_creacion, emp_estado, emp_salario, suc_id, dep_id, car_id) VALUES (56, 'rather', 'detail', '1989-02-10', 0, 31.36, 56, 56, 56);
INSERT INTO empleado (emp_id, emp_nombre, emp_apellido, emp_creacion, emp_estado, emp_salario, suc_id, dep_id, car_id) VALUES (57, 'happy', 'research', '1998-05-17', 1, 91.47, 57, 57, 57);
INSERT INTO empleado (emp_id, emp_nombre, emp_apellido, emp_creacion, emp_estado, emp_salario, suc_id, dep_id, car_id) VALUES (58, 'responsibility', 'civil', '1978-05-24', 1, 53.85, 58, 58, 58);
INSERT INTO empleado (emp_id, emp_nombre, emp_apellido, emp_creacion, emp_estado, emp_salario, suc_id, dep_id, car_id) VALUES (59, 'stay', 'morning', '2017-06-23', 1, 61.2, 59, 59, 59);
INSERT INTO empleado (emp_id, emp_nombre, emp_apellido, emp_creacion, emp_estado, emp_salario, suc_id, dep_id, car_id) VALUES (60, 'choice', 'story', '1979-04-25', 1, 57.2, 60, 60, 60);
INSERT INTO empleado (emp_id, emp_nombre, emp_apellido, emp_creacion, emp_estado, emp_salario, suc_id, dep_id, car_id) VALUES (61, 'phone', 'condition', '2003-09-25', 0, 3.74, 61, 61, 61);
INSERT INTO empleado (emp_id, emp_nombre, emp_apellido, emp_creacion, emp_estado, emp_salario, suc_id, dep_id, car_id) VALUES (62, 'nor', 'water', '1976-08-04', 0, 51.0, 62, 62, 62);
INSERT INTO empleado (emp_id, emp_nombre, emp_apellido, emp_creacion, emp_estado, emp_salario, suc_id, dep_id, car_id) VALUES (63, 'similar', 'animal', '1993-04-16', 0, 12.81, 63, 63, 63);
INSERT INTO empleado (emp_id, emp_nombre, emp_apellido, emp_creacion, emp_estado, emp_salario, suc_id, dep_id, car_id) VALUES (64, 'new', 'level', '1970-02-20', 0, 89.68, 64, 64, 64);
INSERT INTO empleado (emp_id, emp_nombre, emp_apellido, emp_creacion, emp_estado, emp_salario, suc_id, dep_id, car_id) VALUES (65, 'there', 'produce', '1986-10-14', 0, 35.92, 65, 65, 65);
INSERT INTO empleado (emp_id, emp_nombre, emp_apellido, emp_creacion, emp_estado, emp_salario, suc_id, dep_id, car_id) VALUES (66, 'rich', 'will', '2000-01-11', 1, 20.22, 66, 66, 66);
INSERT INTO empleado (emp_id, emp_nombre, emp_apellido, emp_creacion, emp_estado, emp_salario, suc_id, dep_id, car_id) VALUES (67, 'run', 'parent', '1992-03-07', 1, 12.54, 67, 67, 67);
INSERT INTO empleado (emp_id, emp_nombre, emp_apellido, emp_creacion, emp_estado, emp_salario, suc_id, dep_id, car_id) VALUES (68, 'kid', 'capital', '2001-12-03', 1, 70.41, 68, 68, 68);
INSERT INTO empleado (emp_id, emp_nombre, emp_apellido, emp_creacion, emp_estado, emp_salario, suc_id, dep_id, car_id) VALUES (69, 'possible', 'much', '1974-02-08', 0, 1.18, 69, 69, 69);
INSERT INTO empleado (emp_id, emp_nombre, emp_apellido, emp_creacion, emp_estado, emp_salario, suc_id, dep_id, car_id) VALUES (70, 'free', 'quite', '1992-11-23', 0, 38.81, 70, 70, 70);
INSERT INTO empleado (emp_id, emp_nombre, emp_apellido, emp_creacion, emp_estado, emp_salario, suc_id, dep_id, car_id) VALUES (71, 'pass', 'child', '2011-03-02', 1, 98.07, 71, 71, 71);
INSERT INTO empleado (emp_id, emp_nombre, emp_apellido, emp_creacion, emp_estado, emp_salario, suc_id, dep_id, car_id) VALUES (72, 'maintain', 'he', '1986-04-29', 1, 17.37, 72, 72, 72);
INSERT INTO empleado (emp_id, emp_nombre, emp_apellido, emp_creacion, emp_estado, emp_salario, suc_id, dep_id, car_id) VALUES (73, 'strong', 'yet', '2010-03-30', 0, 75.72, 73, 73, 73);
INSERT INTO empleado (emp_id, emp_nombre, emp_apellido, emp_creacion, emp_estado, emp_salario, suc_id, dep_id, car_id) VALUES (74, 'such', 'fact', '2011-10-23', 1, 27.39, 74, 74, 74);
INSERT INTO empleado (emp_id, emp_nombre, emp_apellido, emp_creacion, emp_estado, emp_salario, suc_id, dep_id, car_id) VALUES (75, 'language', 'ever', '1970-10-19', 1, 97.04, 75, 75, 75);
INSERT INTO empleado (emp_id, emp_nombre, emp_apellido, emp_creacion, emp_estado, emp_salario, suc_id, dep_id, car_id) VALUES (76, 'cold', 'open', '1983-05-13', 0, 78.72, 76, 76, 76);
INSERT INTO empleado (emp_id, emp_nombre, emp_apellido, emp_creacion, emp_estado, emp_salario, suc_id, dep_id, car_id) VALUES (77, 'choice', 'ask', '2003-08-27', 1, 85.13, 77, 77, 77);
INSERT INTO empleado (emp_id, emp_nombre, emp_apellido, emp_creacion, emp_estado, emp_salario, suc_id, dep_id, car_id) VALUES (78, 'thus', 'much', '2007-01-11', 0, 80.72, 78, 78, 78);
INSERT INTO empleado (emp_id, emp_nombre, emp_apellido, emp_creacion, emp_estado, emp_salario, suc_id, dep_id, car_id) VALUES (79, 'however', 'much', '2023-06-24', 1, 75.49, 79, 79, 79);
INSERT INTO empleado (emp_id, emp_nombre, emp_apellido, emp_creacion, emp_estado, emp_salario, suc_id, dep_id, car_id) VALUES (80, 'hotel', 'law', '1989-03-13', 0, 31.14, 80, 80, 80);
INSERT INTO empleado (emp_id, emp_nombre, emp_apellido, emp_creacion, emp_estado, emp_salario, suc_id, dep_id, car_id) VALUES (81, 'show', 'mention', '1970-05-21', 1, 32.57, 81, 81, 81);
INSERT INTO empleado (emp_id, emp_nombre, emp_apellido, emp_creacion, emp_estado, emp_salario, suc_id, dep_id, car_id) VALUES (82, 'political', 'will', '2004-06-23', 0, 87.9, 82, 82, 82);
INSERT INTO empleado (emp_id, emp_nombre, emp_apellido, emp_creacion, emp_estado, emp_salario, suc_id, dep_id, car_id) VALUES (83, 'figure', 'rule', '2022-07-01', 0, 64.66, 83, 83, 83);
INSERT INTO empleado (emp_id, emp_nombre, emp_apellido, emp_creacion, emp_estado, emp_salario, suc_id, dep_id, car_id) VALUES (84, 'community', 'thousand', '2010-05-05', 1, 22.77, 84, 84, 84);
INSERT INTO empleado (emp_id, emp_nombre, emp_apellido, emp_creacion, emp_estado, emp_salario, suc_id, dep_id, car_id) VALUES (85, 'land', 'American', '1982-09-24', 1, 3.96, 85, 85, 85);
INSERT INTO empleado (emp_id, emp_nombre, emp_apellido, emp_creacion, emp_estado, emp_salario, suc_id, dep_id, car_id) VALUES (86, 'tough', 'beautiful', '2018-07-22', 0, 55.97, 86, 86, 86);
INSERT INTO empleado (emp_id, emp_nombre, emp_apellido, emp_creacion, emp_estado, emp_salario, suc_id, dep_id, car_id) VALUES (87, 'gas', 'black', '1996-03-16', 0, 46.36, 87, 87, 87);
INSERT INTO empleado (emp_id, emp_nombre, emp_apellido, emp_creacion, emp_estado, emp_salario, suc_id, dep_id, car_id) VALUES (88, 'however', 'easy', '1999-09-10', 0, 26.02, 88, 88, 88);
INSERT INTO empleado (emp_id, emp_nombre, emp_apellido, emp_creacion, emp_estado, emp_salario, suc_id, dep_id, car_id) VALUES (89, 'next', 'bad', '2023-06-29', 0, 47.84, 89, 89, 89);
INSERT INTO empleado (emp_id, emp_nombre, emp_apellido, emp_creacion, emp_estado, emp_salario, suc_id, dep_id, car_id) VALUES (90, 'evidence', 'few', '1992-07-02', 0, 16.64, 90, 90, 90);
INSERT INTO empleado (emp_id, emp_nombre, emp_apellido, emp_creacion, emp_estado, emp_salario, suc_id, dep_id, car_id) VALUES (91, 'about', 'turn', '2022-02-02', 1, 52.31, 91, 91, 91);
INSERT INTO empleado (emp_id, emp_nombre, emp_apellido, emp_creacion, emp_estado, emp_salario, suc_id, dep_id, car_id) VALUES (92, 'stay', 'clearly', '2022-09-25', 0, 93.01, 92, 92, 92);
INSERT INTO empleado (emp_id, emp_nombre, emp_apellido, emp_creacion, emp_estado, emp_salario, suc_id, dep_id, car_id) VALUES (93, 'green', 'course', '2002-04-09', 1, 17.52, 93, 93, 93);
INSERT INTO empleado (emp_id, emp_nombre, emp_apellido, emp_creacion, emp_estado, emp_salario, suc_id, dep_id, car_id) VALUES (94, 'effort', 'population', '2022-04-01', 1, 59.29, 94, 94, 94);
INSERT INTO empleado (emp_id, emp_nombre, emp_apellido, emp_creacion, emp_estado, emp_salario, suc_id, dep_id, car_id) VALUES (95, 'material', 'less', '1971-10-18', 1, 38.11, 95, 95, 95);
INSERT INTO empleado (emp_id, emp_nombre, emp_apellido, emp_creacion, emp_estado, emp_salario, suc_id, dep_id, car_id) VALUES (96, 'manage', 'a', '2015-07-29', 0, 86.51, 96, 96, 96);
INSERT INTO empleado (emp_id, emp_nombre, emp_apellido, emp_creacion, emp_estado, emp_salario, suc_id, dep_id, car_id) VALUES (97, 'song', 'war', '1986-08-16', 0, 10.1, 97, 97, 97);
INSERT INTO empleado (emp_id, emp_nombre, emp_apellido, emp_creacion, emp_estado, emp_salario, suc_id, dep_id, car_id) VALUES (98, 'job', 'administration', '1984-04-19', 0, 56.22, 98, 98, 98);
INSERT INTO empleado (emp_id, emp_nombre, emp_apellido, emp_creacion, emp_estado, emp_salario, suc_id, dep_id, car_id) VALUES (99, 'look', 'see', '2008-08-04', 1, 44.76, 99, 99, 99);
INSERT INTO empleado (emp_id, emp_nombre, emp_apellido, emp_creacion, emp_estado, emp_salario, suc_id, dep_id, car_id) VALUES (100, 'control', 'research', '2015-04-03', 0, 59.55, 100, 100, 100);
INSERT INTO beneficio (ben_id, ben_nombre, ben_descripcion, ben_estado, ben_creacion) VALUES (1, 'image', 'interest', 0, '2005-02-08');
INSERT INTO beneficio (ben_id, ben_nombre, ben_descripcion, ben_estado, ben_creacion) VALUES (2, 'rest', 'she', 0, '2002-07-01');
INSERT INTO beneficio (ben_id, ben_nombre, ben_descripcion, ben_estado, ben_creacion) VALUES (3, 'whether', 'most', 1, '2019-04-26');
INSERT INTO beneficio (ben_id, ben_nombre, ben_descripcion, ben_estado, ben_creacion) VALUES (4, 'cost', 'improve', 0, '1989-12-20');
INSERT INTO beneficio (ben_id, ben_nombre, ben_descripcion, ben_estado, ben_creacion) VALUES (5, 'threat', 'eight', 1, '2009-09-04');
INSERT INTO beneficio (ben_id, ben_nombre, ben_descripcion, ben_estado, ben_creacion) VALUES (6, 'show', 'certain', 0, '1981-05-25');
INSERT INTO beneficio (ben_id, ben_nombre, ben_descripcion, ben_estado, ben_creacion) VALUES (7, 'certainly', 'organization', 1, '2024-01-27');
INSERT INTO beneficio (ben_id, ben_nombre, ben_descripcion, ben_estado, ben_creacion) VALUES (8, 'little', 'reality', 0, '2012-04-05');
INSERT INTO beneficio (ben_id, ben_nombre, ben_descripcion, ben_estado, ben_creacion) VALUES (9, 'dinner', 'against', 1, '1995-10-28');
INSERT INTO beneficio (ben_id, ben_nombre, ben_descripcion, ben_estado, ben_creacion) VALUES (10, 'next', 'same', 1, '2002-04-30');
INSERT INTO beneficio (ben_id, ben_nombre, ben_descripcion, ben_estado, ben_creacion) VALUES (11, 'pass', 'community', 1, '2009-10-23');
INSERT INTO beneficio (ben_id, ben_nombre, ben_descripcion, ben_estado, ben_creacion) VALUES (12, 'building', 'town', 1, '1992-06-11');
INSERT INTO beneficio (ben_id, ben_nombre, ben_descripcion, ben_estado, ben_creacion) VALUES (13, 'court', 'total', 0, '1993-12-07');
INSERT INTO beneficio (ben_id, ben_nombre, ben_descripcion, ben_estado, ben_creacion) VALUES (14, 'until', 'hospital', 1, '1977-05-08');
INSERT INTO beneficio (ben_id, ben_nombre, ben_descripcion, ben_estado, ben_creacion) VALUES (15, 'machine', 'statement', 0, '1989-12-16');
INSERT INTO beneficio (ben_id, ben_nombre, ben_descripcion, ben_estado, ben_creacion) VALUES (16, 'possible', 'national', 1, '1986-06-07');
INSERT INTO beneficio (ben_id, ben_nombre, ben_descripcion, ben_estado, ben_creacion) VALUES (17, 'somebody', 'third', 0, '2009-02-25');
INSERT INTO beneficio (ben_id, ben_nombre, ben_descripcion, ben_estado, ben_creacion) VALUES (18, 'too', 'article', 0, '2004-08-19');
INSERT INTO beneficio (ben_id, ben_nombre, ben_descripcion, ben_estado, ben_creacion) VALUES (19, 'choose', 'go', 1, '1985-09-03');
INSERT INTO beneficio (ben_id, ben_nombre, ben_descripcion, ben_estado, ben_creacion) VALUES (20, 'least', 'property', 1, '1990-07-13');
INSERT INTO beneficio (ben_id, ben_nombre, ben_descripcion, ben_estado, ben_creacion) VALUES (21, 'organization', 'present', 1, '1999-05-13');
INSERT INTO beneficio (ben_id, ben_nombre, ben_descripcion, ben_estado, ben_creacion) VALUES (22, 'indicate', 'evening', 1, '1998-08-30');
INSERT INTO beneficio (ben_id, ben_nombre, ben_descripcion, ben_estado, ben_creacion) VALUES (23, 'under', 'ball', 1, '1972-02-27');
INSERT INTO beneficio (ben_id, ben_nombre, ben_descripcion, ben_estado, ben_creacion) VALUES (24, 'politics', 'under', 0, '1998-06-15');
INSERT INTO beneficio (ben_id, ben_nombre, ben_descripcion, ben_estado, ben_creacion) VALUES (25, 'property', 'woman', 1, '1992-11-02');
INSERT INTO beneficio (ben_id, ben_nombre, ben_descripcion, ben_estado, ben_creacion) VALUES (26, 'detail', 'health', 0, '2003-04-24');
INSERT INTO beneficio (ben_id, ben_nombre, ben_descripcion, ben_estado, ben_creacion) VALUES (27, 'room', 'over', 1, '1982-07-19');
INSERT INTO beneficio (ben_id, ben_nombre, ben_descripcion, ben_estado, ben_creacion) VALUES (28, 'defense', 'add', 1, '2015-12-14');
INSERT INTO beneficio (ben_id, ben_nombre, ben_descripcion, ben_estado, ben_creacion) VALUES (29, 'through', 'important', 1, '1975-02-20');
INSERT INTO beneficio (ben_id, ben_nombre, ben_descripcion, ben_estado, ben_creacion) VALUES (30, 'report', 'various', 1, '1978-11-13');
INSERT INTO beneficio (ben_id, ben_nombre, ben_descripcion, ben_estado, ben_creacion) VALUES (31, 'member', 'weight', 0, '1999-05-03');
INSERT INTO beneficio (ben_id, ben_nombre, ben_descripcion, ben_estado, ben_creacion) VALUES (32, 'from', 'player', 1, '1987-09-05');
INSERT INTO beneficio (ben_id, ben_nombre, ben_descripcion, ben_estado, ben_creacion) VALUES (33, 'dream', 'country', 1, '1981-07-17');
INSERT INTO beneficio (ben_id, ben_nombre, ben_descripcion, ben_estado, ben_creacion) VALUES (34, 'before', 'throughout', 1, '2006-07-01');
INSERT INTO beneficio (ben_id, ben_nombre, ben_descripcion, ben_estado, ben_creacion) VALUES (35, 'head', 'suggest', 1, '2017-09-28');
INSERT INTO beneficio (ben_id, ben_nombre, ben_descripcion, ben_estado, ben_creacion) VALUES (36, 'between', 'will', 1, '2008-02-28');
INSERT INTO beneficio (ben_id, ben_nombre, ben_descripcion, ben_estado, ben_creacion) VALUES (37, 'food', 'fast', 1, '1979-12-13');
INSERT INTO beneficio (ben_id, ben_nombre, ben_descripcion, ben_estado, ben_creacion) VALUES (38, 'run', 'pick', 0, '1987-01-23');
INSERT INTO beneficio (ben_id, ben_nombre, ben_descripcion, ben_estado, ben_creacion) VALUES (39, 'start', 'live', 1, '2005-06-02');
INSERT INTO beneficio (ben_id, ben_nombre, ben_descripcion, ben_estado, ben_creacion) VALUES (40, 'trial', 'teacher', 1, '2003-05-12');
INSERT INTO beneficio (ben_id, ben_nombre, ben_descripcion, ben_estado, ben_creacion) VALUES (41, 'pattern', 'range', 1, '1986-06-09');
INSERT INTO beneficio (ben_id, ben_nombre, ben_descripcion, ben_estado, ben_creacion) VALUES (42, 'ability', 'at', 0, '1981-09-01');
INSERT INTO beneficio (ben_id, ben_nombre, ben_descripcion, ben_estado, ben_creacion) VALUES (43, 'local', 'head', 0, '2016-10-29');
INSERT INTO beneficio (ben_id, ben_nombre, ben_descripcion, ben_estado, ben_creacion) VALUES (44, 'out', 'risk', 0, '2010-12-03');
INSERT INTO beneficio (ben_id, ben_nombre, ben_descripcion, ben_estado, ben_creacion) VALUES (45, 'range', 'teach', 0, '2006-03-14');
INSERT INTO beneficio (ben_id, ben_nombre, ben_descripcion, ben_estado, ben_creacion) VALUES (46, 'second', 'remember', 0, '2018-10-03');
INSERT INTO beneficio (ben_id, ben_nombre, ben_descripcion, ben_estado, ben_creacion) VALUES (47, 'baby', 'south', 1, '1994-08-23');
INSERT INTO beneficio (ben_id, ben_nombre, ben_descripcion, ben_estado, ben_creacion) VALUES (48, 'success', 'medical', 0, '1988-06-01');
INSERT INTO beneficio (ben_id, ben_nombre, ben_descripcion, ben_estado, ben_creacion) VALUES (49, 'increase', 'for', 0, '2008-11-14');
INSERT INTO beneficio (ben_id, ben_nombre, ben_descripcion, ben_estado, ben_creacion) VALUES (50, 'real', 'send', 1, '1992-07-04');
INSERT INTO beneficio (ben_id, ben_nombre, ben_descripcion, ben_estado, ben_creacion) VALUES (51, 'somebody', 'certainly', 0, '1987-08-18');
INSERT INTO beneficio (ben_id, ben_nombre, ben_descripcion, ben_estado, ben_creacion) VALUES (52, 'book', 'serious', 0, '2006-04-07');
INSERT INTO beneficio (ben_id, ben_nombre, ben_descripcion, ben_estado, ben_creacion) VALUES (53, 'read', 'candidate', 0, '1987-09-12');
INSERT INTO beneficio (ben_id, ben_nombre, ben_descripcion, ben_estado, ben_creacion) VALUES (54, 'simple', 'around', 0, '2015-08-03');
INSERT INTO beneficio (ben_id, ben_nombre, ben_descripcion, ben_estado, ben_creacion) VALUES (55, 'really', 'image', 1, '1970-01-30');
INSERT INTO beneficio (ben_id, ben_nombre, ben_descripcion, ben_estado, ben_creacion) VALUES (56, 'figure', 'generation', 1, '1989-07-08');
INSERT INTO beneficio (ben_id, ben_nombre, ben_descripcion, ben_estado, ben_creacion) VALUES (57, 'discuss', 'describe', 1, '1993-06-27');
INSERT INTO beneficio (ben_id, ben_nombre, ben_descripcion, ben_estado, ben_creacion) VALUES (58, 'we', 'church', 1, '1979-09-28');
INSERT INTO beneficio (ben_id, ben_nombre, ben_descripcion, ben_estado, ben_creacion) VALUES (59, 'section', 'to', 0, '2004-11-04');
INSERT INTO beneficio (ben_id, ben_nombre, ben_descripcion, ben_estado, ben_creacion) VALUES (60, 'also', 'culture', 1, '1999-08-06');
INSERT INTO beneficio (ben_id, ben_nombre, ben_descripcion, ben_estado, ben_creacion) VALUES (61, 'on', 'final', 1, '1982-10-30');
INSERT INTO beneficio (ben_id, ben_nombre, ben_descripcion, ben_estado, ben_creacion) VALUES (62, 'time', 'laugh', 0, '2003-08-05');
INSERT INTO beneficio (ben_id, ben_nombre, ben_descripcion, ben_estado, ben_creacion) VALUES (63, 'drug', 'wind', 0, '2012-10-21');
INSERT INTO beneficio (ben_id, ben_nombre, ben_descripcion, ben_estado, ben_creacion) VALUES (64, 'important', 'real', 0, '2018-12-19');
INSERT INTO beneficio (ben_id, ben_nombre, ben_descripcion, ben_estado, ben_creacion) VALUES (65, 'rock', 'get', 0, '2018-07-07');
INSERT INTO beneficio (ben_id, ben_nombre, ben_descripcion, ben_estado, ben_creacion) VALUES (66, 'money', 'everyone', 0, '2002-03-08');
INSERT INTO beneficio (ben_id, ben_nombre, ben_descripcion, ben_estado, ben_creacion) VALUES (67, 'cup', 'town', 0, '1981-11-21');
INSERT INTO beneficio (ben_id, ben_nombre, ben_descripcion, ben_estado, ben_creacion) VALUES (68, 'defense', 'tough', 0, '1981-06-24');
INSERT INTO beneficio (ben_id, ben_nombre, ben_descripcion, ben_estado, ben_creacion) VALUES (69, 'along', 'table', 1, '2017-10-09');
INSERT INTO beneficio (ben_id, ben_nombre, ben_descripcion, ben_estado, ben_creacion) VALUES (70, 'grow', 'allow', 1, '2013-02-05');
INSERT INTO beneficio (ben_id, ben_nombre, ben_descripcion, ben_estado, ben_creacion) VALUES (71, 'government', 'toward', 0, '1994-03-27');
INSERT INTO beneficio (ben_id, ben_nombre, ben_descripcion, ben_estado, ben_creacion) VALUES (72, 'form', 'either', 0, '1971-02-16');
INSERT INTO beneficio (ben_id, ben_nombre, ben_descripcion, ben_estado, ben_creacion) VALUES (73, 'agreement', 'win', 1, '2023-01-15');
INSERT INTO beneficio (ben_id, ben_nombre, ben_descripcion, ben_estado, ben_creacion) VALUES (74, 'training', 'bag', 0, '2013-04-09');
INSERT INTO beneficio (ben_id, ben_nombre, ben_descripcion, ben_estado, ben_creacion) VALUES (75, 'both', 'evidence', 0, '2011-02-20');
INSERT INTO beneficio (ben_id, ben_nombre, ben_descripcion, ben_estado, ben_creacion) VALUES (76, 'need', 'he', 1, '2018-10-30');
INSERT INTO beneficio (ben_id, ben_nombre, ben_descripcion, ben_estado, ben_creacion) VALUES (77, 'skill', 'teacher', 1, '1974-08-19');
INSERT INTO beneficio (ben_id, ben_nombre, ben_descripcion, ben_estado, ben_creacion) VALUES (78, 'middle', 'question', 0, '2016-07-02');
INSERT INTO beneficio (ben_id, ben_nombre, ben_descripcion, ben_estado, ben_creacion) VALUES (79, 'word', 'human', 0, '2021-05-06');
INSERT INTO beneficio (ben_id, ben_nombre, ben_descripcion, ben_estado, ben_creacion) VALUES (80, 'now', 'year', 0, '1974-09-21');
INSERT INTO beneficio (ben_id, ben_nombre, ben_descripcion, ben_estado, ben_creacion) VALUES (81, 'bar', 'school', 1, '2023-12-29');
INSERT INTO beneficio (ben_id, ben_nombre, ben_descripcion, ben_estado, ben_creacion) VALUES (82, 'commercial', 'moment', 0, '1994-07-09');
INSERT INTO beneficio (ben_id, ben_nombre, ben_descripcion, ben_estado, ben_creacion) VALUES (83, 'store', 'deep', 1, '2013-08-27');
INSERT INTO beneficio (ben_id, ben_nombre, ben_descripcion, ben_estado, ben_creacion) VALUES (84, 'theory', 'responsibility', 1, '1973-03-26');
INSERT INTO beneficio (ben_id, ben_nombre, ben_descripcion, ben_estado, ben_creacion) VALUES (85, 'night', 'tree', 0, '1981-05-04');
INSERT INTO beneficio (ben_id, ben_nombre, ben_descripcion, ben_estado, ben_creacion) VALUES (86, 'travel', 'in', 0, '2009-10-26');
INSERT INTO beneficio (ben_id, ben_nombre, ben_descripcion, ben_estado, ben_creacion) VALUES (87, 'until', 'collection', 0, '1996-08-10');
INSERT INTO beneficio (ben_id, ben_nombre, ben_descripcion, ben_estado, ben_creacion) VALUES (88, 'deep', 'heart', 1, '1995-03-20');
INSERT INTO beneficio (ben_id, ben_nombre, ben_descripcion, ben_estado, ben_creacion) VALUES (89, 'general', 'pay', 0, '2007-05-06');
INSERT INTO beneficio (ben_id, ben_nombre, ben_descripcion, ben_estado, ben_creacion) VALUES (90, 'until', 'last', 0, '2001-01-09');
INSERT INTO beneficio (ben_id, ben_nombre, ben_descripcion, ben_estado, ben_creacion) VALUES (91, 'he', 'blue', 0, '1987-09-12');
INSERT INTO beneficio (ben_id, ben_nombre, ben_descripcion, ben_estado, ben_creacion) VALUES (92, 'order', 'east', 1, '1996-08-15');
INSERT INTO beneficio (ben_id, ben_nombre, ben_descripcion, ben_estado, ben_creacion) VALUES (93, 'yourself', 'knowledge', 0, '2009-02-22');
INSERT INTO beneficio (ben_id, ben_nombre, ben_descripcion, ben_estado, ben_creacion) VALUES (94, 'Republican', 'wish', 1, '1979-03-08');
INSERT INTO beneficio (ben_id, ben_nombre, ben_descripcion, ben_estado, ben_creacion) VALUES (95, 'region', 'blood', 1, '1993-10-03');
INSERT INTO beneficio (ben_id, ben_nombre, ben_descripcion, ben_estado, ben_creacion) VALUES (96, 'determine', 'church', 0, '1985-10-28');
INSERT INTO beneficio (ben_id, ben_nombre, ben_descripcion, ben_estado, ben_creacion) VALUES (97, 'top', 'lose', 0, '2007-06-14');
INSERT INTO beneficio (ben_id, ben_nombre, ben_descripcion, ben_estado, ben_creacion) VALUES (98, 'unit', 'hard', 1, '1975-08-31');
INSERT INTO beneficio (ben_id, ben_nombre, ben_descripcion, ben_estado, ben_creacion) VALUES (99, 'describe', 'beyond', 0, '2019-01-20');
INSERT INTO beneficio (ben_id, ben_nombre, ben_descripcion, ben_estado, ben_creacion) VALUES (100, 'join', 'draw', 1, '1978-09-20');
INSERT INTO capacitacion (cap_id, cap_tema, cap_ini, cap_fin, cap_creacion, cap_estado) VALUES (1, 'southern', '1982-08-15', '1974-02-12', '1982-04-02', 1);
INSERT INTO capacitacion (cap_id, cap_tema, cap_ini, cap_fin, cap_creacion, cap_estado) VALUES (2, 'likely', '1970-01-21', '2000-01-10', '1987-01-21', 0);
INSERT INTO capacitacion (cap_id, cap_tema, cap_ini, cap_fin, cap_creacion, cap_estado) VALUES (3, 'station', '1988-05-24', '1983-07-23', '1985-08-09', 1);
INSERT INTO capacitacion (cap_id, cap_tema, cap_ini, cap_fin, cap_creacion, cap_estado) VALUES (4, 'rather', '1981-06-30', '2010-02-18', '2014-02-05', 1);
INSERT INTO capacitacion (cap_id, cap_tema, cap_ini, cap_fin, cap_creacion, cap_estado) VALUES (5, 'although', '2006-04-02', '2005-09-13', '1999-12-04', 0);
INSERT INTO capacitacion (cap_id, cap_tema, cap_ini, cap_fin, cap_creacion, cap_estado) VALUES (6, 'work', '1986-08-29', '1989-04-02', '1976-01-02', 1);
INSERT INTO capacitacion (cap_id, cap_tema, cap_ini, cap_fin, cap_creacion, cap_estado) VALUES (7, 'chair', '2016-05-02', '1995-07-31', '2019-02-22', 1);
INSERT INTO capacitacion (cap_id, cap_tema, cap_ini, cap_fin, cap_creacion, cap_estado) VALUES (8, 'operation', '2004-02-06', '1996-12-13', '2012-06-13', 1);
INSERT INTO capacitacion (cap_id, cap_tema, cap_ini, cap_fin, cap_creacion, cap_estado) VALUES (9, 'thus', '2006-12-20', '2000-12-28', '1979-08-12', 1);
INSERT INTO capacitacion (cap_id, cap_tema, cap_ini, cap_fin, cap_creacion, cap_estado) VALUES (10, 'on', '2002-07-13', '1974-02-16', '1995-01-14', 1);
INSERT INTO capacitacion (cap_id, cap_tema, cap_ini, cap_fin, cap_creacion, cap_estado) VALUES (11, 'fast', '1996-10-31', '1972-08-29', '1974-10-21', 1);
INSERT INTO capacitacion (cap_id, cap_tema, cap_ini, cap_fin, cap_creacion, cap_estado) VALUES (12, 'ten', '1983-08-06', '2001-05-15', '2008-06-29', 0);
INSERT INTO capacitacion (cap_id, cap_tema, cap_ini, cap_fin, cap_creacion, cap_estado) VALUES (13, 'ago', '1973-07-07', '2004-01-05', '1981-07-27', 0);
INSERT INTO capacitacion (cap_id, cap_tema, cap_ini, cap_fin, cap_creacion, cap_estado) VALUES (14, 'quality', '1985-10-03', '2006-06-24', '1975-04-22', 0);
INSERT INTO capacitacion (cap_id, cap_tema, cap_ini, cap_fin, cap_creacion, cap_estado) VALUES (15, 'stage', '2006-10-20', '1994-06-07', '2007-11-09', 1);
INSERT INTO capacitacion (cap_id, cap_tema, cap_ini, cap_fin, cap_creacion, cap_estado) VALUES (16, 'wear', '1973-07-16', '2018-04-08', '1970-02-06', 0);
INSERT INTO capacitacion (cap_id, cap_tema, cap_ini, cap_fin, cap_creacion, cap_estado) VALUES (17, 'assume', '1994-03-05', '1970-06-30', '1977-12-07', 1);
INSERT INTO capacitacion (cap_id, cap_tema, cap_ini, cap_fin, cap_creacion, cap_estado) VALUES (18, 'east', '1974-01-09', '2023-06-18', '1977-05-22', 1);
INSERT INTO capacitacion (cap_id, cap_tema, cap_ini, cap_fin, cap_creacion, cap_estado) VALUES (19, 'happy', '2004-02-02', '1995-11-15', '1971-02-12', 0);
INSERT INTO capacitacion (cap_id, cap_tema, cap_ini, cap_fin, cap_creacion, cap_estado) VALUES (20, 'detail', '2021-12-22', '1995-06-09', '1987-10-25', 0);
INSERT INTO capacitacion (cap_id, cap_tema, cap_ini, cap_fin, cap_creacion, cap_estado) VALUES (21, 'off', '2014-07-12', '1996-03-03', '1971-08-17', 1);
INSERT INTO capacitacion (cap_id, cap_tema, cap_ini, cap_fin, cap_creacion, cap_estado) VALUES (22, 'side', '2005-02-04', '1983-03-26', '2001-07-02', 1);
INSERT INTO capacitacion (cap_id, cap_tema, cap_ini, cap_fin, cap_creacion, cap_estado) VALUES (23, 'community', '2009-02-27', '1992-09-21', '1970-03-22', 1);
INSERT INTO capacitacion (cap_id, cap_tema, cap_ini, cap_fin, cap_creacion, cap_estado) VALUES (24, 'unit', '1991-09-21', '1988-06-04', '1974-04-04', 1);
INSERT INTO capacitacion (cap_id, cap_tema, cap_ini, cap_fin, cap_creacion, cap_estado) VALUES (25, 'arrive', '2008-10-22', '1980-05-13', '1992-03-14', 1);
INSERT INTO capacitacion (cap_id, cap_tema, cap_ini, cap_fin, cap_creacion, cap_estado) VALUES (26, 'arm', '1979-08-09', '1971-07-19', '1994-08-17', 1);
INSERT INTO capacitacion (cap_id, cap_tema, cap_ini, cap_fin, cap_creacion, cap_estado) VALUES (27, 'us', '2003-09-24', '1987-05-25', '2016-05-29', 1);
INSERT INTO capacitacion (cap_id, cap_tema, cap_ini, cap_fin, cap_creacion, cap_estado) VALUES (28, 'approach', '1977-05-05', '2009-04-10', '1994-08-28', 1);
INSERT INTO capacitacion (cap_id, cap_tema, cap_ini, cap_fin, cap_creacion, cap_estado) VALUES (29, 'story', '1977-12-13', '2020-12-05', '1988-07-26', 1);
INSERT INTO capacitacion (cap_id, cap_tema, cap_ini, cap_fin, cap_creacion, cap_estado) VALUES (30, 'simple', '1994-09-06', '2013-02-17', '2018-09-21', 1);
INSERT INTO capacitacion (cap_id, cap_tema, cap_ini, cap_fin, cap_creacion, cap_estado) VALUES (31, 'music', '1994-02-01', '2013-11-25', '2012-02-03', 0);
INSERT INTO capacitacion (cap_id, cap_tema, cap_ini, cap_fin, cap_creacion, cap_estado) VALUES (32, 'carry', '2010-07-18', '1982-04-13', '1994-10-05', 1);
INSERT INTO capacitacion (cap_id, cap_tema, cap_ini, cap_fin, cap_creacion, cap_estado) VALUES (33, 'worker', '1994-11-16', '2012-08-08', '1971-06-24', 1);
INSERT INTO capacitacion (cap_id, cap_tema, cap_ini, cap_fin, cap_creacion, cap_estado) VALUES (34, 'senior', '1993-09-28', '1979-09-30', '1989-07-27', 0);
INSERT INTO capacitacion (cap_id, cap_tema, cap_ini, cap_fin, cap_creacion, cap_estado) VALUES (35, 'learn', '2012-05-26', '1976-08-18', '2002-09-29', 1);
INSERT INTO capacitacion (cap_id, cap_tema, cap_ini, cap_fin, cap_creacion, cap_estado) VALUES (36, 'whole', '1990-09-16', '2020-01-05', '2001-11-09', 1);
INSERT INTO capacitacion (cap_id, cap_tema, cap_ini, cap_fin, cap_creacion, cap_estado) VALUES (37, 'generation', '1981-05-08', '1995-08-13', '1986-06-02', 0);
INSERT INTO capacitacion (cap_id, cap_tema, cap_ini, cap_fin, cap_creacion, cap_estado) VALUES (38, 'degree', '1988-09-09', '2000-09-04', '2017-03-22', 0);
INSERT INTO capacitacion (cap_id, cap_tema, cap_ini, cap_fin, cap_creacion, cap_estado) VALUES (39, 'blue', '2016-03-04', '2011-12-13', '2017-08-08', 0);
INSERT INTO capacitacion (cap_id, cap_tema, cap_ini, cap_fin, cap_creacion, cap_estado) VALUES (40, 'decade', '1973-11-12', '2002-09-01', '2006-08-29', 0);
INSERT INTO capacitacion (cap_id, cap_tema, cap_ini, cap_fin, cap_creacion, cap_estado) VALUES (41, 'person', '1982-04-17', '2013-10-20', '1988-01-25', 1);
INSERT INTO capacitacion (cap_id, cap_tema, cap_ini, cap_fin, cap_creacion, cap_estado) VALUES (42, 'toward', '1972-06-21', '1975-10-10', '1989-02-27', 0);
INSERT INTO capacitacion (cap_id, cap_tema, cap_ini, cap_fin, cap_creacion, cap_estado) VALUES (43, 'recent', '2020-04-12', '1992-08-09', '2001-10-02', 1);
INSERT INTO capacitacion (cap_id, cap_tema, cap_ini, cap_fin, cap_creacion, cap_estado) VALUES (44, 'lawyer', '2013-01-16', '2016-02-04', '1991-01-25', 1);
INSERT INTO capacitacion (cap_id, cap_tema, cap_ini, cap_fin, cap_creacion, cap_estado) VALUES (45, 'finish', '2013-05-14', '1990-09-14', '1987-05-16', 1);
INSERT INTO capacitacion (cap_id, cap_tema, cap_ini, cap_fin, cap_creacion, cap_estado) VALUES (46, 'stand', '1983-11-05', '1974-10-04', '2007-02-18', 1);
INSERT INTO capacitacion (cap_id, cap_tema, cap_ini, cap_fin, cap_creacion, cap_estado) VALUES (47, 'personal', '1989-05-15', '2006-07-28', '2016-11-08', 0);
INSERT INTO capacitacion (cap_id, cap_tema, cap_ini, cap_fin, cap_creacion, cap_estado) VALUES (48, 'reach', '1981-10-21', '1977-08-02', '1982-09-21', 0);
INSERT INTO capacitacion (cap_id, cap_tema, cap_ini, cap_fin, cap_creacion, cap_estado) VALUES (49, 'participant', '2012-08-20', '1974-11-13', '2005-10-31', 1);
INSERT INTO capacitacion (cap_id, cap_tema, cap_ini, cap_fin, cap_creacion, cap_estado) VALUES (50, 'than', '1992-07-28', '1983-10-17', '2009-02-26', 1);
INSERT INTO capacitacion (cap_id, cap_tema, cap_ini, cap_fin, cap_creacion, cap_estado) VALUES (51, 'even', '2007-10-25', '2016-01-09', '2023-12-03', 1);
INSERT INTO capacitacion (cap_id, cap_tema, cap_ini, cap_fin, cap_creacion, cap_estado) VALUES (52, 'hundred', '1973-01-22', '1994-04-20', '2002-03-26', 1);
INSERT INTO capacitacion (cap_id, cap_tema, cap_ini, cap_fin, cap_creacion, cap_estado) VALUES (53, 'six', '2001-06-11', '2020-04-03', '2006-04-15', 1);
INSERT INTO capacitacion (cap_id, cap_tema, cap_ini, cap_fin, cap_creacion, cap_estado) VALUES (54, 'American', '1983-01-07', '1999-04-22', '1998-08-19', 0);
INSERT INTO capacitacion (cap_id, cap_tema, cap_ini, cap_fin, cap_creacion, cap_estado) VALUES (55, 'policy', '1995-05-11', '1972-09-20', '1973-05-31', 1);
INSERT INTO capacitacion (cap_id, cap_tema, cap_ini, cap_fin, cap_creacion, cap_estado) VALUES (56, 'check', '2007-01-05', '1992-03-19', '1977-07-07', 1);
INSERT INTO capacitacion (cap_id, cap_tema, cap_ini, cap_fin, cap_creacion, cap_estado) VALUES (57, 'player', '1987-04-28', '1978-10-20', '1992-11-07', 1);
INSERT INTO capacitacion (cap_id, cap_tema, cap_ini, cap_fin, cap_creacion, cap_estado) VALUES (58, 'can', '1993-10-29', '1976-07-03', '2004-01-27', 0);
INSERT INTO capacitacion (cap_id, cap_tema, cap_ini, cap_fin, cap_creacion, cap_estado) VALUES (59, 'word', '2014-02-07', '2000-09-29', '1973-08-11', 0);
INSERT INTO capacitacion (cap_id, cap_tema, cap_ini, cap_fin, cap_creacion, cap_estado) VALUES (60, 'type', '2019-08-23', '1980-08-02', '1971-09-15', 0);
INSERT INTO capacitacion (cap_id, cap_tema, cap_ini, cap_fin, cap_creacion, cap_estado) VALUES (61, 'partner', '2021-02-19', '1971-02-18', '2002-11-27', 1);
INSERT INTO capacitacion (cap_id, cap_tema, cap_ini, cap_fin, cap_creacion, cap_estado) VALUES (62, 'thought', '2020-10-30', '1985-07-24', '1996-03-09', 1);
INSERT INTO capacitacion (cap_id, cap_tema, cap_ini, cap_fin, cap_creacion, cap_estado) VALUES (63, 'action', '1991-01-15', '1974-01-11', '2022-01-30', 0);
INSERT INTO capacitacion (cap_id, cap_tema, cap_ini, cap_fin, cap_creacion, cap_estado) VALUES (64, 'focus', '1991-06-12', '2008-10-06', '1998-12-22', 0);
INSERT INTO capacitacion (cap_id, cap_tema, cap_ini, cap_fin, cap_creacion, cap_estado) VALUES (65, 'enough', '1974-03-24', '2011-09-01', '2016-07-20', 1);
INSERT INTO capacitacion (cap_id, cap_tema, cap_ini, cap_fin, cap_creacion, cap_estado) VALUES (66, 'wait', '1973-08-24', '1970-09-28', '2023-12-13', 0);
INSERT INTO capacitacion (cap_id, cap_tema, cap_ini, cap_fin, cap_creacion, cap_estado) VALUES (67, 'view', '1976-03-15', '1995-06-29', '2018-10-15', 0);
INSERT INTO capacitacion (cap_id, cap_tema, cap_ini, cap_fin, cap_creacion, cap_estado) VALUES (68, 'group', '1991-11-29', '2004-12-24', '1978-04-20', 1);
INSERT INTO capacitacion (cap_id, cap_tema, cap_ini, cap_fin, cap_creacion, cap_estado) VALUES (69, 'effect', '1973-10-05', '1983-04-07', '1970-09-01', 0);
INSERT INTO capacitacion (cap_id, cap_tema, cap_ini, cap_fin, cap_creacion, cap_estado) VALUES (70, 'federal', '2007-03-06', '2005-04-26', '2000-08-10', 1);
INSERT INTO capacitacion (cap_id, cap_tema, cap_ini, cap_fin, cap_creacion, cap_estado) VALUES (71, 'small', '2004-08-09', '1982-03-29', '2003-03-14', 1);
INSERT INTO capacitacion (cap_id, cap_tema, cap_ini, cap_fin, cap_creacion, cap_estado) VALUES (72, 'activity', '1999-02-16', '2024-01-18', '1997-02-07', 1);
INSERT INTO capacitacion (cap_id, cap_tema, cap_ini, cap_fin, cap_creacion, cap_estado) VALUES (73, 'question', '1989-04-14', '1973-06-22', '1998-04-11', 0);
INSERT INTO capacitacion (cap_id, cap_tema, cap_ini, cap_fin, cap_creacion, cap_estado) VALUES (74, 'stock', '1994-04-20', '1991-11-16', '1972-01-12', 1);
INSERT INTO capacitacion (cap_id, cap_tema, cap_ini, cap_fin, cap_creacion, cap_estado) VALUES (75, 'amount', '1994-08-19', '2022-01-16', '1971-12-11', 1);
INSERT INTO capacitacion (cap_id, cap_tema, cap_ini, cap_fin, cap_creacion, cap_estado) VALUES (76, 'just', '2024-05-15', '2013-03-27', '2010-11-13', 0);
INSERT INTO capacitacion (cap_id, cap_tema, cap_ini, cap_fin, cap_creacion, cap_estado) VALUES (77, 'her', '2018-05-23', '1982-07-02', '1971-03-18', 0);
INSERT INTO capacitacion (cap_id, cap_tema, cap_ini, cap_fin, cap_creacion, cap_estado) VALUES (78, 'ahead', '1988-04-16', '1989-09-08', '1999-12-18', 1);
INSERT INTO capacitacion (cap_id, cap_tema, cap_ini, cap_fin, cap_creacion, cap_estado) VALUES (79, 'approach', '1987-03-05', '2017-12-25', '1974-09-02', 1);
INSERT INTO capacitacion (cap_id, cap_tema, cap_ini, cap_fin, cap_creacion, cap_estado) VALUES (80, 'skin', '1975-10-19', '2016-03-04', '1990-01-04', 0);
INSERT INTO capacitacion (cap_id, cap_tema, cap_ini, cap_fin, cap_creacion, cap_estado) VALUES (81, 'seven', '1974-04-10', '2023-10-02', '1976-02-17', 1);
INSERT INTO capacitacion (cap_id, cap_tema, cap_ini, cap_fin, cap_creacion, cap_estado) VALUES (82, 'its', '1994-01-05', '1992-05-08', '1996-11-05', 1);
INSERT INTO capacitacion (cap_id, cap_tema, cap_ini, cap_fin, cap_creacion, cap_estado) VALUES (83, 'soon', '2015-07-10', '1988-03-16', '2000-07-20', 1);
INSERT INTO capacitacion (cap_id, cap_tema, cap_ini, cap_fin, cap_creacion, cap_estado) VALUES (84, 'maintain', '1994-12-26', '2015-06-13', '1988-11-20', 1);
INSERT INTO capacitacion (cap_id, cap_tema, cap_ini, cap_fin, cap_creacion, cap_estado) VALUES (85, 'mind', '1991-03-15', '2010-07-08', '2000-05-22', 0);
INSERT INTO capacitacion (cap_id, cap_tema, cap_ini, cap_fin, cap_creacion, cap_estado) VALUES (86, 'her', '2024-05-06', '2018-05-08', '2017-11-03', 1);
INSERT INTO capacitacion (cap_id, cap_tema, cap_ini, cap_fin, cap_creacion, cap_estado) VALUES (87, 'close', '1987-12-14', '1981-12-12', '2016-10-14', 1);
INSERT INTO capacitacion (cap_id, cap_tema, cap_ini, cap_fin, cap_creacion, cap_estado) VALUES (88, 'doctor', '1977-03-18', '2003-04-22', '1981-01-30', 1);
INSERT INTO capacitacion (cap_id, cap_tema, cap_ini, cap_fin, cap_creacion, cap_estado) VALUES (89, 'lose', '2021-08-05', '1989-03-13', '2013-10-26', 0);
INSERT INTO capacitacion (cap_id, cap_tema, cap_ini, cap_fin, cap_creacion, cap_estado) VALUES (90, 'able', '2001-01-20', '2004-05-07', '2017-11-10', 0);
INSERT INTO capacitacion (cap_id, cap_tema, cap_ini, cap_fin, cap_creacion, cap_estado) VALUES (91, 'dog', '1993-03-18', '1991-08-06', '2016-01-25', 1);
INSERT INTO capacitacion (cap_id, cap_tema, cap_ini, cap_fin, cap_creacion, cap_estado) VALUES (92, 'light', '2014-12-09', '2002-04-04', '1977-02-21', 0);
INSERT INTO capacitacion (cap_id, cap_tema, cap_ini, cap_fin, cap_creacion, cap_estado) VALUES (93, 'note', '1997-08-08', '1974-12-24', '1997-08-13', 1);
INSERT INTO capacitacion (cap_id, cap_tema, cap_ini, cap_fin, cap_creacion, cap_estado) VALUES (94, 'we', '1993-12-03', '1999-12-07', '1992-11-23', 1);
INSERT INTO capacitacion (cap_id, cap_tema, cap_ini, cap_fin, cap_creacion, cap_estado) VALUES (95, 'throw', '1997-05-29', '2009-03-21', '2020-10-20', 1);
INSERT INTO capacitacion (cap_id, cap_tema, cap_ini, cap_fin, cap_creacion, cap_estado) VALUES (96, 'organization', '2018-01-25', '1988-12-06', '2001-04-23', 1);
INSERT INTO capacitacion (cap_id, cap_tema, cap_ini, cap_fin, cap_creacion, cap_estado) VALUES (97, 'into', '2021-10-13', '2008-01-26', '1998-07-31', 1);
INSERT INTO capacitacion (cap_id, cap_tema, cap_ini, cap_fin, cap_creacion, cap_estado) VALUES (98, 'age', '1984-01-31', '1984-01-08', '1977-03-26', 0);
INSERT INTO capacitacion (cap_id, cap_tema, cap_ini, cap_fin, cap_creacion, cap_estado) VALUES (99, 'high', '2017-05-30', '1991-09-16', '2002-07-08', 1);
INSERT INTO capacitacion (cap_id, cap_tema, cap_ini, cap_fin, cap_creacion, cap_estado) VALUES (100, 'defense', '1982-01-21', '2010-04-03', '1974-07-02', 1);
INSERT INTO evaluacion (eva_id, eva_nombre, eva_ini, eva_fin, eva_creacion, eva_estado, emp_id) VALUES (1, 'without', '1971-10-23', '2005-09-09', '1997-09-19', 1, 1);
INSERT INTO evaluacion (eva_id, eva_nombre, eva_ini, eva_fin, eva_creacion, eva_estado, emp_id) VALUES (2, 'deal', '1995-02-25', '2009-02-12', '1975-10-02', 1, 2);
INSERT INTO evaluacion (eva_id, eva_nombre, eva_ini, eva_fin, eva_creacion, eva_estado, emp_id) VALUES (3, 'audience', '1975-02-11', '1985-02-24', '1987-07-26', 1, 3);
INSERT INTO evaluacion (eva_id, eva_nombre, eva_ini, eva_fin, eva_creacion, eva_estado, emp_id) VALUES (4, 'magazine', '1982-05-14', '1988-04-08', '2009-05-15', 1, 4);
INSERT INTO evaluacion (eva_id, eva_nombre, eva_ini, eva_fin, eva_creacion, eva_estado, emp_id) VALUES (5, 'throughout', '1978-11-14', '2001-08-26', '2002-09-09', 0, 5);
INSERT INTO evaluacion (eva_id, eva_nombre, eva_ini, eva_fin, eva_creacion, eva_estado, emp_id) VALUES (6, 'ready', '2011-09-02', '1970-11-25', '1989-08-25', 1, 6);
INSERT INTO evaluacion (eva_id, eva_nombre, eva_ini, eva_fin, eva_creacion, eva_estado, emp_id) VALUES (7, 'know', '1974-11-12', '1972-12-13', '2023-06-04', 1, 7);
INSERT INTO evaluacion (eva_id, eva_nombre, eva_ini, eva_fin, eva_creacion, eva_estado, emp_id) VALUES (8, 'charge', '1999-01-25', '2007-03-21', '1986-02-06', 0, 8);
INSERT INTO evaluacion (eva_id, eva_nombre, eva_ini, eva_fin, eva_creacion, eva_estado, emp_id) VALUES (9, 'challenge', '2013-12-01', '2019-06-26', '1985-01-15', 0, 9);
INSERT INTO evaluacion (eva_id, eva_nombre, eva_ini, eva_fin, eva_creacion, eva_estado, emp_id) VALUES (10, 'business', '2024-01-16', '1995-03-23', '1994-03-12', 1, 10);
INSERT INTO evaluacion (eva_id, eva_nombre, eva_ini, eva_fin, eva_creacion, eva_estado, emp_id) VALUES (11, 'real', '2010-03-16', '1979-10-19', '2011-09-12', 1, 11);
INSERT INTO evaluacion (eva_id, eva_nombre, eva_ini, eva_fin, eva_creacion, eva_estado, emp_id) VALUES (12, 'admit', '1992-12-24', '1971-04-26', '1971-02-01', 1, 12);
INSERT INTO evaluacion (eva_id, eva_nombre, eva_ini, eva_fin, eva_creacion, eva_estado, emp_id) VALUES (13, 'right', '2014-03-16', '1985-09-29', '1995-01-24', 1, 13);
INSERT INTO evaluacion (eva_id, eva_nombre, eva_ini, eva_fin, eva_creacion, eva_estado, emp_id) VALUES (14, 'our', '1993-12-19', '1976-12-12', '2012-08-03', 1, 14);
INSERT INTO evaluacion (eva_id, eva_nombre, eva_ini, eva_fin, eva_creacion, eva_estado, emp_id) VALUES (15, 'yeah', '2012-11-18', '1985-06-07', '1985-12-18', 0, 15);
INSERT INTO evaluacion (eva_id, eva_nombre, eva_ini, eva_fin, eva_creacion, eva_estado, emp_id) VALUES (16, 'parent', '2008-07-10', '1977-09-30', '2011-12-08', 0, 16);
INSERT INTO evaluacion (eva_id, eva_nombre, eva_ini, eva_fin, eva_creacion, eva_estado, emp_id) VALUES (17, 'senior', '1991-09-17', '1985-01-28', '1989-12-11', 1, 17);
INSERT INTO evaluacion (eva_id, eva_nombre, eva_ini, eva_fin, eva_creacion, eva_estado, emp_id) VALUES (18, 'how', '2008-09-20', '2008-03-12', '1985-04-07', 0, 18);
INSERT INTO evaluacion (eva_id, eva_nombre, eva_ini, eva_fin, eva_creacion, eva_estado, emp_id) VALUES (19, 'control', '2023-03-02', '2019-09-27', '1971-01-12', 1, 19);
INSERT INTO evaluacion (eva_id, eva_nombre, eva_ini, eva_fin, eva_creacion, eva_estado, emp_id) VALUES (20, 'Democrat', '1983-10-31', '2002-05-14', '1999-09-18', 1, 20);
INSERT INTO evaluacion (eva_id, eva_nombre, eva_ini, eva_fin, eva_creacion, eva_estado, emp_id) VALUES (21, 'perhaps', '1971-10-21', '2016-02-06', '2002-03-11', 1, 21);
INSERT INTO evaluacion (eva_id, eva_nombre, eva_ini, eva_fin, eva_creacion, eva_estado, emp_id) VALUES (22, 'role', '1973-01-11', '1985-12-13', '2012-07-05', 0, 22);
INSERT INTO evaluacion (eva_id, eva_nombre, eva_ini, eva_fin, eva_creacion, eva_estado, emp_id) VALUES (23, 'door', '2022-10-25', '1972-04-04', '2023-09-30', 1, 23);
INSERT INTO evaluacion (eva_id, eva_nombre, eva_ini, eva_fin, eva_creacion, eva_estado, emp_id) VALUES (24, 'movie', '1973-09-27', '2002-09-17', '2022-10-20', 0, 24);
INSERT INTO evaluacion (eva_id, eva_nombre, eva_ini, eva_fin, eva_creacion, eva_estado, emp_id) VALUES (25, 'throughout', '2023-12-18', '1999-03-18', '2013-06-30', 1, 25);
INSERT INTO evaluacion (eva_id, eva_nombre, eva_ini, eva_fin, eva_creacion, eva_estado, emp_id) VALUES (26, 'much', '2007-07-17', '1996-12-18', '1978-03-23', 1, 26);
INSERT INTO evaluacion (eva_id, eva_nombre, eva_ini, eva_fin, eva_creacion, eva_estado, emp_id) VALUES (27, 'social', '1980-08-06', '2011-05-01', '2022-01-06', 0, 27);
INSERT INTO evaluacion (eva_id, eva_nombre, eva_ini, eva_fin, eva_creacion, eva_estado, emp_id) VALUES (28, 'commercial', '2019-01-04', '1996-09-09', '1993-09-01', 1, 28);
INSERT INTO evaluacion (eva_id, eva_nombre, eva_ini, eva_fin, eva_creacion, eva_estado, emp_id) VALUES (29, 'serve', '2003-04-01', '2013-04-10', '2014-11-05', 0, 29);
INSERT INTO evaluacion (eva_id, eva_nombre, eva_ini, eva_fin, eva_creacion, eva_estado, emp_id) VALUES (30, 'father', '1988-06-20', '2018-12-18', '2016-09-12', 1, 30);
INSERT INTO evaluacion (eva_id, eva_nombre, eva_ini, eva_fin, eva_creacion, eva_estado, emp_id) VALUES (31, 'year', '2008-03-02', '1977-02-04', '2016-11-09', 1, 31);
INSERT INTO evaluacion (eva_id, eva_nombre, eva_ini, eva_fin, eva_creacion, eva_estado, emp_id) VALUES (32, 'thing', '2017-12-21', '1972-05-19', '1996-07-31', 0, 32);
INSERT INTO evaluacion (eva_id, eva_nombre, eva_ini, eva_fin, eva_creacion, eva_estado, emp_id) VALUES (33, 'actually', '1993-04-16', '2002-01-07', '2023-02-27', 0, 33);
INSERT INTO evaluacion (eva_id, eva_nombre, eva_ini, eva_fin, eva_creacion, eva_estado, emp_id) VALUES (34, 'beat', '2022-01-23', '1992-06-05', '1994-05-17', 0, 34);
INSERT INTO evaluacion (eva_id, eva_nombre, eva_ini, eva_fin, eva_creacion, eva_estado, emp_id) VALUES (35, 'throw', '1992-02-07', '2005-04-24', '2015-05-16', 0, 35);
INSERT INTO evaluacion (eva_id, eva_nombre, eva_ini, eva_fin, eva_creacion, eva_estado, emp_id) VALUES (36, 'room', '1975-12-27', '2020-01-21', '1980-07-01', 1, 36);
INSERT INTO evaluacion (eva_id, eva_nombre, eva_ini, eva_fin, eva_creacion, eva_estado, emp_id) VALUES (37, 'consider', '1981-03-21', '1985-09-27', '1996-10-02', 1, 37);
INSERT INTO evaluacion (eva_id, eva_nombre, eva_ini, eva_fin, eva_creacion, eva_estado, emp_id) VALUES (38, 'daughter', '1975-08-12', '2003-07-18', '1982-05-06', 1, 38);
INSERT INTO evaluacion (eva_id, eva_nombre, eva_ini, eva_fin, eva_creacion, eva_estado, emp_id) VALUES (39, 'example', '2018-04-11', '1993-10-11', '2024-04-03', 1, 39);
INSERT INTO evaluacion (eva_id, eva_nombre, eva_ini, eva_fin, eva_creacion, eva_estado, emp_id) VALUES (40, 'measure', '2003-01-14', '1993-01-11', '1985-12-19', 0, 40);
INSERT INTO evaluacion (eva_id, eva_nombre, eva_ini, eva_fin, eva_creacion, eva_estado, emp_id) VALUES (41, 'similar', '2001-07-14', '1988-10-01', '2012-06-10', 1, 41);
INSERT INTO evaluacion (eva_id, eva_nombre, eva_ini, eva_fin, eva_creacion, eva_estado, emp_id) VALUES (42, 'body', '2022-07-16', '1970-05-13', '1994-12-07', 0, 42);
INSERT INTO evaluacion (eva_id, eva_nombre, eva_ini, eva_fin, eva_creacion, eva_estado, emp_id) VALUES (43, 'morning', '1973-05-27', '1976-03-31', '2013-05-26', 1, 43);
INSERT INTO evaluacion (eva_id, eva_nombre, eva_ini, eva_fin, eva_creacion, eva_estado, emp_id) VALUES (44, 'doctor', '1974-01-29', '2011-02-09', '1975-09-10', 0, 44);
INSERT INTO evaluacion (eva_id, eva_nombre, eva_ini, eva_fin, eva_creacion, eva_estado, emp_id) VALUES (45, 'building', '1990-09-07', '1998-03-30', '1992-02-04', 1, 45);
INSERT INTO evaluacion (eva_id, eva_nombre, eva_ini, eva_fin, eva_creacion, eva_estado, emp_id) VALUES (46, 'president', '2007-01-05', '2015-03-17', '1990-07-31', 1, 46);
INSERT INTO evaluacion (eva_id, eva_nombre, eva_ini, eva_fin, eva_creacion, eva_estado, emp_id) VALUES (47, 'well', '1982-06-14', '2003-09-17', '2013-04-13', 0, 47);
INSERT INTO evaluacion (eva_id, eva_nombre, eva_ini, eva_fin, eva_creacion, eva_estado, emp_id) VALUES (48, 'top', '1971-01-08', '2003-11-10', '2013-10-31', 1, 48);
INSERT INTO evaluacion (eva_id, eva_nombre, eva_ini, eva_fin, eva_creacion, eva_estado, emp_id) VALUES (49, 'skill', '2016-10-20', '2001-05-31', '1991-10-28', 0, 49);
INSERT INTO evaluacion (eva_id, eva_nombre, eva_ini, eva_fin, eva_creacion, eva_estado, emp_id) VALUES (50, 'significant', '1993-08-11', '2022-09-23', '2011-08-15', 0, 50);
INSERT INTO evaluacion (eva_id, eva_nombre, eva_ini, eva_fin, eva_creacion, eva_estado, emp_id) VALUES (51, 'herself', '1998-01-22', '2018-07-28', '2006-03-03', 0, 51);
INSERT INTO evaluacion (eva_id, eva_nombre, eva_ini, eva_fin, eva_creacion, eva_estado, emp_id) VALUES (52, 'friend', '1988-06-14', '2002-10-27', '2010-05-02', 1, 52);
INSERT INTO evaluacion (eva_id, eva_nombre, eva_ini, eva_fin, eva_creacion, eva_estado, emp_id) VALUES (53, 'often', '1978-05-17', '1982-08-18', '1997-06-25', 0, 53);
INSERT INTO evaluacion (eva_id, eva_nombre, eva_ini, eva_fin, eva_creacion, eva_estado, emp_id) VALUES (54, 'thus', '2009-06-26', '2005-02-13', '1988-06-29', 0, 54);
INSERT INTO evaluacion (eva_id, eva_nombre, eva_ini, eva_fin, eva_creacion, eva_estado, emp_id) VALUES (55, 'yourself', '1996-05-16', '1970-02-28', '2006-09-07', 1, 55);
INSERT INTO evaluacion (eva_id, eva_nombre, eva_ini, eva_fin, eva_creacion, eva_estado, emp_id) VALUES (56, 'go', '1994-08-12', '2019-12-08', '1977-04-05', 1, 56);
INSERT INTO evaluacion (eva_id, eva_nombre, eva_ini, eva_fin, eva_creacion, eva_estado, emp_id) VALUES (57, 'lead', '1971-08-12', '1991-02-23', '2008-01-01', 1, 57);
INSERT INTO evaluacion (eva_id, eva_nombre, eva_ini, eva_fin, eva_creacion, eva_estado, emp_id) VALUES (58, 'return', '2011-11-05', '2019-03-01', '1974-09-11', 0, 58);
INSERT INTO evaluacion (eva_id, eva_nombre, eva_ini, eva_fin, eva_creacion, eva_estado, emp_id) VALUES (59, 'force', '2021-12-01', '1999-03-14', '1974-07-09', 0, 59);
INSERT INTO evaluacion (eva_id, eva_nombre, eva_ini, eva_fin, eva_creacion, eva_estado, emp_id) VALUES (60, 'whole', '2021-07-21', '1974-03-10', '2013-10-17', 1, 60);
INSERT INTO evaluacion (eva_id, eva_nombre, eva_ini, eva_fin, eva_creacion, eva_estado, emp_id) VALUES (61, 'glass', '2014-01-28', '2020-02-16', '1997-01-31', 0, 61);
INSERT INTO evaluacion (eva_id, eva_nombre, eva_ini, eva_fin, eva_creacion, eva_estado, emp_id) VALUES (62, 'seem', '2019-12-03', '2019-11-23', '1982-05-26', 1, 62);
INSERT INTO evaluacion (eva_id, eva_nombre, eva_ini, eva_fin, eva_creacion, eva_estado, emp_id) VALUES (63, 'sound', '1970-04-16', '2023-03-01', '2012-02-27', 1, 63);
INSERT INTO evaluacion (eva_id, eva_nombre, eva_ini, eva_fin, eva_creacion, eva_estado, emp_id) VALUES (64, 'official', '1986-10-29', '2007-03-01', '2017-06-30', 1, 64);
INSERT INTO evaluacion (eva_id, eva_nombre, eva_ini, eva_fin, eva_creacion, eva_estado, emp_id) VALUES (65, 'treatment', '2003-07-25', '1985-12-26', '2000-11-14', 0, 65);
INSERT INTO evaluacion (eva_id, eva_nombre, eva_ini, eva_fin, eva_creacion, eva_estado, emp_id) VALUES (66, 'collection', '2019-02-07', '1986-07-11', '1977-02-28', 0, 66);
INSERT INTO evaluacion (eva_id, eva_nombre, eva_ini, eva_fin, eva_creacion, eva_estado, emp_id) VALUES (67, 'single', '1987-03-15', '2007-01-19', '1996-08-19', 1, 67);
INSERT INTO evaluacion (eva_id, eva_nombre, eva_ini, eva_fin, eva_creacion, eva_estado, emp_id) VALUES (68, 'think', '2013-06-12', '1972-02-25', '2020-09-03', 1, 68);
INSERT INTO evaluacion (eva_id, eva_nombre, eva_ini, eva_fin, eva_creacion, eva_estado, emp_id) VALUES (69, 'turn', '1990-02-05', '2020-04-03', '2013-01-18', 0, 69);
INSERT INTO evaluacion (eva_id, eva_nombre, eva_ini, eva_fin, eva_creacion, eva_estado, emp_id) VALUES (70, 'baby', '1989-09-13', '2001-09-30', '2021-10-21', 1, 70);
INSERT INTO evaluacion (eva_id, eva_nombre, eva_ini, eva_fin, eva_creacion, eva_estado, emp_id) VALUES (71, 'turn', '2022-06-02', '1985-03-24', '1982-09-04', 1, 71);
INSERT INTO evaluacion (eva_id, eva_nombre, eva_ini, eva_fin, eva_creacion, eva_estado, emp_id) VALUES (72, 'time', '1993-09-24', '2020-02-11', '2015-12-22', 0, 72);
INSERT INTO evaluacion (eva_id, eva_nombre, eva_ini, eva_fin, eva_creacion, eva_estado, emp_id) VALUES (73, 'bad', '2014-07-03', '1992-09-03', '2003-08-17', 0, 73);
INSERT INTO evaluacion (eva_id, eva_nombre, eva_ini, eva_fin, eva_creacion, eva_estado, emp_id) VALUES (74, 'sell', '2008-07-20', '1989-07-10', '1989-02-25', 0, 74);
INSERT INTO evaluacion (eva_id, eva_nombre, eva_ini, eva_fin, eva_creacion, eva_estado, emp_id) VALUES (75, 'run', '1996-05-31', '1981-08-04', '1974-07-31', 0, 75);
INSERT INTO evaluacion (eva_id, eva_nombre, eva_ini, eva_fin, eva_creacion, eva_estado, emp_id) VALUES (76, 'old', '2014-12-02', '2023-01-13', '2016-08-18', 0, 76);
INSERT INTO evaluacion (eva_id, eva_nombre, eva_ini, eva_fin, eva_creacion, eva_estado, emp_id) VALUES (77, 'write', '2013-08-06', '1997-04-03', '2014-05-27', 0, 77);
INSERT INTO evaluacion (eva_id, eva_nombre, eva_ini, eva_fin, eva_creacion, eva_estado, emp_id) VALUES (78, 'cover', '1993-10-28', '2020-07-19', '1983-08-01', 0, 78);
INSERT INTO evaluacion (eva_id, eva_nombre, eva_ini, eva_fin, eva_creacion, eva_estado, emp_id) VALUES (79, 'sure', '2024-02-01', '1974-09-18', '1984-03-25', 1, 79);
INSERT INTO evaluacion (eva_id, eva_nombre, eva_ini, eva_fin, eva_creacion, eva_estado, emp_id) VALUES (80, 'contain', '1970-07-19', '2005-05-27', '2013-08-25', 0, 80);
INSERT INTO evaluacion (eva_id, eva_nombre, eva_ini, eva_fin, eva_creacion, eva_estado, emp_id) VALUES (81, 'property', '2010-06-05', '1996-02-02', '2005-01-16', 1, 81);
INSERT INTO evaluacion (eva_id, eva_nombre, eva_ini, eva_fin, eva_creacion, eva_estado, emp_id) VALUES (82, 'onto', '1999-08-07', '1990-06-12', '1973-09-13', 0, 82);
INSERT INTO evaluacion (eva_id, eva_nombre, eva_ini, eva_fin, eva_creacion, eva_estado, emp_id) VALUES (83, 'world', '2017-07-01', '2018-07-09', '2000-12-13', 0, 83);
INSERT INTO evaluacion (eva_id, eva_nombre, eva_ini, eva_fin, eva_creacion, eva_estado, emp_id) VALUES (84, 'score', '1979-06-23', '1985-08-01', '1974-01-27', 1, 84);
INSERT INTO evaluacion (eva_id, eva_nombre, eva_ini, eva_fin, eva_creacion, eva_estado, emp_id) VALUES (85, 'red', '1983-08-09', '1998-10-29', '1998-09-26', 1, 85);
INSERT INTO evaluacion (eva_id, eva_nombre, eva_ini, eva_fin, eva_creacion, eva_estado, emp_id) VALUES (86, 'admit', '1970-04-16', '2004-06-15', '1974-12-03', 0, 86);
INSERT INTO evaluacion (eva_id, eva_nombre, eva_ini, eva_fin, eva_creacion, eva_estado, emp_id) VALUES (87, 'Mr', '1971-09-08', '1992-03-22', '1989-07-15', 1, 87);
INSERT INTO evaluacion (eva_id, eva_nombre, eva_ini, eva_fin, eva_creacion, eva_estado, emp_id) VALUES (88, 'song', '1978-11-20', '2004-10-21', '1996-04-27', 0, 88);
INSERT INTO evaluacion (eva_id, eva_nombre, eva_ini, eva_fin, eva_creacion, eva_estado, emp_id) VALUES (89, 'else', '1972-07-16', '1981-10-07', '1975-10-02', 1, 89);
INSERT INTO evaluacion (eva_id, eva_nombre, eva_ini, eva_fin, eva_creacion, eva_estado, emp_id) VALUES (90, 'indicate', '2008-08-05', '2015-02-20', '2002-11-01', 0, 90);
INSERT INTO evaluacion (eva_id, eva_nombre, eva_ini, eva_fin, eva_creacion, eva_estado, emp_id) VALUES (91, 'radio', '1978-01-28', '1985-05-06', '1970-08-18', 1, 91);
INSERT INTO evaluacion (eva_id, eva_nombre, eva_ini, eva_fin, eva_creacion, eva_estado, emp_id) VALUES (92, 'product', '1992-04-04', '1984-07-18', '1996-01-30', 1, 92);
INSERT INTO evaluacion (eva_id, eva_nombre, eva_ini, eva_fin, eva_creacion, eva_estado, emp_id) VALUES (93, 'upon', '1978-02-24', '1990-11-03', '1987-10-06', 0, 93);
INSERT INTO evaluacion (eva_id, eva_nombre, eva_ini, eva_fin, eva_creacion, eva_estado, emp_id) VALUES (94, 'eat', '1979-10-06', '2007-01-06', '2021-06-26', 0, 94);
INSERT INTO evaluacion (eva_id, eva_nombre, eva_ini, eva_fin, eva_creacion, eva_estado, emp_id) VALUES (95, 'it', '1991-06-30', '1982-02-14', '2013-09-21', 1, 95);
INSERT INTO evaluacion (eva_id, eva_nombre, eva_ini, eva_fin, eva_creacion, eva_estado, emp_id) VALUES (96, 'population', '2013-07-15', '1970-07-14', '2023-04-26', 1, 96);
INSERT INTO evaluacion (eva_id, eva_nombre, eva_ini, eva_fin, eva_creacion, eva_estado, emp_id) VALUES (97, 'soon', '1992-06-05', '2012-12-11', '1979-12-26', 0, 97);
INSERT INTO evaluacion (eva_id, eva_nombre, eva_ini, eva_fin, eva_creacion, eva_estado, emp_id) VALUES (98, 'concern', '1989-11-16', '1978-04-16', '2022-05-11', 0, 98);
INSERT INTO evaluacion (eva_id, eva_nombre, eva_ini, eva_fin, eva_creacion, eva_estado, emp_id) VALUES (99, 'hair', '2010-10-09', '2022-09-11', '2013-03-14', 1, 99);
INSERT INTO evaluacion (eva_id, eva_nombre, eva_ini, eva_fin, eva_creacion, eva_estado, emp_id) VALUES (100, 'spring', '2000-11-20', '1974-06-14', '2007-04-24', 0, 100);
INSERT INTO empleado_capacitacion (emp_id, cap_id, emc_creacion, emc_estado) VALUES (1, 1, '2020-05-26', 0);
INSERT INTO empleado_capacitacion (emp_id, cap_id, emc_creacion, emc_estado) VALUES (2, 2, '1971-05-20', 1);
INSERT INTO empleado_capacitacion (emp_id, cap_id, emc_creacion, emc_estado) VALUES (3, 3, '2005-11-04', 0);
INSERT INTO empleado_capacitacion (emp_id, cap_id, emc_creacion, emc_estado) VALUES (4, 4, '1998-02-20', 1);
INSERT INTO empleado_capacitacion (emp_id, cap_id, emc_creacion, emc_estado) VALUES (5, 5, '2022-11-30', 1);
INSERT INTO empleado_capacitacion (emp_id, cap_id, emc_creacion, emc_estado) VALUES (6, 6, '2003-09-06', 1);
INSERT INTO empleado_capacitacion (emp_id, cap_id, emc_creacion, emc_estado) VALUES (7, 7, '1977-09-22', 1);
INSERT INTO empleado_capacitacion (emp_id, cap_id, emc_creacion, emc_estado) VALUES (8, 8, '1975-10-20', 0);
INSERT INTO empleado_capacitacion (emp_id, cap_id, emc_creacion, emc_estado) VALUES (9, 9, '1982-09-01', 0);
INSERT INTO empleado_capacitacion (emp_id, cap_id, emc_creacion, emc_estado) VALUES (10, 10, '1982-07-21', 1);
INSERT INTO empleado_capacitacion (emp_id, cap_id, emc_creacion, emc_estado) VALUES (11, 11, '1976-10-02', 1);
INSERT INTO empleado_capacitacion (emp_id, cap_id, emc_creacion, emc_estado) VALUES (12, 12, '2020-07-11', 1);
INSERT INTO empleado_capacitacion (emp_id, cap_id, emc_creacion, emc_estado) VALUES (13, 13, '2005-01-04', 0);
INSERT INTO empleado_capacitacion (emp_id, cap_id, emc_creacion, emc_estado) VALUES (14, 14, '1998-03-18', 0);
INSERT INTO empleado_capacitacion (emp_id, cap_id, emc_creacion, emc_estado) VALUES (15, 15, '1984-07-03', 0);
INSERT INTO empleado_capacitacion (emp_id, cap_id, emc_creacion, emc_estado) VALUES (16, 16, '2017-01-14', 0);
INSERT INTO empleado_capacitacion (emp_id, cap_id, emc_creacion, emc_estado) VALUES (17, 17, '2022-08-03', 1);
INSERT INTO empleado_capacitacion (emp_id, cap_id, emc_creacion, emc_estado) VALUES (18, 18, '1977-04-23', 1);
INSERT INTO empleado_capacitacion (emp_id, cap_id, emc_creacion, emc_estado) VALUES (19, 19, '2008-08-24', 0);
INSERT INTO empleado_capacitacion (emp_id, cap_id, emc_creacion, emc_estado) VALUES (20, 20, '2002-02-15', 0);
INSERT INTO empleado_capacitacion (emp_id, cap_id, emc_creacion, emc_estado) VALUES (21, 21, '1990-12-14', 0);
INSERT INTO empleado_capacitacion (emp_id, cap_id, emc_creacion, emc_estado) VALUES (22, 22, '1989-09-10', 0);
INSERT INTO empleado_capacitacion (emp_id, cap_id, emc_creacion, emc_estado) VALUES (23, 23, '1978-10-03', 0);
INSERT INTO empleado_capacitacion (emp_id, cap_id, emc_creacion, emc_estado) VALUES (24, 24, '1993-06-08', 0);
INSERT INTO empleado_capacitacion (emp_id, cap_id, emc_creacion, emc_estado) VALUES (25, 25, '1985-03-16', 1);
INSERT INTO empleado_capacitacion (emp_id, cap_id, emc_creacion, emc_estado) VALUES (26, 26, '1970-01-08', 1);
INSERT INTO empleado_capacitacion (emp_id, cap_id, emc_creacion, emc_estado) VALUES (27, 27, '2021-02-16', 0);
INSERT INTO empleado_capacitacion (emp_id, cap_id, emc_creacion, emc_estado) VALUES (28, 28, '1990-08-28', 1);
INSERT INTO empleado_capacitacion (emp_id, cap_id, emc_creacion, emc_estado) VALUES (29, 29, '1991-10-31', 1);
INSERT INTO empleado_capacitacion (emp_id, cap_id, emc_creacion, emc_estado) VALUES (30, 30, '1971-03-01', 0);
INSERT INTO empleado_capacitacion (emp_id, cap_id, emc_creacion, emc_estado) VALUES (31, 31, '2023-01-04', 0);
INSERT INTO empleado_capacitacion (emp_id, cap_id, emc_creacion, emc_estado) VALUES (32, 32, '1979-01-22', 0);
INSERT INTO empleado_capacitacion (emp_id, cap_id, emc_creacion, emc_estado) VALUES (33, 33, '2021-09-11', 0);
INSERT INTO empleado_capacitacion (emp_id, cap_id, emc_creacion, emc_estado) VALUES (34, 34, '2009-10-19', 0);
INSERT INTO empleado_capacitacion (emp_id, cap_id, emc_creacion, emc_estado) VALUES (35, 35, '1990-04-09', 0);
INSERT INTO empleado_capacitacion (emp_id, cap_id, emc_creacion, emc_estado) VALUES (36, 36, '2010-09-13', 1);
INSERT INTO empleado_capacitacion (emp_id, cap_id, emc_creacion, emc_estado) VALUES (37, 37, '2009-06-07', 0);
INSERT INTO empleado_capacitacion (emp_id, cap_id, emc_creacion, emc_estado) VALUES (38, 38, '2016-02-02', 0);
INSERT INTO empleado_capacitacion (emp_id, cap_id, emc_creacion, emc_estado) VALUES (39, 39, '2017-06-11', 1);
INSERT INTO empleado_capacitacion (emp_id, cap_id, emc_creacion, emc_estado) VALUES (40, 40, '1972-07-03', 0);
INSERT INTO empleado_capacitacion (emp_id, cap_id, emc_creacion, emc_estado) VALUES (41, 41, '2001-06-05', 0);
INSERT INTO empleado_capacitacion (emp_id, cap_id, emc_creacion, emc_estado) VALUES (42, 42, '1992-06-25', 0);
INSERT INTO empleado_capacitacion (emp_id, cap_id, emc_creacion, emc_estado) VALUES (43, 43, '1992-09-02', 1);
INSERT INTO empleado_capacitacion (emp_id, cap_id, emc_creacion, emc_estado) VALUES (44, 44, '2006-09-21', 0);
INSERT INTO empleado_capacitacion (emp_id, cap_id, emc_creacion, emc_estado) VALUES (45, 45, '1989-02-08', 0);
INSERT INTO empleado_capacitacion (emp_id, cap_id, emc_creacion, emc_estado) VALUES (46, 46, '1983-11-21', 0);
INSERT INTO empleado_capacitacion (emp_id, cap_id, emc_creacion, emc_estado) VALUES (47, 47, '2015-06-10', 1);
INSERT INTO empleado_capacitacion (emp_id, cap_id, emc_creacion, emc_estado) VALUES (48, 48, '2008-05-29', 1);
INSERT INTO empleado_capacitacion (emp_id, cap_id, emc_creacion, emc_estado) VALUES (49, 49, '1992-05-23', 0);
INSERT INTO empleado_capacitacion (emp_id, cap_id, emc_creacion, emc_estado) VALUES (50, 50, '2001-01-15', 0);
INSERT INTO empleado_capacitacion (emp_id, cap_id, emc_creacion, emc_estado) VALUES (51, 51, '2004-09-12', 1);
INSERT INTO empleado_capacitacion (emp_id, cap_id, emc_creacion, emc_estado) VALUES (52, 52, '2007-09-28', 1);
INSERT INTO empleado_capacitacion (emp_id, cap_id, emc_creacion, emc_estado) VALUES (53, 53, '1995-04-10', 0);
INSERT INTO empleado_capacitacion (emp_id, cap_id, emc_creacion, emc_estado) VALUES (54, 54, '1995-07-22', 1);
INSERT INTO empleado_capacitacion (emp_id, cap_id, emc_creacion, emc_estado) VALUES (55, 55, '1986-07-02', 1);
INSERT INTO empleado_capacitacion (emp_id, cap_id, emc_creacion, emc_estado) VALUES (56, 56, '1979-05-08', 1);
INSERT INTO empleado_capacitacion (emp_id, cap_id, emc_creacion, emc_estado) VALUES (57, 57, '2006-03-13', 0);
INSERT INTO empleado_capacitacion (emp_id, cap_id, emc_creacion, emc_estado) VALUES (58, 58, '2020-04-02', 0);
INSERT INTO empleado_capacitacion (emp_id, cap_id, emc_creacion, emc_estado) VALUES (59, 59, '1988-01-29', 0);
INSERT INTO empleado_capacitacion (emp_id, cap_id, emc_creacion, emc_estado) VALUES (60, 60, '1979-01-06', 0);
INSERT INTO empleado_capacitacion (emp_id, cap_id, emc_creacion, emc_estado) VALUES (61, 61, '2012-01-13', 0);
INSERT INTO empleado_capacitacion (emp_id, cap_id, emc_creacion, emc_estado) VALUES (62, 62, '1974-03-04', 1);
INSERT INTO empleado_capacitacion (emp_id, cap_id, emc_creacion, emc_estado) VALUES (63, 63, '2022-02-15', 1);
INSERT INTO empleado_capacitacion (emp_id, cap_id, emc_creacion, emc_estado) VALUES (64, 64, '1979-06-03', 0);
INSERT INTO empleado_capacitacion (emp_id, cap_id, emc_creacion, emc_estado) VALUES (65, 65, '2019-02-25', 1);
INSERT INTO empleado_capacitacion (emp_id, cap_id, emc_creacion, emc_estado) VALUES (66, 66, '2018-12-15', 1);
INSERT INTO empleado_capacitacion (emp_id, cap_id, emc_creacion, emc_estado) VALUES (67, 67, '2004-11-21', 0);
INSERT INTO empleado_capacitacion (emp_id, cap_id, emc_creacion, emc_estado) VALUES (68, 68, '1996-03-09', 0);
INSERT INTO empleado_capacitacion (emp_id, cap_id, emc_creacion, emc_estado) VALUES (69, 69, '2003-08-28', 0);
INSERT INTO empleado_capacitacion (emp_id, cap_id, emc_creacion, emc_estado) VALUES (70, 70, '1975-02-10', 1);
INSERT INTO empleado_capacitacion (emp_id, cap_id, emc_creacion, emc_estado) VALUES (71, 71, '1990-01-24', 0);
INSERT INTO empleado_capacitacion (emp_id, cap_id, emc_creacion, emc_estado) VALUES (72, 72, '2001-11-05', 1);
INSERT INTO empleado_capacitacion (emp_id, cap_id, emc_creacion, emc_estado) VALUES (73, 73, '1995-11-06', 1);
INSERT INTO empleado_capacitacion (emp_id, cap_id, emc_creacion, emc_estado) VALUES (74, 74, '2001-06-11', 1);
INSERT INTO empleado_capacitacion (emp_id, cap_id, emc_creacion, emc_estado) VALUES (75, 75, '1997-01-12', 1);
INSERT INTO empleado_capacitacion (emp_id, cap_id, emc_creacion, emc_estado) VALUES (76, 76, '2007-12-04', 1);
INSERT INTO empleado_capacitacion (emp_id, cap_id, emc_creacion, emc_estado) VALUES (77, 77, '1979-04-25', 1);
INSERT INTO empleado_capacitacion (emp_id, cap_id, emc_creacion, emc_estado) VALUES (78, 78, '2005-10-26', 1);
INSERT INTO empleado_capacitacion (emp_id, cap_id, emc_creacion, emc_estado) VALUES (79, 79, '1979-06-04', 0);
INSERT INTO empleado_capacitacion (emp_id, cap_id, emc_creacion, emc_estado) VALUES (80, 80, '1976-01-30', 1);
INSERT INTO empleado_capacitacion (emp_id, cap_id, emc_creacion, emc_estado) VALUES (81, 81, '1985-12-31', 1);
INSERT INTO empleado_capacitacion (emp_id, cap_id, emc_creacion, emc_estado) VALUES (82, 82, '2014-05-22', 0);
INSERT INTO empleado_capacitacion (emp_id, cap_id, emc_creacion, emc_estado) VALUES (83, 83, '1998-01-23', 0);
INSERT INTO empleado_capacitacion (emp_id, cap_id, emc_creacion, emc_estado) VALUES (84, 84, '1996-08-02', 1);
INSERT INTO empleado_capacitacion (emp_id, cap_id, emc_creacion, emc_estado) VALUES (85, 85, '1988-01-05', 1);
INSERT INTO empleado_capacitacion (emp_id, cap_id, emc_creacion, emc_estado) VALUES (86, 86, '1970-12-17', 0);
INSERT INTO empleado_capacitacion (emp_id, cap_id, emc_creacion, emc_estado) VALUES (87, 87, '1995-05-31', 1);
INSERT INTO empleado_capacitacion (emp_id, cap_id, emc_creacion, emc_estado) VALUES (88, 88, '1974-04-23', 1);
INSERT INTO empleado_capacitacion (emp_id, cap_id, emc_creacion, emc_estado) VALUES (89, 89, '1982-02-22', 1);
INSERT INTO empleado_capacitacion (emp_id, cap_id, emc_creacion, emc_estado) VALUES (90, 90, '1979-02-14', 0);
INSERT INTO empleado_capacitacion (emp_id, cap_id, emc_creacion, emc_estado) VALUES (91, 91, '2018-01-09', 1);
INSERT INTO empleado_capacitacion (emp_id, cap_id, emc_creacion, emc_estado) VALUES (92, 92, '1989-11-04', 0);
INSERT INTO empleado_capacitacion (emp_id, cap_id, emc_creacion, emc_estado) VALUES (93, 93, '1974-10-07', 1);
INSERT INTO empleado_capacitacion (emp_id, cap_id, emc_creacion, emc_estado) VALUES (94, 94, '1990-01-22', 0);
INSERT INTO empleado_capacitacion (emp_id, cap_id, emc_creacion, emc_estado) VALUES (95, 95, '2004-03-27', 0);
INSERT INTO empleado_capacitacion (emp_id, cap_id, emc_creacion, emc_estado) VALUES (96, 96, '1988-01-23', 0);
INSERT INTO empleado_capacitacion (emp_id, cap_id, emc_creacion, emc_estado) VALUES (97, 97, '1980-10-22', 0);
INSERT INTO empleado_capacitacion (emp_id, cap_id, emc_creacion, emc_estado) VALUES (98, 98, '2013-05-04', 1);
INSERT INTO empleado_capacitacion (emp_id, cap_id, emc_creacion, emc_estado) VALUES (99, 99, '1982-09-29', 1);
INSERT INTO empleado_capacitacion (emp_id, cap_id, emc_creacion, emc_estado) VALUES (100, 100, '1975-12-13', 1);
INSERT INTO empleado_beneficio (emp_id, ben_id, emb_creacion, emp_estado) VALUES (1, 1, '1989-12-25', 0);
INSERT INTO empleado_beneficio (emp_id, ben_id, emb_creacion, emp_estado) VALUES (2, 2, '2015-05-07', 0);
INSERT INTO empleado_beneficio (emp_id, ben_id, emb_creacion, emp_estado) VALUES (3, 3, '1987-11-21', 1);
INSERT INTO empleado_beneficio (emp_id, ben_id, emb_creacion, emp_estado) VALUES (4, 4, '1976-03-11', 0);
INSERT INTO empleado_beneficio (emp_id, ben_id, emb_creacion, emp_estado) VALUES (5, 5, '2009-02-25', 0);
INSERT INTO empleado_beneficio (emp_id, ben_id, emb_creacion, emp_estado) VALUES (6, 6, '1989-09-24', 1);
INSERT INTO empleado_beneficio (emp_id, ben_id, emb_creacion, emp_estado) VALUES (7, 7, '1988-08-27', 1);
INSERT INTO empleado_beneficio (emp_id, ben_id, emb_creacion, emp_estado) VALUES (8, 8, '1974-10-12', 1);
INSERT INTO empleado_beneficio (emp_id, ben_id, emb_creacion, emp_estado) VALUES (9, 9, '2019-03-15', 0);
INSERT INTO empleado_beneficio (emp_id, ben_id, emb_creacion, emp_estado) VALUES (10, 10, '1975-11-09', 0);
INSERT INTO empleado_beneficio (emp_id, ben_id, emb_creacion, emp_estado) VALUES (11, 11, '1985-06-23', 0);
INSERT INTO empleado_beneficio (emp_id, ben_id, emb_creacion, emp_estado) VALUES (12, 12, '1976-09-13', 0);
INSERT INTO empleado_beneficio (emp_id, ben_id, emb_creacion, emp_estado) VALUES (13, 13, '1983-07-20', 0);
INSERT INTO empleado_beneficio (emp_id, ben_id, emb_creacion, emp_estado) VALUES (14, 14, '2017-07-21', 1);
INSERT INTO empleado_beneficio (emp_id, ben_id, emb_creacion, emp_estado) VALUES (15, 15, '1983-12-06', 0);
INSERT INTO empleado_beneficio (emp_id, ben_id, emb_creacion, emp_estado) VALUES (16, 16, '1985-09-10', 0);
INSERT INTO empleado_beneficio (emp_id, ben_id, emb_creacion, emp_estado) VALUES (17, 17, '2008-02-10', 1);
INSERT INTO empleado_beneficio (emp_id, ben_id, emb_creacion, emp_estado) VALUES (18, 18, '1985-05-06', 0);
INSERT INTO empleado_beneficio (emp_id, ben_id, emb_creacion, emp_estado) VALUES (19, 19, '1977-03-08', 0);
INSERT INTO empleado_beneficio (emp_id, ben_id, emb_creacion, emp_estado) VALUES (20, 20, '1981-08-14', 1);
INSERT INTO empleado_beneficio (emp_id, ben_id, emb_creacion, emp_estado) VALUES (21, 21, '2011-06-21', 0);
INSERT INTO empleado_beneficio (emp_id, ben_id, emb_creacion, emp_estado) VALUES (22, 22, '1989-01-31', 1);
INSERT INTO empleado_beneficio (emp_id, ben_id, emb_creacion, emp_estado) VALUES (23, 23, '1995-08-12', 0);
INSERT INTO empleado_beneficio (emp_id, ben_id, emb_creacion, emp_estado) VALUES (24, 24, '1974-11-24', 0);
INSERT INTO empleado_beneficio (emp_id, ben_id, emb_creacion, emp_estado) VALUES (25, 25, '1970-07-04', 1);
INSERT INTO empleado_beneficio (emp_id, ben_id, emb_creacion, emp_estado) VALUES (26, 26, '1986-06-27', 1);
INSERT INTO empleado_beneficio (emp_id, ben_id, emb_creacion, emp_estado) VALUES (27, 27, '1977-12-12', 0);
INSERT INTO empleado_beneficio (emp_id, ben_id, emb_creacion, emp_estado) VALUES (28, 28, '1979-12-19', 1);
INSERT INTO empleado_beneficio (emp_id, ben_id, emb_creacion, emp_estado) VALUES (29, 29, '2005-08-12', 0);
INSERT INTO empleado_beneficio (emp_id, ben_id, emb_creacion, emp_estado) VALUES (30, 30, '1993-09-15', 0);
INSERT INTO empleado_beneficio (emp_id, ben_id, emb_creacion, emp_estado) VALUES (31, 31, '2023-04-13', 1);
INSERT INTO empleado_beneficio (emp_id, ben_id, emb_creacion, emp_estado) VALUES (32, 32, '2019-12-12', 1);
INSERT INTO empleado_beneficio (emp_id, ben_id, emb_creacion, emp_estado) VALUES (33, 33, '2011-06-06', 1);
INSERT INTO empleado_beneficio (emp_id, ben_id, emb_creacion, emp_estado) VALUES (34, 34, '2008-03-21', 0);
INSERT INTO empleado_beneficio (emp_id, ben_id, emb_creacion, emp_estado) VALUES (35, 35, '2000-10-03', 0);
INSERT INTO empleado_beneficio (emp_id, ben_id, emb_creacion, emp_estado) VALUES (36, 36, '2013-03-24', 1);
INSERT INTO empleado_beneficio (emp_id, ben_id, emb_creacion, emp_estado) VALUES (37, 37, '1996-04-18', 0);
INSERT INTO empleado_beneficio (emp_id, ben_id, emb_creacion, emp_estado) VALUES (38, 38, '2020-10-07', 1);
INSERT INTO empleado_beneficio (emp_id, ben_id, emb_creacion, emp_estado) VALUES (39, 39, '1979-10-26', 1);
INSERT INTO empleado_beneficio (emp_id, ben_id, emb_creacion, emp_estado) VALUES (40, 40, '1999-11-25', 0);
INSERT INTO empleado_beneficio (emp_id, ben_id, emb_creacion, emp_estado) VALUES (41, 41, '1984-09-28', 1);
INSERT INTO empleado_beneficio (emp_id, ben_id, emb_creacion, emp_estado) VALUES (42, 42, '2006-05-31', 1);
INSERT INTO empleado_beneficio (emp_id, ben_id, emb_creacion, emp_estado) VALUES (43, 43, '2020-06-01', 1);
INSERT INTO empleado_beneficio (emp_id, ben_id, emb_creacion, emp_estado) VALUES (44, 44, '2023-07-06', 1);
INSERT INTO empleado_beneficio (emp_id, ben_id, emb_creacion, emp_estado) VALUES (45, 45, '1990-03-14', 1);
INSERT INTO empleado_beneficio (emp_id, ben_id, emb_creacion, emp_estado) VALUES (46, 46, '1981-09-03', 1);
INSERT INTO empleado_beneficio (emp_id, ben_id, emb_creacion, emp_estado) VALUES (47, 47, '1987-01-10', 1);
INSERT INTO empleado_beneficio (emp_id, ben_id, emb_creacion, emp_estado) VALUES (48, 48, '1993-04-09', 0);
INSERT INTO empleado_beneficio (emp_id, ben_id, emb_creacion, emp_estado) VALUES (49, 49, '1991-12-12', 1);
INSERT INTO empleado_beneficio (emp_id, ben_id, emb_creacion, emp_estado) VALUES (50, 50, '2008-01-28', 0);
INSERT INTO empleado_beneficio (emp_id, ben_id, emb_creacion, emp_estado) VALUES (51, 51, '1974-03-10', 1);
INSERT INTO empleado_beneficio (emp_id, ben_id, emb_creacion, emp_estado) VALUES (52, 52, '1988-05-29', 1);
INSERT INTO empleado_beneficio (emp_id, ben_id, emb_creacion, emp_estado) VALUES (53, 53, '1988-11-06', 1);
INSERT INTO empleado_beneficio (emp_id, ben_id, emb_creacion, emp_estado) VALUES (54, 54, '1978-06-03', 0);
INSERT INTO empleado_beneficio (emp_id, ben_id, emb_creacion, emp_estado) VALUES (55, 55, '2001-04-19', 1);
INSERT INTO empleado_beneficio (emp_id, ben_id, emb_creacion, emp_estado) VALUES (56, 56, '2001-10-26', 1);
INSERT INTO empleado_beneficio (emp_id, ben_id, emb_creacion, emp_estado) VALUES (57, 57, '1987-10-20', 1);
INSERT INTO empleado_beneficio (emp_id, ben_id, emb_creacion, emp_estado) VALUES (58, 58, '1994-11-28', 1);
INSERT INTO empleado_beneficio (emp_id, ben_id, emb_creacion, emp_estado) VALUES (59, 59, '2014-03-31', 0);
INSERT INTO empleado_beneficio (emp_id, ben_id, emb_creacion, emp_estado) VALUES (60, 60, '2006-06-15', 1);
INSERT INTO empleado_beneficio (emp_id, ben_id, emb_creacion, emp_estado) VALUES (61, 61, '2015-09-09', 1);
INSERT INTO empleado_beneficio (emp_id, ben_id, emb_creacion, emp_estado) VALUES (62, 62, '2022-03-22', 1);
INSERT INTO empleado_beneficio (emp_id, ben_id, emb_creacion, emp_estado) VALUES (63, 63, '1974-04-07', 0);
INSERT INTO empleado_beneficio (emp_id, ben_id, emb_creacion, emp_estado) VALUES (64, 64, '1980-03-21', 0);
INSERT INTO empleado_beneficio (emp_id, ben_id, emb_creacion, emp_estado) VALUES (65, 65, '1973-01-27', 0);
INSERT INTO empleado_beneficio (emp_id, ben_id, emb_creacion, emp_estado) VALUES (66, 66, '2012-11-15', 0);
INSERT INTO empleado_beneficio (emp_id, ben_id, emb_creacion, emp_estado) VALUES (67, 67, '2002-01-26', 0);
INSERT INTO empleado_beneficio (emp_id, ben_id, emb_creacion, emp_estado) VALUES (68, 68, '1971-03-19', 1);
INSERT INTO empleado_beneficio (emp_id, ben_id, emb_creacion, emp_estado) VALUES (69, 69, '2022-08-29', 1);
INSERT INTO empleado_beneficio (emp_id, ben_id, emb_creacion, emp_estado) VALUES (70, 70, '1978-11-27', 0);
INSERT INTO empleado_beneficio (emp_id, ben_id, emb_creacion, emp_estado) VALUES (71, 71, '1976-01-08', 0);
INSERT INTO empleado_beneficio (emp_id, ben_id, emb_creacion, emp_estado) VALUES (72, 72, '2000-09-14', 1);
INSERT INTO empleado_beneficio (emp_id, ben_id, emb_creacion, emp_estado) VALUES (73, 73, '1992-08-14', 0);
INSERT INTO empleado_beneficio (emp_id, ben_id, emb_creacion, emp_estado) VALUES (74, 74, '1971-09-25', 0);
INSERT INTO empleado_beneficio (emp_id, ben_id, emb_creacion, emp_estado) VALUES (75, 75, '2020-04-30', 1);
INSERT INTO empleado_beneficio (emp_id, ben_id, emb_creacion, emp_estado) VALUES (76, 76, '2001-04-16', 1);
INSERT INTO empleado_beneficio (emp_id, ben_id, emb_creacion, emp_estado) VALUES (77, 77, '1983-07-12', 1);
INSERT INTO empleado_beneficio (emp_id, ben_id, emb_creacion, emp_estado) VALUES (78, 78, '2006-12-29', 0);
INSERT INTO empleado_beneficio (emp_id, ben_id, emb_creacion, emp_estado) VALUES (79, 79, '1983-11-30', 1);
INSERT INTO empleado_beneficio (emp_id, ben_id, emb_creacion, emp_estado) VALUES (80, 80, '2010-04-12', 0);
INSERT INTO empleado_beneficio (emp_id, ben_id, emb_creacion, emp_estado) VALUES (81, 81, '1995-07-17', 1);
INSERT INTO empleado_beneficio (emp_id, ben_id, emb_creacion, emp_estado) VALUES (82, 82, '2005-10-25', 0);
INSERT INTO empleado_beneficio (emp_id, ben_id, emb_creacion, emp_estado) VALUES (83, 83, '1994-05-19', 1);
INSERT INTO empleado_beneficio (emp_id, ben_id, emb_creacion, emp_estado) VALUES (84, 84, '2004-04-04', 0);
INSERT INTO empleado_beneficio (emp_id, ben_id, emb_creacion, emp_estado) VALUES (85, 85, '1987-11-12', 1);
INSERT INTO empleado_beneficio (emp_id, ben_id, emb_creacion, emp_estado) VALUES (86, 86, '2001-11-09', 0);
INSERT INTO empleado_beneficio (emp_id, ben_id, emb_creacion, emp_estado) VALUES (87, 87, '1989-09-10', 1);
INSERT INTO empleado_beneficio (emp_id, ben_id, emb_creacion, emp_estado) VALUES (88, 88, '2018-04-10', 1);
INSERT INTO empleado_beneficio (emp_id, ben_id, emb_creacion, emp_estado) VALUES (89, 89, '1971-01-01', 1);
INSERT INTO empleado_beneficio (emp_id, ben_id, emb_creacion, emp_estado) VALUES (90, 90, '1990-06-08', 1);
INSERT INTO empleado_beneficio (emp_id, ben_id, emb_creacion, emp_estado) VALUES (91, 91, '1987-09-25', 0);
INSERT INTO empleado_beneficio (emp_id, ben_id, emb_creacion, emp_estado) VALUES (92, 92, '1972-03-12', 1);
INSERT INTO empleado_beneficio (emp_id, ben_id, emb_creacion, emp_estado) VALUES (93, 93, '2005-09-10', 1);
INSERT INTO empleado_beneficio (emp_id, ben_id, emb_creacion, emp_estado) VALUES (94, 94, '2000-05-18', 0);
INSERT INTO empleado_beneficio (emp_id, ben_id, emb_creacion, emp_estado) VALUES (95, 95, '2004-03-17', 0);
INSERT INTO empleado_beneficio (emp_id, ben_id, emb_creacion, emp_estado) VALUES (96, 96, '1985-09-09', 0);
INSERT INTO empleado_beneficio (emp_id, ben_id, emb_creacion, emp_estado) VALUES (97, 97, '1999-06-23', 1);
INSERT INTO empleado_beneficio (emp_id, ben_id, emb_creacion, emp_estado) VALUES (98, 98, '2000-03-23', 1);
INSERT INTO empleado_beneficio (emp_id, ben_id, emb_creacion, emp_estado) VALUES (99, 99, '1976-09-27', 1);
INSERT INTO empleado_beneficio (emp_id, ben_id, emb_creacion, emp_estado) VALUES (100, 100, '2010-08-11', 1);
INSERT INTO ticket (tic_id, tic_numero, tic_creacion, tic_estado, ser_id) VALUES (1, 'available', '1974-03-23', 0, 1);
INSERT INTO ticket (tic_id, tic_numero, tic_creacion, tic_estado, ser_id) VALUES (2, 'student', '2006-04-01', 0, 2);
INSERT INTO ticket (tic_id, tic_numero, tic_creacion, tic_estado, ser_id) VALUES (3, 'section', '1985-04-09', 1, 3);
INSERT INTO ticket (tic_id, tic_numero, tic_creacion, tic_estado, ser_id) VALUES (4, 'yes', '1995-12-13', 0, 4);
INSERT INTO ticket (tic_id, tic_numero, tic_creacion, tic_estado, ser_id) VALUES (5, 'yes', '2021-01-02', 1, 5);
INSERT INTO ticket (tic_id, tic_numero, tic_creacion, tic_estado, ser_id) VALUES (6, 'reflect', '1973-05-27', 0, 6);
INSERT INTO ticket (tic_id, tic_numero, tic_creacion, tic_estado, ser_id) VALUES (7, 'world', '2008-06-02', 0, 7);
INSERT INTO ticket (tic_id, tic_numero, tic_creacion, tic_estado, ser_id) VALUES (8, 'ball', '1989-08-28', 0, 8);
INSERT INTO ticket (tic_id, tic_numero, tic_creacion, tic_estado, ser_id) VALUES (9, 'television', '1986-02-06', 0, 9);
INSERT INTO ticket (tic_id, tic_numero, tic_creacion, tic_estado, ser_id) VALUES (10, 'take', '1988-02-19', 1, 10);
INSERT INTO ticket (tic_id, tic_numero, tic_creacion, tic_estado, ser_id) VALUES (11, 'tend', '2024-04-16', 0, 11);
INSERT INTO ticket (tic_id, tic_numero, tic_creacion, tic_estado, ser_id) VALUES (12, 'stop', '1982-08-19', 1, 12);
INSERT INTO ticket (tic_id, tic_numero, tic_creacion, tic_estado, ser_id) VALUES (13, 'general', '1978-10-08', 1, 13);
INSERT INTO ticket (tic_id, tic_numero, tic_creacion, tic_estado, ser_id) VALUES (14, 'enough', '2017-08-09', 1, 14);
INSERT INTO ticket (tic_id, tic_numero, tic_creacion, tic_estado, ser_id) VALUES (15, 'practice', '1983-07-25', 0, 15);
INSERT INTO ticket (tic_id, tic_numero, tic_creacion, tic_estado, ser_id) VALUES (16, 'letter', '2007-10-04', 0, 16);
INSERT INTO ticket (tic_id, tic_numero, tic_creacion, tic_estado, ser_id) VALUES (17, 'child', '1994-04-04', 0, 17);
INSERT INTO ticket (tic_id, tic_numero, tic_creacion, tic_estado, ser_id) VALUES (18, 'benefit', '2022-02-04', 1, 18);
INSERT INTO ticket (tic_id, tic_numero, tic_creacion, tic_estado, ser_id) VALUES (19, 'company', '2002-02-10', 0, 19);
INSERT INTO ticket (tic_id, tic_numero, tic_creacion, tic_estado, ser_id) VALUES (20, 'assume', '2019-02-02', 0, 20);
INSERT INTO ticket (tic_id, tic_numero, tic_creacion, tic_estado, ser_id) VALUES (21, 'close', '1994-06-09', 1, 21);
INSERT INTO ticket (tic_id, tic_numero, tic_creacion, tic_estado, ser_id) VALUES (22, 'spring', '1997-09-08', 0, 22);
INSERT INTO ticket (tic_id, tic_numero, tic_creacion, tic_estado, ser_id) VALUES (23, 'drive', '2023-02-21', 0, 23);
INSERT INTO ticket (tic_id, tic_numero, tic_creacion, tic_estado, ser_id) VALUES (24, 'help', '2016-12-15', 1, 24);
INSERT INTO ticket (tic_id, tic_numero, tic_creacion, tic_estado, ser_id) VALUES (25, 'theory', '2012-01-23', 0, 25);
INSERT INTO ticket (tic_id, tic_numero, tic_creacion, tic_estado, ser_id) VALUES (26, 'since', '1992-08-16', 0, 26);
INSERT INTO ticket (tic_id, tic_numero, tic_creacion, tic_estado, ser_id) VALUES (27, 'room', '1979-01-31', 0, 27);
INSERT INTO ticket (tic_id, tic_numero, tic_creacion, tic_estado, ser_id) VALUES (28, 'head', '1971-08-21', 0, 28);
INSERT INTO ticket (tic_id, tic_numero, tic_creacion, tic_estado, ser_id) VALUES (29, 'dog', '1995-10-17', 0, 29);
INSERT INTO ticket (tic_id, tic_numero, tic_creacion, tic_estado, ser_id) VALUES (30, 'whether', '1971-09-14', 0, 30);
INSERT INTO ticket (tic_id, tic_numero, tic_creacion, tic_estado, ser_id) VALUES (31, 'often', '1986-08-23', 1, 31);
INSERT INTO ticket (tic_id, tic_numero, tic_creacion, tic_estado, ser_id) VALUES (32, 'war', '1989-06-04', 0, 32);
INSERT INTO ticket (tic_id, tic_numero, tic_creacion, tic_estado, ser_id) VALUES (33, 'us', '2011-02-11', 1, 33);
INSERT INTO ticket (tic_id, tic_numero, tic_creacion, tic_estado, ser_id) VALUES (34, 'box', '1987-05-05', 0, 34);
INSERT INTO ticket (tic_id, tic_numero, tic_creacion, tic_estado, ser_id) VALUES (35, 'why', '1974-12-06', 1, 35);
INSERT INTO ticket (tic_id, tic_numero, tic_creacion, tic_estado, ser_id) VALUES (36, 'their', '1984-01-14', 1, 36);
INSERT INTO ticket (tic_id, tic_numero, tic_creacion, tic_estado, ser_id) VALUES (37, 'work', '1984-05-22', 0, 37);
INSERT INTO ticket (tic_id, tic_numero, tic_creacion, tic_estado, ser_id) VALUES (38, 'account', '1990-04-10', 1, 38);
INSERT INTO ticket (tic_id, tic_numero, tic_creacion, tic_estado, ser_id) VALUES (39, 'practice', '2021-06-05', 1, 39);
INSERT INTO ticket (tic_id, tic_numero, tic_creacion, tic_estado, ser_id) VALUES (40, 'practice', '1987-12-19', 1, 40);
INSERT INTO ticket (tic_id, tic_numero, tic_creacion, tic_estado, ser_id) VALUES (41, 'around', '1970-05-03', 1, 41);
INSERT INTO ticket (tic_id, tic_numero, tic_creacion, tic_estado, ser_id) VALUES (42, 'account', '2013-09-07', 1, 42);
INSERT INTO ticket (tic_id, tic_numero, tic_creacion, tic_estado, ser_id) VALUES (43, 'reality', '2002-07-13', 1, 43);
INSERT INTO ticket (tic_id, tic_numero, tic_creacion, tic_estado, ser_id) VALUES (44, 'simple', '2010-12-29', 1, 44);
INSERT INTO ticket (tic_id, tic_numero, tic_creacion, tic_estado, ser_id) VALUES (45, 'week', '1975-12-22', 0, 45);
INSERT INTO ticket (tic_id, tic_numero, tic_creacion, tic_estado, ser_id) VALUES (46, 'open', '1984-05-17', 0, 46);
INSERT INTO ticket (tic_id, tic_numero, tic_creacion, tic_estado, ser_id) VALUES (47, 'she', '2002-09-27', 1, 47);
INSERT INTO ticket (tic_id, tic_numero, tic_creacion, tic_estado, ser_id) VALUES (48, 'address', '2002-08-30', 0, 48);
INSERT INTO ticket (tic_id, tic_numero, tic_creacion, tic_estado, ser_id) VALUES (49, 'fill', '2018-04-17', 1, 49);
INSERT INTO ticket (tic_id, tic_numero, tic_creacion, tic_estado, ser_id) VALUES (50, 'once', '2024-06-26', 0, 50);
INSERT INTO ticket (tic_id, tic_numero, tic_creacion, tic_estado, ser_id) VALUES (51, 'along', '1989-11-14', 1, 51);
INSERT INTO ticket (tic_id, tic_numero, tic_creacion, tic_estado, ser_id) VALUES (52, 'event', '1996-06-06', 1, 52);
INSERT INTO ticket (tic_id, tic_numero, tic_creacion, tic_estado, ser_id) VALUES (53, 'rather', '1993-07-20', 0, 53);
INSERT INTO ticket (tic_id, tic_numero, tic_creacion, tic_estado, ser_id) VALUES (54, 'source', '2011-06-01', 1, 54);
INSERT INTO ticket (tic_id, tic_numero, tic_creacion, tic_estado, ser_id) VALUES (55, 'city', '2000-01-03', 1, 55);
INSERT INTO ticket (tic_id, tic_numero, tic_creacion, tic_estado, ser_id) VALUES (56, 'after', '1976-11-26', 1, 56);
INSERT INTO ticket (tic_id, tic_numero, tic_creacion, tic_estado, ser_id) VALUES (57, 'choose', '1994-03-07', 0, 57);
INSERT INTO ticket (tic_id, tic_numero, tic_creacion, tic_estado, ser_id) VALUES (58, 'pass', '1997-08-13', 0, 58);
INSERT INTO ticket (tic_id, tic_numero, tic_creacion, tic_estado, ser_id) VALUES (59, 'white', '1994-12-20', 1, 59);
INSERT INTO ticket (tic_id, tic_numero, tic_creacion, tic_estado, ser_id) VALUES (60, 'sort', '2001-09-17', 1, 60);
INSERT INTO ticket (tic_id, tic_numero, tic_creacion, tic_estado, ser_id) VALUES (61, 'society', '1995-07-02', 0, 61);
INSERT INTO ticket (tic_id, tic_numero, tic_creacion, tic_estado, ser_id) VALUES (62, 'relationship', '1991-03-07', 1, 62);
INSERT INTO ticket (tic_id, tic_numero, tic_creacion, tic_estado, ser_id) VALUES (63, 'sometimes', '2008-07-23', 0, 63);
INSERT INTO ticket (tic_id, tic_numero, tic_creacion, tic_estado, ser_id) VALUES (64, 'phone', '1981-09-14', 1, 64);
INSERT INTO ticket (tic_id, tic_numero, tic_creacion, tic_estado, ser_id) VALUES (65, 'speech', '2020-08-15', 1, 65);
INSERT INTO ticket (tic_id, tic_numero, tic_creacion, tic_estado, ser_id) VALUES (66, 'program', '2010-08-30', 0, 66);
INSERT INTO ticket (tic_id, tic_numero, tic_creacion, tic_estado, ser_id) VALUES (67, 'machine', '1999-05-09', 1, 67);
INSERT INTO ticket (tic_id, tic_numero, tic_creacion, tic_estado, ser_id) VALUES (68, 'when', '1979-08-29', 0, 68);
INSERT INTO ticket (tic_id, tic_numero, tic_creacion, tic_estado, ser_id) VALUES (69, 'mind', '2019-09-27', 1, 69);
INSERT INTO ticket (tic_id, tic_numero, tic_creacion, tic_estado, ser_id) VALUES (70, 'evidence', '2016-11-18', 0, 70);
INSERT INTO ticket (tic_id, tic_numero, tic_creacion, tic_estado, ser_id) VALUES (71, 'job', '1974-09-10', 1, 71);
INSERT INTO ticket (tic_id, tic_numero, tic_creacion, tic_estado, ser_id) VALUES (72, 'seem', '2010-01-26', 1, 72);
INSERT INTO ticket (tic_id, tic_numero, tic_creacion, tic_estado, ser_id) VALUES (73, 'simple', '2015-12-12', 0, 73);
INSERT INTO ticket (tic_id, tic_numero, tic_creacion, tic_estado, ser_id) VALUES (74, 'industry', '2022-09-20', 0, 74);
INSERT INTO ticket (tic_id, tic_numero, tic_creacion, tic_estado, ser_id) VALUES (75, 'together', '1974-11-05', 0, 75);
INSERT INTO ticket (tic_id, tic_numero, tic_creacion, tic_estado, ser_id) VALUES (76, 'hospital', '2008-03-25', 0, 76);
INSERT INTO ticket (tic_id, tic_numero, tic_creacion, tic_estado, ser_id) VALUES (77, 'fall', '1984-03-04', 0, 77);
INSERT INTO ticket (tic_id, tic_numero, tic_creacion, tic_estado, ser_id) VALUES (78, 'meeting', '1997-08-29', 1, 78);
INSERT INTO ticket (tic_id, tic_numero, tic_creacion, tic_estado, ser_id) VALUES (79, 'artist', '1970-01-29', 1, 79);
INSERT INTO ticket (tic_id, tic_numero, tic_creacion, tic_estado, ser_id) VALUES (80, 'religious', '1986-05-06', 0, 80);
INSERT INTO ticket (tic_id, tic_numero, tic_creacion, tic_estado, ser_id) VALUES (81, 'day', '2005-10-26', 1, 81);
INSERT INTO ticket (tic_id, tic_numero, tic_creacion, tic_estado, ser_id) VALUES (82, 'series', '2007-01-30', 1, 82);
INSERT INTO ticket (tic_id, tic_numero, tic_creacion, tic_estado, ser_id) VALUES (83, 'ten', '1991-05-02', 1, 83);
INSERT INTO ticket (tic_id, tic_numero, tic_creacion, tic_estado, ser_id) VALUES (84, 'these', '1980-01-25', 1, 84);
INSERT INTO ticket (tic_id, tic_numero, tic_creacion, tic_estado, ser_id) VALUES (85, 'manager', '1980-11-04', 0, 85);
INSERT INTO ticket (tic_id, tic_numero, tic_creacion, tic_estado, ser_id) VALUES (86, 'few', '1990-12-27', 0, 86);
INSERT INTO ticket (tic_id, tic_numero, tic_creacion, tic_estado, ser_id) VALUES (87, 'heart', '1991-09-25', 1, 87);
INSERT INTO ticket (tic_id, tic_numero, tic_creacion, tic_estado, ser_id) VALUES (88, 'project', '1975-12-21', 0, 88);
INSERT INTO ticket (tic_id, tic_numero, tic_creacion, tic_estado, ser_id) VALUES (89, 'close', '2000-08-10', 1, 89);
INSERT INTO ticket (tic_id, tic_numero, tic_creacion, tic_estado, ser_id) VALUES (90, 'public', '2014-02-23', 0, 90);
INSERT INTO ticket (tic_id, tic_numero, tic_creacion, tic_estado, ser_id) VALUES (91, 'decide', '2008-07-16', 0, 91);
INSERT INTO ticket (tic_id, tic_numero, tic_creacion, tic_estado, ser_id) VALUES (92, 'real', '1998-02-07', 0, 92);
INSERT INTO ticket (tic_id, tic_numero, tic_creacion, tic_estado, ser_id) VALUES (93, 'fish', '1995-03-19', 1, 93);
INSERT INTO ticket (tic_id, tic_numero, tic_creacion, tic_estado, ser_id) VALUES (94, 'on', '1988-01-04', 1, 94);
INSERT INTO ticket (tic_id, tic_numero, tic_creacion, tic_estado, ser_id) VALUES (95, 'human', '1977-10-21', 0, 95);
INSERT INTO ticket (tic_id, tic_numero, tic_creacion, tic_estado, ser_id) VALUES (96, 'PM', '1996-10-01', 0, 96);
INSERT INTO ticket (tic_id, tic_numero, tic_creacion, tic_estado, ser_id) VALUES (97, 'hospital', '2004-12-26', 0, 97);
INSERT INTO ticket (tic_id, tic_numero, tic_creacion, tic_estado, ser_id) VALUES (98, 'knowledge', '2021-11-08', 1, 98);
INSERT INTO ticket (tic_id, tic_numero, tic_creacion, tic_estado, ser_id) VALUES (99, 'case', '2003-09-07', 1, 99);
INSERT INTO ticket (tic_id, tic_numero, tic_creacion, tic_estado, ser_id) VALUES (100, 'local', '2015-05-23', 1, 100);
INSERT INTO ticket_empleado (tic_id, emp_id, tie_tipo) VALUES (1, 1, 'could');
INSERT INTO ticket_empleado (tic_id, emp_id, tie_tipo) VALUES (2, 2, 'fight');
INSERT INTO ticket_empleado (tic_id, emp_id, tie_tipo) VALUES (3, 3, 'protect');
INSERT INTO ticket_empleado (tic_id, emp_id, tie_tipo) VALUES (4, 4, 'pull');
INSERT INTO ticket_empleado (tic_id, emp_id, tie_tipo) VALUES (5, 5, 'American');
INSERT INTO ticket_empleado (tic_id, emp_id, tie_tipo) VALUES (6, 6, 'product');
INSERT INTO ticket_empleado (tic_id, emp_id, tie_tipo) VALUES (7, 7, 'special');
INSERT INTO ticket_empleado (tic_id, emp_id, tie_tipo) VALUES (8, 8, 'reach');
INSERT INTO ticket_empleado (tic_id, emp_id, tie_tipo) VALUES (9, 9, 'class');
INSERT INTO ticket_empleado (tic_id, emp_id, tie_tipo) VALUES (10, 10, 'nor');
INSERT INTO ticket_empleado (tic_id, emp_id, tie_tipo) VALUES (11, 11, 'hear');
INSERT INTO ticket_empleado (tic_id, emp_id, tie_tipo) VALUES (12, 12, 'detail');
INSERT INTO ticket_empleado (tic_id, emp_id, tie_tipo) VALUES (13, 13, 'what');
INSERT INTO ticket_empleado (tic_id, emp_id, tie_tipo) VALUES (14, 14, 'some');
INSERT INTO ticket_empleado (tic_id, emp_id, tie_tipo) VALUES (15, 15, 'could');
INSERT INTO ticket_empleado (tic_id, emp_id, tie_tipo) VALUES (16, 16, 'opportunity');
INSERT INTO ticket_empleado (tic_id, emp_id, tie_tipo) VALUES (17, 17, 'large');
INSERT INTO ticket_empleado (tic_id, emp_id, tie_tipo) VALUES (18, 18, 'meet');
INSERT INTO ticket_empleado (tic_id, emp_id, tie_tipo) VALUES (19, 19, 'party');
INSERT INTO ticket_empleado (tic_id, emp_id, tie_tipo) VALUES (20, 20, 'method');
INSERT INTO ticket_empleado (tic_id, emp_id, tie_tipo) VALUES (21, 21, 'return');
INSERT INTO ticket_empleado (tic_id, emp_id, tie_tipo) VALUES (22, 22, 'quality');
INSERT INTO ticket_empleado (tic_id, emp_id, tie_tipo) VALUES (23, 23, 'responsibility');
INSERT INTO ticket_empleado (tic_id, emp_id, tie_tipo) VALUES (24, 24, 'special');
INSERT INTO ticket_empleado (tic_id, emp_id, tie_tipo) VALUES (25, 25, 'those');
INSERT INTO ticket_empleado (tic_id, emp_id, tie_tipo) VALUES (26, 26, 'stay');
INSERT INTO ticket_empleado (tic_id, emp_id, tie_tipo) VALUES (27, 27, 'meeting');
INSERT INTO ticket_empleado (tic_id, emp_id, tie_tipo) VALUES (28, 28, 'certain');
INSERT INTO ticket_empleado (tic_id, emp_id, tie_tipo) VALUES (29, 29, 'thus');
INSERT INTO ticket_empleado (tic_id, emp_id, tie_tipo) VALUES (30, 30, 'drop');
INSERT INTO ticket_empleado (tic_id, emp_id, tie_tipo) VALUES (31, 31, 'serious');
INSERT INTO ticket_empleado (tic_id, emp_id, tie_tipo) VALUES (32, 32, 'firm');
INSERT INTO ticket_empleado (tic_id, emp_id, tie_tipo) VALUES (33, 33, 'really');
INSERT INTO ticket_empleado (tic_id, emp_id, tie_tipo) VALUES (34, 34, 'simply');
INSERT INTO ticket_empleado (tic_id, emp_id, tie_tipo) VALUES (35, 35, 'court');
INSERT INTO ticket_empleado (tic_id, emp_id, tie_tipo) VALUES (36, 36, 'day');
INSERT INTO ticket_empleado (tic_id, emp_id, tie_tipo) VALUES (37, 37, 'floor');
INSERT INTO ticket_empleado (tic_id, emp_id, tie_tipo) VALUES (38, 38, 'couple');
INSERT INTO ticket_empleado (tic_id, emp_id, tie_tipo) VALUES (39, 39, 'team');
INSERT INTO ticket_empleado (tic_id, emp_id, tie_tipo) VALUES (40, 40, 'upon');
INSERT INTO ticket_empleado (tic_id, emp_id, tie_tipo) VALUES (41, 41, 'teacher');
INSERT INTO ticket_empleado (tic_id, emp_id, tie_tipo) VALUES (42, 42, 'goal');
INSERT INTO ticket_empleado (tic_id, emp_id, tie_tipo) VALUES (43, 43, 'job');
INSERT INTO ticket_empleado (tic_id, emp_id, tie_tipo) VALUES (44, 44, 'seem');
INSERT INTO ticket_empleado (tic_id, emp_id, tie_tipo) VALUES (45, 45, 'however');
INSERT INTO ticket_empleado (tic_id, emp_id, tie_tipo) VALUES (46, 46, 'serve');
INSERT INTO ticket_empleado (tic_id, emp_id, tie_tipo) VALUES (47, 47, 'be');
INSERT INTO ticket_empleado (tic_id, emp_id, tie_tipo) VALUES (48, 48, 'daughter');
INSERT INTO ticket_empleado (tic_id, emp_id, tie_tipo) VALUES (49, 49, 'program');
INSERT INTO ticket_empleado (tic_id, emp_id, tie_tipo) VALUES (50, 50, 'billion');
INSERT INTO ticket_empleado (tic_id, emp_id, tie_tipo) VALUES (51, 51, 'mind');
INSERT INTO ticket_empleado (tic_id, emp_id, tie_tipo) VALUES (52, 52, 'series');
INSERT INTO ticket_empleado (tic_id, emp_id, tie_tipo) VALUES (53, 53, 'room');
INSERT INTO ticket_empleado (tic_id, emp_id, tie_tipo) VALUES (54, 54, 'small');
INSERT INTO ticket_empleado (tic_id, emp_id, tie_tipo) VALUES (55, 55, 'test');
INSERT INTO ticket_empleado (tic_id, emp_id, tie_tipo) VALUES (56, 56, 'arm');
INSERT INTO ticket_empleado (tic_id, emp_id, tie_tipo) VALUES (57, 57, 'feel');
INSERT INTO ticket_empleado (tic_id, emp_id, tie_tipo) VALUES (58, 58, 'course');
INSERT INTO ticket_empleado (tic_id, emp_id, tie_tipo) VALUES (59, 59, 'ability');
INSERT INTO ticket_empleado (tic_id, emp_id, tie_tipo) VALUES (60, 60, 'agreement');
INSERT INTO ticket_empleado (tic_id, emp_id, tie_tipo) VALUES (61, 61, 'early');
INSERT INTO ticket_empleado (tic_id, emp_id, tie_tipo) VALUES (62, 62, 'challenge');
INSERT INTO ticket_empleado (tic_id, emp_id, tie_tipo) VALUES (63, 63, 'rest');
INSERT INTO ticket_empleado (tic_id, emp_id, tie_tipo) VALUES (64, 64, 'development');
INSERT INTO ticket_empleado (tic_id, emp_id, tie_tipo) VALUES (65, 65, 'exactly');
INSERT INTO ticket_empleado (tic_id, emp_id, tie_tipo) VALUES (66, 66, 'inside');
INSERT INTO ticket_empleado (tic_id, emp_id, tie_tipo) VALUES (67, 67, 'around');
INSERT INTO ticket_empleado (tic_id, emp_id, tie_tipo) VALUES (68, 68, 'show');
INSERT INTO ticket_empleado (tic_id, emp_id, tie_tipo) VALUES (69, 69, 'join');
INSERT INTO ticket_empleado (tic_id, emp_id, tie_tipo) VALUES (70, 70, 'question');
INSERT INTO ticket_empleado (tic_id, emp_id, tie_tipo) VALUES (71, 71, 'act');
INSERT INTO ticket_empleado (tic_id, emp_id, tie_tipo) VALUES (72, 72, 'different');
INSERT INTO ticket_empleado (tic_id, emp_id, tie_tipo) VALUES (73, 73, 'smile');
INSERT INTO ticket_empleado (tic_id, emp_id, tie_tipo) VALUES (74, 74, 'break');
INSERT INTO ticket_empleado (tic_id, emp_id, tie_tipo) VALUES (75, 75, 'crime');
INSERT INTO ticket_empleado (tic_id, emp_id, tie_tipo) VALUES (76, 76, 'involve');
INSERT INTO ticket_empleado (tic_id, emp_id, tie_tipo) VALUES (77, 77, 'pass');
INSERT INTO ticket_empleado (tic_id, emp_id, tie_tipo) VALUES (78, 78, 'serious');
INSERT INTO ticket_empleado (tic_id, emp_id, tie_tipo) VALUES (79, 79, 'standard');
INSERT INTO ticket_empleado (tic_id, emp_id, tie_tipo) VALUES (80, 80, 'sometimes');
INSERT INTO ticket_empleado (tic_id, emp_id, tie_tipo) VALUES (81, 81, 'sit');
INSERT INTO ticket_empleado (tic_id, emp_id, tie_tipo) VALUES (82, 82, 'guy');
INSERT INTO ticket_empleado (tic_id, emp_id, tie_tipo) VALUES (83, 83, 'chance');
INSERT INTO ticket_empleado (tic_id, emp_id, tie_tipo) VALUES (84, 84, 'movement');
INSERT INTO ticket_empleado (tic_id, emp_id, tie_tipo) VALUES (85, 85, 'player');
INSERT INTO ticket_empleado (tic_id, emp_id, tie_tipo) VALUES (86, 86, 'various');
INSERT INTO ticket_empleado (tic_id, emp_id, tie_tipo) VALUES (87, 87, 'firm');
INSERT INTO ticket_empleado (tic_id, emp_id, tie_tipo) VALUES (88, 88, 'generation');
INSERT INTO ticket_empleado (tic_id, emp_id, tie_tipo) VALUES (89, 89, 'board');
INSERT INTO ticket_empleado (tic_id, emp_id, tie_tipo) VALUES (90, 90, 'rather');
INSERT INTO ticket_empleado (tic_id, emp_id, tie_tipo) VALUES (91, 91, 'personal');
INSERT INTO ticket_empleado (tic_id, emp_id, tie_tipo) VALUES (92, 92, 'catch');
INSERT INTO ticket_empleado (tic_id, emp_id, tie_tipo) VALUES (93, 93, 'year');
INSERT INTO ticket_empleado (tic_id, emp_id, tie_tipo) VALUES (94, 94, 'consumer');
INSERT INTO ticket_empleado (tic_id, emp_id, tie_tipo) VALUES (95, 95, 'ground');
INSERT INTO ticket_empleado (tic_id, emp_id, tie_tipo) VALUES (96, 96, 'only');
INSERT INTO ticket_empleado (tic_id, emp_id, tie_tipo) VALUES (97, 97, 'mission');
INSERT INTO ticket_empleado (tic_id, emp_id, tie_tipo) VALUES (98, 98, 'such');
INSERT INTO ticket_empleado (tic_id, emp_id, tie_tipo) VALUES (99, 99, 'nature');
INSERT INTO ticket_empleado (tic_id, emp_id, tie_tipo) VALUES (100, 100, 'owner');
INSERT INTO soporte (sop_id, sop_problema, sop_solucion, sop_ini, sop_fin, sop_creacion, sop_estado, tic_id) VALUES (1, 'care', 'political', '2001-04-16', '1980-10-17', '1999-04-05', 1, 1);
INSERT INTO soporte (sop_id, sop_problema, sop_solucion, sop_ini, sop_fin, sop_creacion, sop_estado, tic_id) VALUES (2, 'morning', 'interesting', '1983-04-01', '1974-09-24', '1993-05-30', 0, 2);
INSERT INTO soporte (sop_id, sop_problema, sop_solucion, sop_ini, sop_fin, sop_creacion, sop_estado, tic_id) VALUES (3, 'continue', 'result', '2022-11-21', '2004-08-02', '1979-06-07', 1, 3);
INSERT INTO soporte (sop_id, sop_problema, sop_solucion, sop_ini, sop_fin, sop_creacion, sop_estado, tic_id) VALUES (4, 'pass', 'talk', '2005-06-29', '1987-10-05', '1977-01-24', 0, 4);
INSERT INTO soporte (sop_id, sop_problema, sop_solucion, sop_ini, sop_fin, sop_creacion, sop_estado, tic_id) VALUES (5, 'cold', 'kid', '1980-09-13', '1972-07-08', '1984-01-15', 1, 5);
INSERT INTO soporte (sop_id, sop_problema, sop_solucion, sop_ini, sop_fin, sop_creacion, sop_estado, tic_id) VALUES (6, 'bring', 'theory', '1986-09-22', '2004-05-26', '1971-09-12', 1, 6);
INSERT INTO soporte (sop_id, sop_problema, sop_solucion, sop_ini, sop_fin, sop_creacion, sop_estado, tic_id) VALUES (7, 'less', 'cause', '1997-10-23', '1985-11-29', '1989-08-11', 0, 7);
INSERT INTO soporte (sop_id, sop_problema, sop_solucion, sop_ini, sop_fin, sop_creacion, sop_estado, tic_id) VALUES (8, 'question', 'help', '1978-08-06', '2012-02-06', '2012-10-16', 0, 8);
INSERT INTO soporte (sop_id, sop_problema, sop_solucion, sop_ini, sop_fin, sop_creacion, sop_estado, tic_id) VALUES (9, 'will', 'receive', '1991-06-17', '2015-05-08', '1987-11-29', 0, 9);
INSERT INTO soporte (sop_id, sop_problema, sop_solucion, sop_ini, sop_fin, sop_creacion, sop_estado, tic_id) VALUES (10, 'tend', 'travel', '1978-07-06', '1995-10-22', '2021-04-24', 0, 10);
INSERT INTO soporte (sop_id, sop_problema, sop_solucion, sop_ini, sop_fin, sop_creacion, sop_estado, tic_id) VALUES (11, 'night', 'treatment', '2005-01-12', '1996-07-27', '1976-05-05', 0, 11);
INSERT INTO soporte (sop_id, sop_problema, sop_solucion, sop_ini, sop_fin, sop_creacion, sop_estado, tic_id) VALUES (12, 'almost', 'actually', '2003-08-30', '1980-10-12', '1980-04-30', 0, 12);
INSERT INTO soporte (sop_id, sop_problema, sop_solucion, sop_ini, sop_fin, sop_creacion, sop_estado, tic_id) VALUES (13, 'myself', 'answer', '1982-03-07', '2007-06-22', '2006-11-19', 1, 13);
INSERT INTO soporte (sop_id, sop_problema, sop_solucion, sop_ini, sop_fin, sop_creacion, sop_estado, tic_id) VALUES (14, 'everyone', 'stand', '2008-05-28', '2006-03-25', '2001-04-16', 1, 14);
INSERT INTO soporte (sop_id, sop_problema, sop_solucion, sop_ini, sop_fin, sop_creacion, sop_estado, tic_id) VALUES (15, 'four', 'meet', '2017-12-02', '1970-03-10', '2003-08-26', 1, 15);
INSERT INTO soporte (sop_id, sop_problema, sop_solucion, sop_ini, sop_fin, sop_creacion, sop_estado, tic_id) VALUES (16, 'art', 'available', '1980-12-02', '1989-05-29', '1983-06-13', 1, 16);
INSERT INTO soporte (sop_id, sop_problema, sop_solucion, sop_ini, sop_fin, sop_creacion, sop_estado, tic_id) VALUES (17, 'herself', 'family', '1993-09-27', '1992-01-04', '1995-07-07', 0, 17);
INSERT INTO soporte (sop_id, sop_problema, sop_solucion, sop_ini, sop_fin, sop_creacion, sop_estado, tic_id) VALUES (18, 'of', 'while', '2013-07-31', '2015-04-21', '2024-05-20', 0, 18);
INSERT INTO soporte (sop_id, sop_problema, sop_solucion, sop_ini, sop_fin, sop_creacion, sop_estado, tic_id) VALUES (19, 'experience', 'save', '1981-07-19', '1981-03-24', '1991-10-04', 1, 19);
INSERT INTO soporte (sop_id, sop_problema, sop_solucion, sop_ini, sop_fin, sop_creacion, sop_estado, tic_id) VALUES (20, 'force', 'number', '1983-03-11', '1974-10-13', '2016-04-24', 0, 20);
INSERT INTO soporte (sop_id, sop_problema, sop_solucion, sop_ini, sop_fin, sop_creacion, sop_estado, tic_id) VALUES (21, 'school', 'data', '2016-01-11', '1972-09-17', '1993-10-10', 0, 21);
INSERT INTO soporte (sop_id, sop_problema, sop_solucion, sop_ini, sop_fin, sop_creacion, sop_estado, tic_id) VALUES (22, 'each', 'four', '2013-02-09', '2004-02-26', '2013-06-01', 1, 22);
INSERT INTO soporte (sop_id, sop_problema, sop_solucion, sop_ini, sop_fin, sop_creacion, sop_estado, tic_id) VALUES (23, 'activity', 'education', '1977-06-11', '2011-05-06', '2002-03-29', 1, 23);
INSERT INTO soporte (sop_id, sop_problema, sop_solucion, sop_ini, sop_fin, sop_creacion, sop_estado, tic_id) VALUES (24, 'support', 'result', '2004-05-28', '2002-10-21', '1978-07-10', 1, 24);
INSERT INTO soporte (sop_id, sop_problema, sop_solucion, sop_ini, sop_fin, sop_creacion, sop_estado, tic_id) VALUES (25, 'minute', 'job', '1989-05-31', '1979-09-12', '2014-07-25', 0, 25);
INSERT INTO soporte (sop_id, sop_problema, sop_solucion, sop_ini, sop_fin, sop_creacion, sop_estado, tic_id) VALUES (26, 'animal', 'live', '1982-07-17', '2003-10-12', '2002-12-30', 1, 26);
INSERT INTO soporte (sop_id, sop_problema, sop_solucion, sop_ini, sop_fin, sop_creacion, sop_estado, tic_id) VALUES (27, 'protect', 'form', '1987-07-22', '2009-07-05', '2007-04-04', 0, 27);
INSERT INTO soporte (sop_id, sop_problema, sop_solucion, sop_ini, sop_fin, sop_creacion, sop_estado, tic_id) VALUES (28, 'determine', 'service', '1990-09-07', '1988-07-10', '1975-11-28', 0, 28);
INSERT INTO soporte (sop_id, sop_problema, sop_solucion, sop_ini, sop_fin, sop_creacion, sop_estado, tic_id) VALUES (29, 'office', 'class', '2019-04-18', '1981-07-18', '2021-07-30', 0, 29);
INSERT INTO soporte (sop_id, sop_problema, sop_solucion, sop_ini, sop_fin, sop_creacion, sop_estado, tic_id) VALUES (30, 'have', 'bar', '1988-11-01', '2000-09-20', '1987-09-29', 1, 30);
INSERT INTO soporte (sop_id, sop_problema, sop_solucion, sop_ini, sop_fin, sop_creacion, sop_estado, tic_id) VALUES (31, 'generation', 'onto', '2002-06-15', '1971-03-15', '1984-08-11', 0, 31);
INSERT INTO soporte (sop_id, sop_problema, sop_solucion, sop_ini, sop_fin, sop_creacion, sop_estado, tic_id) VALUES (32, 'traditional', 'might', '2012-02-05', '2013-07-27', '2000-01-01', 1, 32);
INSERT INTO soporte (sop_id, sop_problema, sop_solucion, sop_ini, sop_fin, sop_creacion, sop_estado, tic_id) VALUES (33, 'song', 'between', '1972-04-19', '2012-12-15', '1986-10-01', 0, 33);
INSERT INTO soporte (sop_id, sop_problema, sop_solucion, sop_ini, sop_fin, sop_creacion, sop_estado, tic_id) VALUES (34, 'again', 'minute', '2008-08-22', '2016-02-21', '1975-01-16', 0, 34);
INSERT INTO soporte (sop_id, sop_problema, sop_solucion, sop_ini, sop_fin, sop_creacion, sop_estado, tic_id) VALUES (35, 'should', 'me', '2020-07-11', '1970-01-21', '2005-10-28', 0, 35);
INSERT INTO soporte (sop_id, sop_problema, sop_solucion, sop_ini, sop_fin, sop_creacion, sop_estado, tic_id) VALUES (36, 'when', 'too', '1972-02-04', '1987-05-02', '1978-06-11', 0, 36);
INSERT INTO soporte (sop_id, sop_problema, sop_solucion, sop_ini, sop_fin, sop_creacion, sop_estado, tic_id) VALUES (37, 'hot', 'Mrs', '2019-06-26', '1990-02-26', '2004-03-16', 1, 37);
INSERT INTO soporte (sop_id, sop_problema, sop_solucion, sop_ini, sop_fin, sop_creacion, sop_estado, tic_id) VALUES (38, 'new', 'cause', '1993-06-09', '2011-05-11', '2020-06-06', 0, 38);
INSERT INTO soporte (sop_id, sop_problema, sop_solucion, sop_ini, sop_fin, sop_creacion, sop_estado, tic_id) VALUES (39, 'science', 'institution', '1986-01-15', '2017-06-19', '1976-07-09', 1, 39);
INSERT INTO soporte (sop_id, sop_problema, sop_solucion, sop_ini, sop_fin, sop_creacion, sop_estado, tic_id) VALUES (40, 'situation', 'American', '1989-06-30', '2012-01-21', '1976-01-10', 1, 40);
INSERT INTO soporte (sop_id, sop_problema, sop_solucion, sop_ini, sop_fin, sop_creacion, sop_estado, tic_id) VALUES (41, 'old', 'strategy', '2012-12-12', '1994-10-25', '2009-05-28', 0, 41);
INSERT INTO soporte (sop_id, sop_problema, sop_solucion, sop_ini, sop_fin, sop_creacion, sop_estado, tic_id) VALUES (42, 'bar', 'hospital', '1997-04-14', '1987-10-04', '2015-02-16', 0, 42);
INSERT INTO soporte (sop_id, sop_problema, sop_solucion, sop_ini, sop_fin, sop_creacion, sop_estado, tic_id) VALUES (43, 'certain', 'always', '1977-10-07', '1989-11-23', '1981-12-24', 1, 43);
INSERT INTO soporte (sop_id, sop_problema, sop_solucion, sop_ini, sop_fin, sop_creacion, sop_estado, tic_id) VALUES (44, 'claim', 'policy', '1984-01-19', '1982-09-10', '2006-02-06', 0, 44);
INSERT INTO soporte (sop_id, sop_problema, sop_solucion, sop_ini, sop_fin, sop_creacion, sop_estado, tic_id) VALUES (45, 'yes', 'stuff', '1995-07-31', '1974-08-09', '2016-05-11', 0, 45);
INSERT INTO soporte (sop_id, sop_problema, sop_solucion, sop_ini, sop_fin, sop_creacion, sop_estado, tic_id) VALUES (46, 'join', 'current', '1987-06-08', '1984-08-20', '1981-10-29', 0, 46);
INSERT INTO soporte (sop_id, sop_problema, sop_solucion, sop_ini, sop_fin, sop_creacion, sop_estado, tic_id) VALUES (47, 'box', 'street', '1994-01-01', '2009-12-24', '2017-11-02', 1, 47);
INSERT INTO soporte (sop_id, sop_problema, sop_solucion, sop_ini, sop_fin, sop_creacion, sop_estado, tic_id) VALUES (48, 'indicate', 'personal', '1975-10-26', '1994-09-10', '1989-02-28', 0, 48);
INSERT INTO soporte (sop_id, sop_problema, sop_solucion, sop_ini, sop_fin, sop_creacion, sop_estado, tic_id) VALUES (49, 'music', 'enough', '2011-05-21', '1998-09-24', '1980-04-27', 0, 49);
INSERT INTO soporte (sop_id, sop_problema, sop_solucion, sop_ini, sop_fin, sop_creacion, sop_estado, tic_id) VALUES (50, 'card', 'energy', '1973-02-07', '1973-01-18', '1985-12-13', 1, 50);
INSERT INTO soporte (sop_id, sop_problema, sop_solucion, sop_ini, sop_fin, sop_creacion, sop_estado, tic_id) VALUES (51, 'while', 'likely', '1984-10-04', '1993-12-19', '1987-02-28', 0, 51);
INSERT INTO soporte (sop_id, sop_problema, sop_solucion, sop_ini, sop_fin, sop_creacion, sop_estado, tic_id) VALUES (52, 'style', 'allow', '2000-01-25', '2019-11-10', '1987-02-17', 1, 52);
INSERT INTO soporte (sop_id, sop_problema, sop_solucion, sop_ini, sop_fin, sop_creacion, sop_estado, tic_id) VALUES (53, 'ago', 'among', '1977-03-31', '1987-12-08', '1991-12-20', 0, 53);
INSERT INTO soporte (sop_id, sop_problema, sop_solucion, sop_ini, sop_fin, sop_creacion, sop_estado, tic_id) VALUES (54, 'Congress', 'mind', '1978-04-28', '2014-09-03', '1970-11-04', 1, 54);
INSERT INTO soporte (sop_id, sop_problema, sop_solucion, sop_ini, sop_fin, sop_creacion, sop_estado, tic_id) VALUES (55, 'him', 'under', '2021-01-26', '2010-11-24', '1976-05-02', 1, 55);
INSERT INTO soporte (sop_id, sop_problema, sop_solucion, sop_ini, sop_fin, sop_creacion, sop_estado, tic_id) VALUES (56, 'show', 'suggest', '1977-05-20', '1976-05-03', '2006-03-03', 0, 56);
INSERT INTO soporte (sop_id, sop_problema, sop_solucion, sop_ini, sop_fin, sop_creacion, sop_estado, tic_id) VALUES (57, 'ball', 'since', '2016-01-09', '1988-04-05', '1982-05-25', 1, 57);
INSERT INTO soporte (sop_id, sop_problema, sop_solucion, sop_ini, sop_fin, sop_creacion, sop_estado, tic_id) VALUES (58, 'five', 'green', '2002-04-25', '1997-10-01', '2016-06-03', 1, 58);
INSERT INTO soporte (sop_id, sop_problema, sop_solucion, sop_ini, sop_fin, sop_creacion, sop_estado, tic_id) VALUES (59, 'success', 'form', '1972-09-15', '1987-10-14', '1986-10-14', 1, 59);
INSERT INTO soporte (sop_id, sop_problema, sop_solucion, sop_ini, sop_fin, sop_creacion, sop_estado, tic_id) VALUES (60, 'final', 'better', '2022-11-14', '1981-02-14', '1991-07-15', 0, 60);
INSERT INTO soporte (sop_id, sop_problema, sop_solucion, sop_ini, sop_fin, sop_creacion, sop_estado, tic_id) VALUES (61, 'others', 'opportun', '1973-03-29', '1979-01-13', '2007-02-07', 0, 61);
INSERT INTO soporte (sop_id, sop_problema, sop_solucion, sop_ini, sop_fin, sop_creacion, sop_estado, tic_id) VALUES (62, 'however', 'knowledge', '2013-07-12', '1992-05-06', '2015-05-10', 1, 62);
INSERT INTO soporte (sop_id, sop_problema, sop_solucion, sop_ini, sop_fin, sop_creacion, sop_estado, tic_id) VALUES (63, 'role', 'spring', '2003-08-03', '1979-08-25', '1973-02-11', 1, 63);
INSERT INTO soporte (sop_id, sop_problema, sop_solucion, sop_ini, sop_fin, sop_creacion, sop_estado, tic_id) VALUES (64, 'friend', 'language', '1998-08-22', '1992-12-24', '2003-01-08', 0, 64);
INSERT INTO soporte (sop_id, sop_problema, sop_solucion, sop_ini, sop_fin, sop_creacion, sop_estado, tic_id) VALUES (65, 'method', 'organization', '2000-07-27', '2009-04-20', '2015-03-23', 0, 65);
INSERT INTO soporte (sop_id, sop_problema, sop_solucion, sop_ini, sop_fin, sop_creacion, sop_estado, tic_id) VALUES (66, 'summer', 'cup', '2016-11-04', '1990-06-01', '1979-01-29', 1, 66);
INSERT INTO soporte (sop_id, sop_problema, sop_solucion, sop_ini, sop_fin, sop_creacion, sop_estado, tic_id) VALUES (67, 'issue', 'meeting', '2002-03-24', '2013-09-24', '2013-05-21', 1, 67);
INSERT INTO soporte (sop_id, sop_problema, sop_solucion, sop_ini, sop_fin, sop_creacion, sop_estado, tic_id) VALUES (68, 'certain', 'available', '1982-01-02', '1974-01-01', '2018-06-20', 1, 68);
INSERT INTO soporte (sop_id, sop_problema, sop_solucion, sop_ini, sop_fin, sop_creacion, sop_estado, tic_id) VALUES (69, 'inside', 'management', '1998-05-27', '1994-12-14', '2019-01-27', 1, 69);
INSERT INTO soporte (sop_id, sop_problema, sop_solucion, sop_ini, sop_fin, sop_creacion, sop_estado, tic_id) VALUES (70, 'trade', 'item', '1972-07-16', '1989-08-30', '2016-07-20', 1, 70);
INSERT INTO soporte (sop_id, sop_problema, sop_solucion, sop_ini, sop_fin, sop_creacion, sop_estado, tic_id) VALUES (71, 'various', 'woman', '2013-09-11', '1987-06-22', '2021-12-16', 0, 71);
INSERT INTO soporte (sop_id, sop_problema, sop_solucion, sop_ini, sop_fin, sop_creacion, sop_estado, tic_id) VALUES (72, 'avoid', 'inside', '1971-03-04', '2017-01-31', '2008-03-19', 1, 72);
INSERT INTO soporte (sop_id, sop_problema, sop_solucion, sop_ini, sop_fin, sop_creacion, sop_estado, tic_id) VALUES (73, 'degree', 'owner', '1993-06-03', '2015-05-23', '1974-09-04', 0, 73);
INSERT INTO soporte (sop_id, sop_problema, sop_solucion, sop_ini, sop_fin, sop_creacion, sop_estado, tic_id) VALUES (74, 'little', 'necessary', '2019-02-07', '2013-03-19', '1976-06-18', 0, 74);
INSERT INTO soporte (sop_id, sop_problema, sop_solucion, sop_ini, sop_fin, sop_creacion, sop_estado, tic_id) VALUES (75, 'whose', 'town', '1980-07-27', '1997-02-13', '1970-02-20', 1, 75);
INSERT INTO soporte (sop_id, sop_problema, sop_solucion, sop_ini, sop_fin, sop_creacion, sop_estado, tic_id) VALUES (76, 'room', 'prepare', '1996-06-23', '2019-11-26', '2010-01-12', 0, 76);
INSERT INTO soporte (sop_id, sop_problema, sop_solucion, sop_ini, sop_fin, sop_creacion, sop_estado, tic_id) VALUES (77, 'least', 'school', '2003-07-27', '1979-02-16', '1977-07-26', 0, 77);
INSERT INTO soporte (sop_id, sop_problema, sop_solucion, sop_ini, sop_fin, sop_creacion, sop_estado, tic_id) VALUES (78, 'though', 'nearly', '2018-09-14', '1978-05-01', '1975-12-22', 1, 78);
INSERT INTO soporte (sop_id, sop_problema, sop_solucion, sop_ini, sop_fin, sop_creacion, sop_estado, tic_id) VALUES (79, 'plant', 'data', '1980-11-20', '2003-12-22', '2010-05-26', 1, 79);
INSERT INTO soporte (sop_id, sop_problema, sop_solucion, sop_ini, sop_fin, sop_creacion, sop_estado, tic_id) VALUES (80, 'discuss', 'machine', '1992-06-06', '1988-05-22', '1990-02-01', 0, 80);
INSERT INTO soporte (sop_id, sop_problema, sop_solucion, sop_ini, sop_fin, sop_creacion, sop_estado, tic_id) VALUES (81, 'dog', 'which', '1976-03-16', '1999-10-02', '1975-06-14', 0, 81);
INSERT INTO soporte (sop_id, sop_problema, sop_solucion, sop_ini, sop_fin, sop_creacion, sop_estado, tic_id) VALUES (82, 'no', 'seek', '1979-02-05', '2001-03-15', '2010-06-02', 0, 82);
INSERT INTO soporte (sop_id, sop_problema, sop_solucion, sop_ini, sop_fin, sop_creacion, sop_estado, tic_id) VALUES (83, 'draw', 'agree', '2011-01-13', '2009-04-26', '2007-12-27', 1, 83);
INSERT INTO soporte (sop_id, sop_problema, sop_solucion, sop_ini, sop_fin, sop_creacion, sop_estado, tic_id) VALUES (84, 'politics', 'or', '2000-07-17', '1998-10-14', '1985-08-15', 1, 84);
INSERT INTO soporte (sop_id, sop_problema, sop_solucion, sop_ini, sop_fin, sop_creacion, sop_estado, tic_id) VALUES (85, 'piece', 'agent', '1981-03-08', '1992-01-03', '1981-04-08', 1, 85);
INSERT INTO soporte (sop_id, sop_problema, sop_solucion, sop_ini, sop_fin, sop_creacion, sop_estado, tic_id) VALUES (86, 'near', 'exist', '2001-07-22', '1998-09-29', '1984-03-06', 1, 86);
INSERT INTO soporte (sop_id, sop_problema, sop_solucion, sop_ini, sop_fin, sop_creacion, sop_estado, tic_id) VALUES (87, 'everyone', 'activity', '2008-02-07', '2012-01-24', '1975-12-18', 1, 87);
INSERT INTO soporte (sop_id, sop_problema, sop_solucion, sop_ini, sop_fin, sop_creacion, sop_estado, tic_id) VALUES (88, 'window', 'dog', '1996-04-06', '1981-08-19', '1973-11-10', 0, 88);
INSERT INTO soporte (sop_id, sop_problema, sop_solucion, sop_ini, sop_fin, sop_creacion, sop_estado, tic_id) VALUES (89, 'find', 'remember', '1975-09-15', '2020-11-12', '2012-09-24', 1, 89);
INSERT INTO soporte (sop_id, sop_problema, sop_solucion, sop_ini, sop_fin, sop_creacion, sop_estado, tic_id) VALUES (90, 'feeling', 'situation', '2020-05-05', '1993-04-09', '2022-10-21', 0, 90);
INSERT INTO soporte (sop_id, sop_problema, sop_solucion, sop_ini, sop_fin, sop_creacion, sop_estado, tic_id) VALUES (91, 'stuff', 'prevent', '1977-11-21', '1988-05-29', '2011-06-15', 0, 91);
INSERT INTO soporte (sop_id, sop_problema, sop_solucion, sop_ini, sop_fin, sop_creacion, sop_estado, tic_id) VALUES (92, 'discussion', 'practice', '2009-11-28', '1991-01-05', '1998-07-25', 0, 92);
INSERT INTO soporte (sop_id, sop_problema, sop_solucion, sop_ini, sop_fin, sop_creacion, sop_estado, tic_id) VALUES (93, 'grow', 'hotel', '1975-01-17', '1972-02-23', '2008-08-14', 0, 93);
INSERT INTO soporte (sop_id, sop_problema, sop_solucion, sop_ini, sop_fin, sop_creacion, sop_estado, tic_id) VALUES (94, 'next', 'light', '2005-09-06', '1975-09-13', '2005-10-25', 1, 94);
INSERT INTO soporte (sop_id, sop_problema, sop_solucion, sop_ini, sop_fin, sop_creacion, sop_estado, tic_id) VALUES (95, 'her', 'example', '1985-10-02', '2007-09-04', '1970-07-02', 1, 95);
INSERT INTO soporte (sop_id, sop_problema, sop_solucion, sop_ini, sop_fin, sop_creacion, sop_estado, tic_id) VALUES (96, 'claim', 'open', '2007-08-20', '1988-04-25', '1995-01-24', 1, 96);
INSERT INTO soporte (sop_id, sop_problema, sop_solucion, sop_ini, sop_fin, sop_creacion, sop_estado, tic_id) VALUES (97, 'tell', 'full', '2000-09-29', '2012-01-28', '1987-05-27', 0, 97);
INSERT INTO soporte (sop_id, sop_problema, sop_solucion, sop_ini, sop_fin, sop_creacion, sop_estado, tic_id) VALUES (98, 'use', 'it', '1975-01-23', '2020-11-08', '2012-11-13', 1, 98);
INSERT INTO soporte (sop_id, sop_problema, sop_solucion, sop_ini, sop_fin, sop_creacion, sop_estado, tic_id) VALUES (99, 'issue', 'hot', '2007-12-27', '1983-03-30', '1981-03-27', 1, 99);
INSERT INTO soporte (sop_id, sop_problema, sop_solucion, sop_ini, sop_fin, sop_creacion, sop_estado, tic_id) VALUES (100, 'around', 'skill', '2001-07-28', '1995-07-30', '2000-11-07', 0, 100);
INSERT INTO actualizacion (act_id, act_sistema, act_version, act_fecha, act_creacion, act_estado, tic_id) VALUES (1, 'pretty', 'particularly', '1979-09-26', '2021-04-22', 0, 1);
INSERT INTO actualizacion (act_id, act_sistema, act_version, act_fecha, act_creacion, act_estado, tic_id) VALUES (2, 'suggest', 'police', '1985-05-28', '1980-07-02', 0, 2);
INSERT INTO actualizacion (act_id, act_sistema, act_version, act_fecha, act_creacion, act_estado, tic_id) VALUES (3, 'music', 'clearly', '1994-12-14', '1986-05-03', 1, 3);
INSERT INTO actualizacion (act_id, act_sistema, act_version, act_fecha, act_creacion, act_estado, tic_id) VALUES (4, 'similar', 'agent', '1980-03-02', '1972-07-14', 0, 4);
INSERT INTO actualizacion (act_id, act_sistema, act_version, act_fecha, act_creacion, act_estado, tic_id) VALUES (5, 'hot', 'chance', '2020-06-08', '1987-06-28', 0, 5);
INSERT INTO actualizacion (act_id, act_sistema, act_version, act_fecha, act_creacion, act_estado, tic_id) VALUES (6, 'yet', 'kid', '1981-12-12', '1993-10-27', 1, 6);
INSERT INTO actualizacion (act_id, act_sistema, act_version, act_fecha, act_creacion, act_estado, tic_id) VALUES (7, 'population', 'total', '1999-12-17', '1991-09-04', 0, 7);
INSERT INTO actualizacion (act_id, act_sistema, act_version, act_fecha, act_creacion, act_estado, tic_id) VALUES (8, 'energy', 'hit', '1990-05-20', '2013-01-07', 0, 8);
INSERT INTO actualizacion (act_id, act_sistema, act_version, act_fecha, act_creacion, act_estado, tic_id) VALUES (9, 'plant', 'seven', '2011-01-19', '1998-07-31', 1, 9);
INSERT INTO actualizacion (act_id, act_sistema, act_version, act_fecha, act_creacion, act_estado, tic_id) VALUES (10, 'deep', 'sense', '1993-05-11', '2017-06-07', 1, 10);
INSERT INTO actualizacion (act_id, act_sistema, act_version, act_fecha, act_creacion, act_estado, tic_id) VALUES (11, 'of', 'me', '2016-01-03', '2010-09-27', 0, 11);
INSERT INTO actualizacion (act_id, act_sistema, act_version, act_fecha, act_creacion, act_estado, tic_id) VALUES (12, 'serve', 'wish', '1976-03-27', '1993-07-20', 1, 12);
INSERT INTO actualizacion (act_id, act_sistema, act_version, act_fecha, act_creacion, act_estado, tic_id) VALUES (13, 'foot', 'though', '1998-03-20', '2007-02-18', 1, 13);
INSERT INTO actualizacion (act_id, act_sistema, act_version, act_fecha, act_creacion, act_estado, tic_id) VALUES (14, 'season', 'grow', '1982-02-09', '2006-02-27', 0, 14);
INSERT INTO actualizacion (act_id, act_sistema, act_version, act_fecha, act_creacion, act_estado, tic_id) VALUES (15, 'Republican', 'consumer', '1984-03-03', '2020-03-11', 0, 15);
INSERT INTO actualizacion (act_id, act_sistema, act_version, act_fecha, act_creacion, act_estado, tic_id) VALUES (16, 'or', 'yourself', '2005-01-06', '1989-11-09', 0, 16);
INSERT INTO actualizacion (act_id, act_sistema, act_version, act_fecha, act_creacion, act_estado, tic_id) VALUES (17, 'firm', 'assume', '2018-09-11', '1979-12-19', 0, 17);
INSERT INTO actualizacion (act_id, act_sistema, act_version, act_fecha, act_creacion, act_estado, tic_id) VALUES (18, 'school', 'threat', '2009-03-16', '1972-02-24', 1, 18);
INSERT INTO actualizacion (act_id, act_sistema, act_version, act_fecha, act_creacion, act_estado, tic_id) VALUES (19, 'early', 'above', '1979-03-09', '1987-03-17', 0, 19);
INSERT INTO actualizacion (act_id, act_sistema, act_version, act_fecha, act_creacion, act_estado, tic_id) VALUES (20, 'almost', 'tonight', '2005-07-11', '1974-04-19', 1, 20);
INSERT INTO actualizacion (act_id, act_sistema, act_version, act_fecha, act_creacion, act_estado, tic_id) VALUES (21, 'successful', 'action', '2006-10-26', '1983-09-03', 0, 21);
INSERT INTO actualizacion (act_id, act_sistema, act_version, act_fecha, act_creacion, act_estado, tic_id) VALUES (22, 'miss', 'military', '2014-09-21', '2023-05-22', 1, 22);
INSERT INTO actualizacion (act_id, act_sistema, act_version, act_fecha, act_creacion, act_estado, tic_id) VALUES (23, 'message', 'citizen', '1979-08-15', '2016-10-22', 0, 23);
INSERT INTO actualizacion (act_id, act_sistema, act_version, act_fecha, act_creacion, act_estado, tic_id) VALUES (24, 'expert', 'on', '1988-10-04', '1987-07-03', 0, 24);
INSERT INTO actualizacion (act_id, act_sistema, act_version, act_fecha, act_creacion, act_estado, tic_id) VALUES (25, 'fly', 'close', '1977-06-17', '2000-07-16', 0, 25);
INSERT INTO actualizacion (act_id, act_sistema, act_version, act_fecha, act_creacion, act_estado, tic_id) VALUES (26, 'his', 'find', '2019-02-03', '1973-07-13', 0, 26);
INSERT INTO actualizacion (act_id, act_sistema, act_version, act_fecha, act_creacion, act_estado, tic_id) VALUES (27, 'house', 'pressure', '1992-01-09', '2013-06-20', 0, 27);
INSERT INTO actualizacion (act_id, act_sistema, act_version, act_fecha, act_creacion, act_estado, tic_id) VALUES (28, 'safe', 'require', '1980-05-03', '2023-03-25', 1, 28);
INSERT INTO actualizacion (act_id, act_sistema, act_version, act_fecha, act_creacion, act_estado, tic_id) VALUES (29, 'TV', 'great', '1988-10-01', '2017-06-17', 1, 29);
INSERT INTO actualizacion (act_id, act_sistema, act_version, act_fecha, act_creacion, act_estado, tic_id) VALUES (30, 'country', 'crime', '1972-03-14', '1972-11-19', 1, 30);
INSERT INTO actualizacion (act_id, act_sistema, act_version, act_fecha, act_creacion, act_estado, tic_id) VALUES (31, 'save', 'have', '1981-02-09', '2019-12-29', 0, 31);
INSERT INTO actualizacion (act_id, act_sistema, act_version, act_fecha, act_creacion, act_estado, tic_id) VALUES (32, 'whose', 'mother', '2009-02-11', '2003-05-13', 1, 32);
INSERT INTO actualizacion (act_id, act_sistema, act_version, act_fecha, act_creacion, act_estado, tic_id) VALUES (33, 'task', 'fight', '2019-06-21', '2014-12-05', 0, 33);
INSERT INTO actualizacion (act_id, act_sistema, act_version, act_fecha, act_creacion, act_estado, tic_id) VALUES (34, 'behind', 'determine', '2016-08-05', '2013-06-20', 1, 34);
INSERT INTO actualizacion (act_id, act_sistema, act_version, act_fecha, act_creacion, act_estado, tic_id) VALUES (35, 'site', 'over', '2001-07-26', '2005-02-28', 1, 35);
INSERT INTO actualizacion (act_id, act_sistema, act_version, act_fecha, act_creacion, act_estado, tic_id) VALUES (36, 'be', 'describe', '1987-12-15', '2022-02-09', 1, 36);
INSERT INTO actualizacion (act_id, act_sistema, act_version, act_fecha, act_creacion, act_estado, tic_id) VALUES (37, 'education', 'down', '2012-02-25', '2004-05-19', 1, 37);
INSERT INTO actualizacion (act_id, act_sistema, act_version, act_fecha, act_creacion, act_estado, tic_id) VALUES (38, 'job', 'structure', '2006-11-05', '2021-11-01', 1, 38);
INSERT INTO actualizacion (act_id, act_sistema, act_version, act_fecha, act_creacion, act_estado, tic_id) VALUES (39, 'sea', 'fall', '2016-08-24', '1987-02-17', 1, 39);
INSERT INTO actualizacion (act_id, act_sistema, act_version, act_fecha, act_creacion, act_estado, tic_id) VALUES (40, 'ready', 'shake', '1974-01-19', '2005-11-13', 1, 40);
INSERT INTO actualizacion (act_id, act_sistema, act_version, act_fecha, act_creacion, act_estado, tic_id) VALUES (41, 'late', 'TV', '1978-06-25', '2005-03-17', 1, 41);
INSERT INTO actualizacion (act_id, act_sistema, act_version, act_fecha, act_creacion, act_estado, tic_id) VALUES (42, 'position', 'middle', '1992-07-21', '2016-06-18', 0, 42);
INSERT INTO actualizacion (act_id, act_sistema, act_version, act_fecha, act_creacion, act_estado, tic_id) VALUES (43, 'product', 'program', '1998-03-10', '1993-10-16', 1, 43);
INSERT INTO actualizacion (act_id, act_sistema, act_version, act_fecha, act_creacion, act_estado, tic_id) VALUES (44, 'affect', 'scene', '2002-08-03', '2012-07-13', 0, 44);
INSERT INTO actualizacion (act_id, act_sistema, act_version, act_fecha, act_creacion, act_estado, tic_id) VALUES (45, 'recent', 'cut', '2018-02-04', '1983-10-28', 1, 45);
INSERT INTO actualizacion (act_id, act_sistema, act_version, act_fecha, act_creacion, act_estado, tic_id) VALUES (46, 'card', 'hand', '1994-03-07', '2009-02-19', 1, 46);
INSERT INTO actualizacion (act_id, act_sistema, act_version, act_fecha, act_creacion, act_estado, tic_id) VALUES (47, 'impact', 'left', '1977-07-10', '1989-07-13', 0, 47);
INSERT INTO actualizacion (act_id, act_sistema, act_version, act_fecha, act_creacion, act_estado, tic_id) VALUES (48, 'magazine', 'sense', '1988-06-24', '2005-04-23', 1, 48);
INSERT INTO actualizacion (act_id, act_sistema, act_version, act_fecha, act_creacion, act_estado, tic_id) VALUES (49, 'require', 'speak', '2005-09-03', '1981-05-09', 0, 49);
INSERT INTO actualizacion (act_id, act_sistema, act_version, act_fecha, act_creacion, act_estado, tic_id) VALUES (50, 'professor', 'throughout', '1994-03-26', '1984-07-08', 1, 50);
INSERT INTO actualizacion (act_id, act_sistema, act_version, act_fecha, act_creacion, act_estado, tic_id) VALUES (51, 'recent', 'yes', '2003-05-20', '2020-04-02', 1, 51);
INSERT INTO actualizacion (act_id, act_sistema, act_version, act_fecha, act_creacion, act_estado, tic_id) VALUES (52, 'group', 'radio', '2003-04-10', '1988-10-24', 1, 52);
INSERT INTO actualizacion (act_id, act_sistema, act_version, act_fecha, act_creacion, act_estado, tic_id) VALUES (53, 'generation', 'art', '2016-02-23', '1971-02-03', 1, 53);
INSERT INTO actualizacion (act_id, act_sistema, act_version, act_fecha, act_creacion, act_estado, tic_id) VALUES (54, 'late', 'affect', '1997-12-09', '2003-09-22', 0, 54);
INSERT INTO actualizacion (act_id, act_sistema, act_version, act_fecha, act_creacion, act_estado, tic_id) VALUES (55, 'human', 'machine', '1991-01-17', '1990-06-26', 1, 55);
INSERT INTO actualizacion (act_id, act_sistema, act_version, act_fecha, act_creacion, act_estado, tic_id) VALUES (56, 'south', 'forget', '1973-08-13', '2023-10-29', 0, 56);
INSERT INTO actualizacion (act_id, act_sistema, act_version, act_fecha, act_creacion, act_estado, tic_id) VALUES (57, 'school', 'follow', '2023-05-14', '1983-06-02', 1, 57);
INSERT INTO actualizacion (act_id, act_sistema, act_version, act_fecha, act_creacion, act_estado, tic_id) VALUES (58, 'whatever', 'which', '2003-02-27', '1999-02-23', 1, 58);
INSERT INTO actualizacion (act_id, act_sistema, act_version, act_fecha, act_creacion, act_estado, tic_id) VALUES (59, 'because', 'consumer', '1992-02-26', '1972-11-17', 0, 59);
INSERT INTO actualizacion (act_id, act_sistema, act_version, act_fecha, act_creacion, act_estado, tic_id) VALUES (60, 'picture', 'even', '2023-12-18', '1987-02-01', 1, 60);
INSERT INTO actualizacion (act_id, act_sistema, act_version, act_fecha, act_creacion, act_estado, tic_id) VALUES (61, 'successful', 'finally', '2020-11-17', '1991-04-01', 1, 61);
INSERT INTO actualizacion (act_id, act_sistema, act_version, act_fecha, act_creacion, act_estado, tic_id) VALUES (62, 'piece', 'arrive', '2004-04-24', '1996-07-30', 0, 62);
INSERT INTO actualizacion (act_id, act_sistema, act_version, act_fecha, act_creacion, act_estado, tic_id) VALUES (63, 'life', 'recent', '2020-08-21', '2021-04-22', 0, 63);
INSERT INTO actualizacion (act_id, act_sistema, act_version, act_fecha, act_creacion, act_estado, tic_id) VALUES (64, 'particularly', 'after', '2015-10-09', '2018-06-17', 0, 64);
INSERT INTO actualizacion (act_id, act_sistema, act_version, act_fecha, act_creacion, act_estado, tic_id) VALUES (65, 'third', 'animal', '2004-06-10', '2019-07-02', 0, 65);
INSERT INTO actualizacion (act_id, act_sistema, act_version, act_fecha, act_creacion, act_estado, tic_id) VALUES (66, 'positive', 'begin', '2008-03-09', '2000-05-27', 0, 66);
INSERT INTO actualizacion (act_id, act_sistema, act_version, act_fecha, act_creacion, act_estado, tic_id) VALUES (67, 'high', 'year', '1995-01-24', '2012-10-25', 0, 67);
INSERT INTO actualizacion (act_id, act_sistema, act_version, act_fecha, act_creacion, act_estado, tic_id) VALUES (68, 'model', 'office', '2017-10-20', '2019-02-06', 0, 68);
INSERT INTO actualizacion (act_id, act_sistema, act_version, act_fecha, act_creacion, act_estado, tic_id) VALUES (69, 'senior', 'reach', '1977-01-03', '1984-01-10', 1, 69);
INSERT INTO actualizacion (act_id, act_sistema, act_version, act_fecha, act_creacion, act_estado, tic_id) VALUES (70, 'certain', 'simply', '1980-09-17', '2016-02-19', 0, 70);
INSERT INTO actualizacion (act_id, act_sistema, act_version, act_fecha, act_creacion, act_estado, tic_id) VALUES (71, 'knowledge', 'picture', '1992-03-02', '2014-03-02', 1, 71);
INSERT INTO actualizacion (act_id, act_sistema, act_version, act_fecha, act_creacion, act_estado, tic_id) VALUES (72, 'provide', 'stage', '2023-05-25', '1983-05-07', 1, 72);
INSERT INTO actualizacion (act_id, act_sistema, act_version, act_fecha, act_creacion, act_estado, tic_id) VALUES (73, 'another', 'enough', '2017-10-01', '1989-10-22', 1, 73);
INSERT INTO actualizacion (act_id, act_sistema, act_version, act_fecha, act_creacion, act_estado, tic_id) VALUES (74, 'wife', 'police', '2016-02-13', '1979-11-08', 0, 74);
INSERT INTO actualizacion (act_id, act_sistema, act_version, act_fecha, act_creacion, act_estado, tic_id) VALUES (75, 'picture', 'senior', '1986-02-22', '1979-10-20', 0, 75);
INSERT INTO actualizacion (act_id, act_sistema, act_version, act_fecha, act_creacion, act_estado, tic_id) VALUES (76, 'leg', 'either', '1999-02-23', '2010-02-16', 0, 76);
INSERT INTO actualizacion (act_id, act_sistema, act_version, act_fecha, act_creacion, act_estado, tic_id) VALUES (77, 'but', 'tree', '2007-09-11', '2006-06-22', 0, 77);
INSERT INTO actualizacion (act_id, act_sistema, act_version, act_fecha, act_creacion, act_estado, tic_id) VALUES (78, 'hot', 'win', '1976-06-30', '2012-06-11', 0, 78);
INSERT INTO actualizacion (act_id, act_sistema, act_version, act_fecha, act_creacion, act_estado, tic_id) VALUES (79, 'civil', 'last', '1998-11-19', '2011-12-22', 0, 79);
INSERT INTO actualizacion (act_id, act_sistema, act_version, act_fecha, act_creacion, act_estado, tic_id) VALUES (80, 'him', 'serious', '2010-11-14', '2008-04-17', 0, 80);
INSERT INTO actualizacion (act_id, act_sistema, act_version, act_fecha, act_creacion, act_estado, tic_id) VALUES (81, 'respond', 'voice', '1984-06-02', '1986-01-23', 1, 81);
INSERT INTO actualizacion (act_id, act_sistema, act_version, act_fecha, act_creacion, act_estado, tic_id) VALUES (82, 'process', 'read', '1999-10-17', '2015-08-31', 0, 82);
INSERT INTO actualizacion (act_id, act_sistema, act_version, act_fecha, act_creacion, act_estado, tic_id) VALUES (83, 'occur', 'work', '2009-01-25', '2022-06-10', 1, 83);
INSERT INTO actualizacion (act_id, act_sistema, act_version, act_fecha, act_creacion, act_estado, tic_id) VALUES (84, 'movie', 'staff', '2022-12-05', '2010-01-14', 0, 84);
INSERT INTO actualizacion (act_id, act_sistema, act_version, act_fecha, act_creacion, act_estado, tic_id) VALUES (85, 'budget', 'base', '1977-07-15', '1985-05-31', 0, 85);
INSERT INTO actualizacion (act_id, act_sistema, act_version, act_fecha, act_creacion, act_estado, tic_id) VALUES (86, 'present', 'pull', '2022-11-26', '1987-11-11', 1, 86);
INSERT INTO actualizacion (act_id, act_sistema, act_version, act_fecha, act_creacion, act_estado, tic_id) VALUES (87, 'film', 'American', '1979-03-27', '1972-02-14', 0, 87);
INSERT INTO actualizacion (act_id, act_sistema, act_version, act_fecha, act_creacion, act_estado, tic_id) VALUES (88, 'executive', 'laugh', '2000-03-10', '1980-03-29', 0, 88);
INSERT INTO actualizacion (act_id, act_sistema, act_version, act_fecha, act_creacion, act_estado, tic_id) VALUES (89, 'condition', 'whatever', '1989-03-07', '2014-06-05', 1, 89);
INSERT INTO actualizacion (act_id, act_sistema, act_version, act_fecha, act_creacion, act_estado, tic_id) VALUES (90, 'water', 'kid', '2023-03-06', '2015-04-18', 0, 90);
INSERT INTO actualizacion (act_id, act_sistema, act_version, act_fecha, act_creacion, act_estado, tic_id) VALUES (91, 'day', 'effect', '2022-03-10', '1983-05-18', 1, 91);
INSERT INTO actualizacion (act_id, act_sistema, act_version, act_fecha, act_creacion, act_estado, tic_id) VALUES (92, 'both', 'space', '2013-05-14', '1988-03-06', 1, 92);
INSERT INTO actualizacion (act_id, act_sistema, act_version, act_fecha, act_creacion, act_estado, tic_id) VALUES (93, 'weight', 'drive', '1985-08-07', '2005-06-28', 1, 93);
INSERT INTO actualizacion (act_id, act_sistema, act_version, act_fecha, act_creacion, act_estado, tic_id) VALUES (94, 'alone', 'second', '1986-10-11', '1974-06-24', 0, 94);
INSERT INTO actualizacion (act_id, act_sistema, act_version, act_fecha, act_creacion, act_estado, tic_id) VALUES (95, 'mean', 'but', '2005-06-20', '2023-07-28', 0, 95);
INSERT INTO actualizacion (act_id, act_sistema, act_version, act_fecha, act_creacion, act_estado, tic_id) VALUES (96, 'bed', 'education', '1998-09-19', '2003-06-25', 1, 96);
INSERT INTO actualizacion (act_id, act_sistema, act_version, act_fecha, act_creacion, act_estado, tic_id) VALUES (97, 'little', 'answer', '2018-12-20', '1999-11-30', 1, 97);
INSERT INTO actualizacion (act_id, act_sistema, act_version, act_fecha, act_creacion, act_estado, tic_id) VALUES (98, 'on', 'security', '1995-09-18', '1971-02-05', 0, 98);
INSERT INTO actualizacion (act_id, act_sistema, act_version, act_fecha, act_creacion, act_estado, tic_id) VALUES (99, 'man', 'dark', '1976-01-27', '1983-06-30', 0, 99);
INSERT INTO actualizacion (act_id, act_sistema, act_version, act_fecha, act_creacion, act_estado, tic_id) VALUES (100, 'pull', 'fund', '1970-01-27', '1995-05-02', 1, 100);
INSERT INTO inventario_hardware (int_id, inh_tipo, inh_marca, inh_modelo, inh_creacion, inh_estado, tic_id, com_id) VALUES (1, 'great', 'myself', 'pattern', '1986-01-16', 1, 1, 1);
INSERT INTO inventario_hardware (int_id, inh_tipo, inh_marca, inh_modelo, inh_creacion, inh_estado, tic_id, com_id) VALUES (2, 'bad', 'offer', 'four', '1999-08-09', 0, 2, 2);
INSERT INTO inventario_hardware (int_id, inh_tipo, inh_marca, inh_modelo, inh_creacion, inh_estado, tic_id, com_id) VALUES (3, 'science', 'fly', 'decade', '2011-10-02', 0, 3, 3);
INSERT INTO inventario_hardware (int_id, inh_tipo, inh_marca, inh_modelo, inh_creacion, inh_estado, tic_id, com_id) VALUES (4, 'receive', 'large', 'relate', '1995-04-17', 1, 4, 4);
INSERT INTO inventario_hardware (int_id, inh_tipo, inh_marca, inh_modelo, inh_creacion, inh_estado, tic_id, com_id) VALUES (5, 'back', 'record', 'goal', '1990-06-05', 0, 5, 5);
INSERT INTO inventario_hardware (int_id, inh_tipo, inh_marca, inh_modelo, inh_creacion, inh_estado, tic_id, com_id) VALUES (6, 'eat', 'value', 'matter', '1976-09-17', 0, 6, 6);
INSERT INTO inventario_hardware (int_id, inh_tipo, inh_marca, inh_modelo, inh_creacion, inh_estado, tic_id, com_id) VALUES (7, 'none', 'team', 'business', '1986-07-30', 1, 7, 7);
INSERT INTO inventario_hardware (int_id, inh_tipo, inh_marca, inh_modelo, inh_creacion, inh_estado, tic_id, com_id) VALUES (8, 'fly', 'these', 'especially', '2000-11-03', 1, 8, 8);
INSERT INTO inventario_hardware (int_id, inh_tipo, inh_marca, inh_modelo, inh_creacion, inh_estado, tic_id, com_id) VALUES (9, 'green', 'stop', 'section', '2024-02-20', 1, 9, 9);
INSERT INTO inventario_hardware (int_id, inh_tipo, inh_marca, inh_modelo, inh_creacion, inh_estado, tic_id, com_id) VALUES (10, 'surface', 'if', 'into', '1995-10-05', 1, 10, 10);
INSERT INTO inventario_hardware (int_id, inh_tipo, inh_marca, inh_modelo, inh_creacion, inh_estado, tic_id, com_id) VALUES (11, 'move', 'foot', 'response', '1972-12-16', 1, 11, 11);
INSERT INTO inventario_hardware (int_id, inh_tipo, inh_marca, inh_modelo, inh_creacion, inh_estado, tic_id, com_id) VALUES (12, 'source', 'result', 'interesting', '1984-04-04', 1, 12, 12);
INSERT INTO inventario_hardware (int_id, inh_tipo, inh_marca, inh_modelo, inh_creacion, inh_estado, tic_id, com_id) VALUES (13, 'dream', 'explain', 'down', '1987-12-10', 1, 13, 13);
INSERT INTO inventario_hardware (int_id, inh_tipo, inh_marca, inh_modelo, inh_creacion, inh_estado, tic_id, com_id) VALUES (14, 'program', 'create', 'set', '1977-03-08', 1, 14, 14);
INSERT INTO inventario_hardware (int_id, inh_tipo, inh_marca, inh_modelo, inh_creacion, inh_estado, tic_id, com_id) VALUES (15, 'last', 'child', 'serve', '2024-02-15', 1, 15, 15);
INSERT INTO inventario_hardware (int_id, inh_tipo, inh_marca, inh_modelo, inh_creacion, inh_estado, tic_id, com_id) VALUES (16, 'expect', 'west', 'push', '1973-10-18', 1, 16, 16);
INSERT INTO inventario_hardware (int_id, inh_tipo, inh_marca, inh_modelo, inh_creacion, inh_estado, tic_id, com_id) VALUES (17, 'between', 'dark', 'several', '1988-05-12', 1, 17, 17);
INSERT INTO inventario_hardware (int_id, inh_tipo, inh_marca, inh_modelo, inh_creacion, inh_estado, tic_id, com_id) VALUES (18, 'space', 'baby', 'meet', '1990-02-11', 1, 18, 18);
INSERT INTO inventario_hardware (int_id, inh_tipo, inh_marca, inh_modelo, inh_creacion, inh_estado, tic_id, com_id) VALUES (19, 'carry', 'west', 'create', '1977-01-27', 1, 19, 19);
INSERT INTO inventario_hardware (int_id, inh_tipo, inh_marca, inh_modelo, inh_creacion, inh_estado, tic_id, com_id) VALUES (20, 'Democrat', 'today', 'section', '1985-08-03', 0, 20, 20);
INSERT INTO inventario_hardware (int_id, inh_tipo, inh_marca, inh_modelo, inh_creacion, inh_estado, tic_id, com_id) VALUES (21, 'collection', 'third', 'black', '1978-11-22', 0, 21, 21);
INSERT INTO inventario_hardware (int_id, inh_tipo, inh_marca, inh_modelo, inh_creacion, inh_estado, tic_id, com_id) VALUES (22, 'him', 'hour', 'sea', '2019-04-01', 0, 22, 22);
INSERT INTO inventario_hardware (int_id, inh_tipo, inh_marca, inh_modelo, inh_creacion, inh_estado, tic_id, com_id) VALUES (23, 'resource', 'human', 'pay', '2021-10-09', 1, 23, 23);
INSERT INTO inventario_hardware (int_id, inh_tipo, inh_marca, inh_modelo, inh_creacion, inh_estado, tic_id, com_id) VALUES (24, 'reveal', 'training', 'magazine', '2000-03-02', 0, 24, 24);
INSERT INTO inventario_hardware (int_id, inh_tipo, inh_marca, inh_modelo, inh_creacion, inh_estado, tic_id, com_id) VALUES (25, 'pattern', 'consider', 'now', '2005-05-13', 1, 25, 25);
INSERT INTO inventario_hardware (int_id, inh_tipo, inh_marca, inh_modelo, inh_creacion, inh_estado, tic_id, com_id) VALUES (26, 'low', 'plant', 'event', '2017-12-11', 0, 26, 26);
INSERT INTO inventario_hardware (int_id, inh_tipo, inh_marca, inh_modelo, inh_creacion, inh_estado, tic_id, com_id) VALUES (27, 'any', 'friend', 'level', '1976-06-21', 0, 27, 27);
INSERT INTO inventario_hardware (int_id, inh_tipo, inh_marca, inh_modelo, inh_creacion, inh_estado, tic_id, com_id) VALUES (28, 'class', 'take', 'pass', '1976-05-25', 1, 28, 28);
INSERT INTO inventario_hardware (int_id, inh_tipo, inh_marca, inh_modelo, inh_creacion, inh_estado, tic_id, com_id) VALUES (29, 'enter', 'order', 'better', '2009-12-29', 1, 29, 29);
INSERT INTO inventario_hardware (int_id, inh_tipo, inh_marca, inh_modelo, inh_creacion, inh_estado, tic_id, com_id) VALUES (30, 'total', 'size', 'reflect', '2009-10-31', 1, 30, 30);
INSERT INTO inventario_hardware (int_id, inh_tipo, inh_marca, inh_modelo, inh_creacion, inh_estado, tic_id, com_id) VALUES (31, 'use', 'from', 'another', '2016-08-23', 0, 31, 31);
INSERT INTO inventario_hardware (int_id, inh_tipo, inh_marca, inh_modelo, inh_creacion, inh_estado, tic_id, com_id) VALUES (32, 'provide', 'however', 'foot', '2001-01-26', 0, 32, 32);
INSERT INTO inventario_hardware (int_id, inh_tipo, inh_marca, inh_modelo, inh_creacion, inh_estado, tic_id, com_id) VALUES (33, 'much', 'plant', 'success', '2016-03-09', 1, 33, 33);
INSERT INTO inventario_hardware (int_id, inh_tipo, inh_marca, inh_modelo, inh_creacion, inh_estado, tic_id, com_id) VALUES (34, 'price', 'serious', 'happy', '1973-07-12', 1, 34, 34);
INSERT INTO inventario_hardware (int_id, inh_tipo, inh_marca, inh_modelo, inh_creacion, inh_estado, tic_id, com_id) VALUES (35, 'reflect', 'start', 'behind', '1982-11-27', 1, 35, 35);
INSERT INTO inventario_hardware (int_id, inh_tipo, inh_marca, inh_modelo, inh_creacion, inh_estado, tic_id, com_id) VALUES (36, 'herself', 'light', 'news', '1976-05-29', 1, 36, 36);
INSERT INTO inventario_hardware (int_id, inh_tipo, inh_marca, inh_modelo, inh_creacion, inh_estado, tic_id, com_id) VALUES (37, 'scientist', 'apply', 'family', '1982-11-24', 0, 37, 37);
INSERT INTO inventario_hardware (int_id, inh_tipo, inh_marca, inh_modelo, inh_creacion, inh_estado, tic_id, com_id) VALUES (38, 'show', 'laugh', 'lot', '1985-04-07', 1, 38, 38);
INSERT INTO inventario_hardware (int_id, inh_tipo, inh_marca, inh_modelo, inh_creacion, inh_estado, tic_id, com_id) VALUES (39, 'national', 'like', 'detail', '1998-03-04', 0, 39, 39);
INSERT INTO inventario_hardware (int_id, inh_tipo, inh_marca, inh_modelo, inh_creacion, inh_estado, tic_id, com_id) VALUES (40, 'pass', 'treatment', 'industry', '2022-07-13', 1, 40, 40);
INSERT INTO inventario_hardware (int_id, inh_tipo, inh_marca, inh_modelo, inh_creacion, inh_estado, tic_id, com_id) VALUES (41, 'protect', 'never', 'decision', '1999-07-25', 0, 41, 41);
INSERT INTO inventario_hardware (int_id, inh_tipo, inh_marca, inh_modelo, inh_creacion, inh_estado, tic_id, com_id) VALUES (42, 'general', 'floor', 'eat', '1989-01-11', 1, 42, 42);
INSERT INTO inventario_hardware (int_id, inh_tipo, inh_marca, inh_modelo, inh_creacion, inh_estado, tic_id, com_id) VALUES (43, 'case', 'use', 'money', '2004-10-14', 0, 43, 43);
INSERT INTO inventario_hardware (int_id, inh_tipo, inh_marca, inh_modelo, inh_creacion, inh_estado, tic_id, com_id) VALUES (44, 'group', 'indicate', 'during', '1997-08-25', 1, 44, 44);
INSERT INTO inventario_hardware (int_id, inh_tipo, inh_marca, inh_modelo, inh_creacion, inh_estado, tic_id, com_id) VALUES (45, 'thus', 'rate', 'decision', '1984-09-01', 0, 45, 45);
INSERT INTO inventario_hardware (int_id, inh_tipo, inh_marca, inh_modelo, inh_creacion, inh_estado, tic_id, com_id) VALUES (46, 'lose', 'enjoy', 'draw', '2009-10-27', 1, 46, 46);
INSERT INTO inventario_hardware (int_id, inh_tipo, inh_marca, inh_modelo, inh_creacion, inh_estado, tic_id, com_id) VALUES (47, 'model', 'adult', 'say', '2017-01-05', 1, 47, 47);
INSERT INTO inventario_hardware (int_id, inh_tipo, inh_marca, inh_modelo, inh_creacion, inh_estado, tic_id, com_id) VALUES (48, 'southern', 'radio', 'actually', '1980-01-01', 0, 48, 48);
INSERT INTO inventario_hardware (int_id, inh_tipo, inh_marca, inh_modelo, inh_creacion, inh_estado, tic_id, com_id) VALUES (49, 'worker', 'everything', 'nothing', '1987-05-25', 1, 49, 49);
INSERT INTO inventario_hardware (int_id, inh_tipo, inh_marca, inh_modelo, inh_creacion, inh_estado, tic_id, com_id) VALUES (50, 'value', 'per', 'exactly', '2011-11-12', 0, 50, 50);
INSERT INTO inventario_hardware (int_id, inh_tipo, inh_marca, inh_modelo, inh_creacion, inh_estado, tic_id, com_id) VALUES (51, 'control', 'rise', 'hear', '1996-10-20', 1, 51, 51);
INSERT INTO inventario_hardware (int_id, inh_tipo, inh_marca, inh_modelo, inh_creacion, inh_estado, tic_id, com_id) VALUES (52, 'yeah', 'like', 'human', '1982-01-25', 1, 52, 52);
INSERT INTO inventario_hardware (int_id, inh_tipo, inh_marca, inh_modelo, inh_creacion, inh_estado, tic_id, com_id) VALUES (53, 'like', 'eight', 'simply', '1985-07-13', 0, 53, 53);
INSERT INTO inventario_hardware (int_id, inh_tipo, inh_marca, inh_modelo, inh_creacion, inh_estado, tic_id, com_id) VALUES (54, 'wear', 'miss', 'window', '1971-01-22', 1, 54, 54);
INSERT INTO inventario_hardware (int_id, inh_tipo, inh_marca, inh_modelo, inh_creacion, inh_estado, tic_id, com_id) VALUES (55, 'such', 'later', 'language', '2024-03-09', 1, 55, 55);
INSERT INTO inventario_hardware (int_id, inh_tipo, inh_marca, inh_modelo, inh_creacion, inh_estado, tic_id, com_id) VALUES (56, 'you', 'entire', 'dinner', '1986-11-26', 1, 56, 56);
INSERT INTO inventario_hardware (int_id, inh_tipo, inh_marca, inh_modelo, inh_creacion, inh_estado, tic_id, com_id) VALUES (57, 'development', 'probably', 'let', '2023-05-01', 0, 57, 57);
INSERT INTO inventario_hardware (int_id, inh_tipo, inh_marca, inh_modelo, inh_creacion, inh_estado, tic_id, com_id) VALUES (58, 'air', 'air', 'when', '1983-04-03', 0, 58, 58);
INSERT INTO inventario_hardware (int_id, inh_tipo, inh_marca, inh_modelo, inh_creacion, inh_estado, tic_id, com_id) VALUES (59, 'play', 'though', 'modern', '2020-08-21', 0, 59, 59);
INSERT INTO inventario_hardware (int_id, inh_tipo, inh_marca, inh_modelo, inh_creacion, inh_estado, tic_id, com_id) VALUES (60, 'among', 'describe', 'seat', '1986-01-29', 0, 60, 60);
INSERT INTO inventario_hardware (int_id, inh_tipo, inh_marca, inh_modelo, inh_creacion, inh_estado, tic_id, com_id) VALUES (61, 'wrong', 'western', 'economic', '1978-02-28', 1, 61, 61);
INSERT INTO inventario_hardware (int_id, inh_tipo, inh_marca, inh_modelo, inh_creacion, inh_estado, tic_id, com_id) VALUES (62, 'article', 'receive', 'positive', '1971-11-22', 1, 62, 62);
INSERT INTO inventario_hardware (int_id, inh_tipo, inh_marca, inh_modelo, inh_creacion, inh_estado, tic_id, com_id) VALUES (63, 'moment', 'nothing', 'travel', '2010-05-10', 0, 63, 63);
INSERT INTO inventario_hardware (int_id, inh_tipo, inh_marca, inh_modelo, inh_creacion, inh_estado, tic_id, com_id) VALUES (64, 'indicate', 'discuss', 'memory', '1985-11-28', 0, 64, 64);
INSERT INTO inventario_hardware (int_id, inh_tipo, inh_marca, inh_modelo, inh_creacion, inh_estado, tic_id, com_id) VALUES (65, 'democratic', 'to', 'tonight', '1997-12-20', 0, 65, 65);
INSERT INTO inventario_hardware (int_id, inh_tipo, inh_marca, inh_modelo, inh_creacion, inh_estado, tic_id, com_id) VALUES (66, 'land', 'standard', 'source', '1981-07-24', 0, 66, 66);
INSERT INTO inventario_hardware (int_id, inh_tipo, inh_marca, inh_modelo, inh_creacion, inh_estado, tic_id, com_id) VALUES (67, 'party', 'opportunit', 'must', '1999-11-09', 0, 67, 67);
INSERT INTO inventario_hardware (int_id, inh_tipo, inh_marca, inh_modelo, inh_creacion, inh_estado, tic_id, com_id) VALUES (68, 'head', 'expert', 'build', '1974-08-02', 0, 68, 68);
INSERT INTO inventario_hardware (int_id, inh_tipo, inh_marca, inh_modelo, inh_creacion, inh_estado, tic_id, com_id) VALUES (69, 'establish', 'true', 'consumer', '2002-05-04', 0, 69, 69);
INSERT INTO inventario_hardware (int_id, inh_tipo, inh_marca, inh_modelo, inh_creacion, inh_estado, tic_id, com_id) VALUES (70, 'range', 'same', 'allow', '1996-04-11', 0, 70, 70);
INSERT INTO inventario_hardware (int_id, inh_tipo, inh_marca, inh_modelo, inh_creacion, inh_estado, tic_id, com_id) VALUES (71, 'also', 'scientist', 'store', '2006-10-17', 1, 71, 71);
INSERT INTO inventario_hardware (int_id, inh_tipo, inh_marca, inh_modelo, inh_creacion, inh_estado, tic_id, com_id) VALUES (72, 'team', 'data', 'seek', '1972-02-17', 0, 72, 72);
INSERT INTO inventario_hardware (int_id, inh_tipo, inh_marca, inh_modelo, inh_creacion, inh_estado, tic_id, com_id) VALUES (73, 'property', 'class', 'authority', '2006-12-12', 1, 73, 73);
INSERT INTO inventario_hardware (int_id, inh_tipo, inh_marca, inh_modelo, inh_creacion, inh_estado, tic_id, com_id) VALUES (74, 'your', 'certain', 'side', '1977-11-19', 0, 74, 74);
INSERT INTO inventario_hardware (int_id, inh_tipo, inh_marca, inh_modelo, inh_creacion, inh_estado, tic_id, com_id) VALUES (75, 'nothing', 'six', 'beyond', '1987-10-20', 1, 75, 75);
INSERT INTO inventario_hardware (int_id, inh_tipo, inh_marca, inh_modelo, inh_creacion, inh_estado, tic_id, com_id) VALUES (76, 'town', 'near', 'throughout', '1983-09-29', 1, 76, 76);
INSERT INTO inventario_hardware (int_id, inh_tipo, inh_marca, inh_modelo, inh_creacion, inh_estado, tic_id, com_id) VALUES (77, 'realize', 'ago', 'sea', '2005-01-24', 1, 77, 77);
INSERT INTO inventario_hardware (int_id, inh_tipo, inh_marca, inh_modelo, inh_creacion, inh_estado, tic_id, com_id) VALUES (78, 'force', 'author', 'three', '1978-06-09', 1, 78, 78);
INSERT INTO inventario_hardware (int_id, inh_tipo, inh_marca, inh_modelo, inh_creacion, inh_estado, tic_id, com_id) VALUES (79, 'father', 'response', 'security', '1978-04-23', 1, 79, 79);
INSERT INTO inventario_hardware (int_id, inh_tipo, inh_marca, inh_modelo, inh_creacion, inh_estado, tic_id, com_id) VALUES (80, 'enjoy', 'write', 'for', '1999-10-10', 0, 80, 80);
INSERT INTO inventario_hardware (int_id, inh_tipo, inh_marca, inh_modelo, inh_creacion, inh_estado, tic_id, com_id) VALUES (81, 'most', 'special', 'continue', '2015-12-06', 1, 81, 81);
INSERT INTO inventario_hardware (int_id, inh_tipo, inh_marca, inh_modelo, inh_creacion, inh_estado, tic_id, com_id) VALUES (82, 'allow', 'Republican', 'participant', '1997-06-22', 1, 82, 82);
INSERT INTO inventario_hardware (int_id, inh_tipo, inh_marca, inh_modelo, inh_creacion, inh_estado, tic_id, com_id) VALUES (83, 'public', 'paper', 'on', '2014-09-01', 0, 83, 83);
INSERT INTO inventario_hardware (int_id, inh_tipo, inh_marca, inh_modelo, inh_creacion, inh_estado, tic_id, com_id) VALUES (84, 'him', 'glass', 'prove', '1976-08-28', 0, 84, 84);
INSERT INTO inventario_hardware (int_id, inh_tipo, inh_marca, inh_modelo, inh_creacion, inh_estado, tic_id, com_id) VALUES (85, 'try', 'recognize', 'commercial', '2017-03-20', 0, 85, 85);
INSERT INTO inventario_hardware (int_id, inh_tipo, inh_marca, inh_modelo, inh_creacion, inh_estado, tic_id, com_id) VALUES (86, 'once', 'director', 'wide', '1979-08-27', 1, 86, 86);
INSERT INTO inventario_hardware (int_id, inh_tipo, inh_marca, inh_modelo, inh_creacion, inh_estado, tic_id, com_id) VALUES (87, 'travel', 'plan', 'new', '2014-04-16', 0, 87, 87);
INSERT INTO inventario_hardware (int_id, inh_tipo, inh_marca, inh_modelo, inh_creacion, inh_estado, tic_id, com_id) VALUES (88, 'take', 'such', 'court', '2005-02-24', 1, 88, 88);
INSERT INTO inventario_hardware (int_id, inh_tipo, inh_marca, inh_modelo, inh_creacion, inh_estado, tic_id, com_id) VALUES (89, 'talk', 'your', 'agent', '2023-11-08', 1, 89, 89);
INSERT INTO inventario_hardware (int_id, inh_tipo, inh_marca, inh_modelo, inh_creacion, inh_estado, tic_id, com_id) VALUES (90, 'six', 'cell', 'idea', '1996-05-07', 1, 90, 90);
INSERT INTO inventario_hardware (int_id, inh_tipo, inh_marca, inh_modelo, inh_creacion, inh_estado, tic_id, com_id) VALUES (91, 'management', 'pretty', 'mission', '2005-03-08', 1, 91, 91);
INSERT INTO inventario_hardware (int_id, inh_tipo, inh_marca, inh_modelo, inh_creacion, inh_estado, tic_id, com_id) VALUES (92, 'possible', 'get', 'push', '2006-09-16', 0, 92, 92);
INSERT INTO inventario_hardware (int_id, inh_tipo, inh_marca, inh_modelo, inh_creacion, inh_estado, tic_id, com_id) VALUES (93, 'central', 'receive', 'win', '1988-06-21', 0, 93, 93);
INSERT INTO inventario_hardware (int_id, inh_tipo, inh_marca, inh_modelo, inh_creacion, inh_estado, tic_id, com_id) VALUES (94, 'range', 'development', 'your', '2003-06-12', 1, 94, 94);
INSERT INTO inventario_hardware (int_id, inh_tipo, inh_marca, inh_modelo, inh_creacion, inh_estado, tic_id, com_id) VALUES (95, 'project', 'start', 'music', '2013-06-21', 1, 95, 95);
INSERT INTO inventario_hardware (int_id, inh_tipo, inh_marca, inh_modelo, inh_creacion, inh_estado, tic_id, com_id) VALUES (96, 'including', 'country', 'kitchen', '1995-01-24', 1, 96, 96);
INSERT INTO inventario_hardware (int_id, inh_tipo, inh_marca, inh_modelo, inh_creacion, inh_estado, tic_id, com_id) VALUES (97, 'cold', 'TV', 'expert', '1982-05-25', 1, 97, 97);
INSERT INTO inventario_hardware (int_id, inh_tipo, inh_marca, inh_modelo, inh_creacion, inh_estado, tic_id, com_id) VALUES (98, 'couple', 'begin', 'market', '1975-10-10', 1, 98, 98);
INSERT INTO inventario_hardware (int_id, inh_tipo, inh_marca, inh_modelo, inh_creacion, inh_estado, tic_id, com_id) VALUES (99, 'case', 'authority', 'meet', '2002-10-25', 1, 99, 99);
INSERT INTO inventario_hardware (int_id, inh_tipo, inh_marca, inh_modelo, inh_creacion, inh_estado, tic_id, com_id) VALUES (100, 'financial', 'debate', 'difference', '2016-12-23', 1, 100, 100);
INSERT INTO inventario_softw (softwareId, ins_tipo, ins_licencia, ins_expiracion, tic_id, com_id) VALUES (1, 'arrive', 'test', '1984-09-05', 1, 1);
INSERT INTO inventario_softw (softwareId, ins_tipo, ins_licencia, ins_expiracion, tic_id, com_id) VALUES (2, 'have', 'country', '1976-04-08', 2, 2);
INSERT INTO inventario_softw (softwareId, ins_tipo, ins_licencia, ins_expiracion, tic_id, com_id) VALUES (3, 'return', 'receive', '2014-07-06', 3, 3);
INSERT INTO inventario_softw (softwareId, ins_tipo, ins_licencia, ins_expiracion, tic_id, com_id) VALUES (4, 'information', 'fight', '2019-10-16', 4, 4);
INSERT INTO inventario_softw (softwareId, ins_tipo, ins_licencia, ins_expiracion, tic_id, com_id) VALUES (5, 'anything', 'statement', '1984-03-18', 5, 5);
INSERT INTO inventario_softw (softwareId, ins_tipo, ins_licencia, ins_expiracion, tic_id, com_id) VALUES (6, 'owner', 'scene', '2012-02-28', 6, 6);
INSERT INTO inventario_softw (softwareId, ins_tipo, ins_licencia, ins_expiracion, tic_id, com_id) VALUES (7, 'indicate', 'us', '1993-01-20', 7, 7);
INSERT INTO inventario_softw (softwareId, ins_tipo, ins_licencia, ins_expiracion, tic_id, com_id) VALUES (8, 'rule', 'bar', '2022-01-29', 8, 8);
INSERT INTO inventario_softw (softwareId, ins_tipo, ins_licencia, ins_expiracion, tic_id, com_id) VALUES (9, 'free', 'type', '2003-09-30', 9, 9);
INSERT INTO inventario_softw (softwareId, ins_tipo, ins_licencia, ins_expiracion, tic_id, com_id) VALUES (10, 'camera', 'computer', '1994-01-29', 10, 10);
INSERT INTO inventario_softw (softwareId, ins_tipo, ins_licencia, ins_expiracion, tic_id, com_id) VALUES (11, 'cover', 'real', '1982-07-31', 11, 11);
INSERT INTO inventario_softw (softwareId, ins_tipo, ins_licencia, ins_expiracion, tic_id, com_id) VALUES (12, 'meeting', 'social', '1992-11-12', 12, 12);
INSERT INTO inventario_softw (softwareId, ins_tipo, ins_licencia, ins_expiracion, tic_id, com_id) VALUES (13, 'serious', 'themselves', '2013-12-01', 13, 13);
INSERT INTO inventario_softw (softwareId, ins_tipo, ins_licencia, ins_expiracion, tic_id, com_id) VALUES (14, 'common', 'close', '1982-11-09', 14, 14);
INSERT INTO inventario_softw (softwareId, ins_tipo, ins_licencia, ins_expiracion, tic_id, com_id) VALUES (15, 'least', 'court', '1986-12-26', 15, 15);
INSERT INTO inventario_softw (softwareId, ins_tipo, ins_licencia, ins_expiracion, tic_id, com_id) VALUES (16, 'how', 'age', '1994-07-09', 16, 16);
INSERT INTO inventario_softw (softwareId, ins_tipo, ins_licencia, ins_expiracion, tic_id, com_id) VALUES (17, 'brother', 'eight', '2010-11-25', 17, 17);
INSERT INTO inventario_softw (softwareId, ins_tipo, ins_licencia, ins_expiracion, tic_id, com_id) VALUES (18, 'bill', 'heart', '1991-07-22', 18, 18);
INSERT INTO inventario_softw (softwareId, ins_tipo, ins_licencia, ins_expiracion, tic_id, com_id) VALUES (19, 'raise', 'short', '2008-10-01', 19, 19);
INSERT INTO inventario_softw (softwareId, ins_tipo, ins_licencia, ins_expiracion, tic_id, com_id) VALUES (20, 'why', 'result', '1993-04-03', 20, 20);
INSERT INTO inventario_softw (softwareId, ins_tipo, ins_licencia, ins_expiracion, tic_id, com_id) VALUES (21, 'office', 'from', '2002-11-06', 21, 21);
INSERT INTO inventario_softw (softwareId, ins_tipo, ins_licencia, ins_expiracion, tic_id, com_id) VALUES (22, 'no', 'compare', '1982-03-13', 22, 22);
INSERT INTO inventario_softw (softwareId, ins_tipo, ins_licencia, ins_expiracion, tic_id, com_id) VALUES (23, 'pay', 'Congress', '1977-11-27', 23, 23);
INSERT INTO inventario_softw (softwareId, ins_tipo, ins_licencia, ins_expiracion, tic_id, com_id) VALUES (24, 'oil', 'form', '2008-07-25', 24, 24);
INSERT INTO inventario_softw (softwareId, ins_tipo, ins_licencia, ins_expiracion, tic_id, com_id) VALUES (25, 'truth', 'lot', '2011-08-11', 25, 25);
INSERT INTO inventario_softw (softwareId, ins_tipo, ins_licencia, ins_expiracion, tic_id, com_id) VALUES (26, 'safe', 'so', '2021-09-07', 26, 26);
INSERT INTO inventario_softw (softwareId, ins_tipo, ins_licencia, ins_expiracion, tic_id, com_id) VALUES (27, 'direction', 'result', '2024-05-23', 27, 27);
INSERT INTO inventario_softw (softwareId, ins_tipo, ins_licencia, ins_expiracion, tic_id, com_id) VALUES (28, 'term', 'receive', '2015-06-02', 28, 28);
INSERT INTO inventario_softw (softwareId, ins_tipo, ins_licencia, ins_expiracion, tic_id, com_id) VALUES (29, 'scientist', 'environment', '1999-04-15', 29, 29);
INSERT INTO inventario_softw (softwareId, ins_tipo, ins_licencia, ins_expiracion, tic_id, com_id) VALUES (30, 'would', 'down', '1994-03-05', 30, 30);
INSERT INTO inventario_softw (softwareId, ins_tipo, ins_licencia, ins_expiracion, tic_id, com_id) VALUES (31, 'go', 'buy', '1991-10-20', 31, 31);
INSERT INTO inventario_softw (softwareId, ins_tipo, ins_licencia, ins_expiracion, tic_id, com_id) VALUES (32, 'boy', 'customer', '2014-09-07', 32, 32);
INSERT INTO inventario_softw (softwareId, ins_tipo, ins_licencia, ins_expiracion, tic_id, com_id) VALUES (33, 'approach', 'type', '1996-05-22', 33, 33);
INSERT INTO inventario_softw (softwareId, ins_tipo, ins_licencia, ins_expiracion, tic_id, com_id) VALUES (34, 'enter', 'color', '2021-07-15', 34, 34);
INSERT INTO inventario_softw (softwareId, ins_tipo, ins_licencia, ins_expiracion, tic_id, com_id) VALUES (35, 'cell', 'key', '1988-10-01', 35, 35);
INSERT INTO inventario_softw (softwareId, ins_tipo, ins_licencia, ins_expiracion, tic_id, com_id) VALUES (36, 'assume', 'main', '2001-12-25', 36, 36);
INSERT INTO inventario_softw (softwareId, ins_tipo, ins_licencia, ins_expiracion, tic_id, com_id) VALUES (37, 'cause', 'score', '2024-03-12', 37, 37);
INSERT INTO inventario_softw (softwareId, ins_tipo, ins_licencia, ins_expiracion, tic_id, com_id) VALUES (38, 'big', 'walk', '1989-11-25', 38, 38);
INSERT INTO inventario_softw (softwareId, ins_tipo, ins_licencia, ins_expiracion, tic_id, com_id) VALUES (39, 'buy', 'blood', '2022-02-15', 39, 39);
INSERT INTO inventario_softw (softwareId, ins_tipo, ins_licencia, ins_expiracion, tic_id, com_id) VALUES (40, 'fall', 'attack', '2004-03-16', 40, 40);
INSERT INTO inventario_softw (softwareId, ins_tipo, ins_licencia, ins_expiracion, tic_id, com_id) VALUES (41, 'attention', 'here', '1975-11-18', 41, 41);
INSERT INTO inventario_softw (softwareId, ins_tipo, ins_licencia, ins_expiracion, tic_id, com_id) VALUES (42, 'seven', 'now', '1971-06-11', 42, 42);
INSERT INTO inventario_softw (softwareId, ins_tipo, ins_licencia, ins_expiracion, tic_id, com_id) VALUES (43, 'line', 'line', '1989-06-12', 43, 43);
INSERT INTO inventario_softw (softwareId, ins_tipo, ins_licencia, ins_expiracion, tic_id, com_id) VALUES (44, 'future', 'public', '1989-09-19', 44, 44);
INSERT INTO inventario_softw (softwareId, ins_tipo, ins_licencia, ins_expiracion, tic_id, com_id) VALUES (45, 'open', 'long', '1990-10-30', 45, 45);
INSERT INTO inventario_softw (softwareId, ins_tipo, ins_licencia, ins_expiracion, tic_id, com_id) VALUES (46, 'enough', 'what', '2014-10-05', 46, 46);
INSERT INTO inventario_softw (softwareId, ins_tipo, ins_licencia, ins_expiracion, tic_id, com_id) VALUES (47, 'myself', 'before', '2023-03-28', 47, 47);
INSERT INTO inventario_softw (softwareId, ins_tipo, ins_licencia, ins_expiracion, tic_id, com_id) VALUES (48, 'no', 'case', '1977-01-10', 48, 48);
INSERT INTO inventario_softw (softwareId, ins_tipo, ins_licencia, ins_expiracion, tic_id, com_id) VALUES (49, 'campaign', 'wrong', '1997-02-09', 49, 49);
INSERT INTO inventario_softw (softwareId, ins_tipo, ins_licencia, ins_expiracion, tic_id, com_id) VALUES (50, 'cause', 'truth', '2019-03-02', 50, 50);
INSERT INTO inventario_softw (softwareId, ins_tipo, ins_licencia, ins_expiracion, tic_id, com_id) VALUES (51, 'also', 'garden', '2002-04-28', 51, 51);
INSERT INTO inventario_softw (softwareId, ins_tipo, ins_licencia, ins_expiracion, tic_id, com_id) VALUES (52, 'least', 'suddenly', '2017-08-10', 52, 52);
INSERT INTO inventario_softw (softwareId, ins_tipo, ins_licencia, ins_expiracion, tic_id, com_id) VALUES (53, 'final', 'color', '1986-07-09', 53, 53);
INSERT INTO inventario_softw (softwareId, ins_tipo, ins_licencia, ins_expiracion, tic_id, com_id) VALUES (54, 'trouble', 'ground', '1994-05-31', 54, 54);
INSERT INTO inventario_softw (softwareId, ins_tipo, ins_licencia, ins_expiracion, tic_id, com_id) VALUES (55, 'enough', 'anyone', '1970-03-17', 55, 55);
INSERT INTO inventario_softw (softwareId, ins_tipo, ins_licencia, ins_expiracion, tic_id, com_id) VALUES (56, 'three', 'good', '2008-04-06', 56, 56);
INSERT INTO inventario_softw (softwareId, ins_tipo, ins_licencia, ins_expiracion, tic_id, com_id) VALUES (57, 'over', 'commercial', '2019-12-01', 57, 57);
INSERT INTO inventario_softw (softwareId, ins_tipo, ins_licencia, ins_expiracion, tic_id, com_id) VALUES (58, 'court', 'artist', '1971-08-01', 58, 58);
INSERT INTO inventario_softw (softwareId, ins_tipo, ins_licencia, ins_expiracion, tic_id, com_id) VALUES (59, 'they', 'view', '2020-02-12', 59, 59);
INSERT INTO inventario_softw (softwareId, ins_tipo, ins_licencia, ins_expiracion, tic_id, com_id) VALUES (60, 'experience', 'we', '1979-10-30', 60, 60);
INSERT INTO inventario_softw (softwareId, ins_tipo, ins_licencia, ins_expiracion, tic_id, com_id) VALUES (61, 'source', 'Democrat', '1984-06-03', 61, 61);
INSERT INTO inventario_softw (softwareId, ins_tipo, ins_licencia, ins_expiracion, tic_id, com_id) VALUES (62, 'future', 'thousand', '2022-12-31', 62, 62);
INSERT INTO inventario_softw (softwareId, ins_tipo, ins_licencia, ins_expiracion, tic_id, com_id) VALUES (63, 'bag', 'approach', '1982-12-27', 63, 63);
INSERT INTO inventario_softw (softwareId, ins_tipo, ins_licencia, ins_expiracion, tic_id, com_id) VALUES (64, 'outside', 'mouth', '1970-08-06', 64, 64);
INSERT INTO inventario_softw (softwareId, ins_tipo, ins_licencia, ins_expiracion, tic_id, com_id) VALUES (65, 'according', 'music', '2010-03-27', 65, 65);
INSERT INTO inventario_softw (softwareId, ins_tipo, ins_licencia, ins_expiracion, tic_id, com_id) VALUES (66, 'candidate', 'baby', '2000-11-22', 66, 66);
INSERT INTO inventario_softw (softwareId, ins_tipo, ins_licencia, ins_expiracion, tic_id, com_id) VALUES (67, 'I', 'certain', '2007-03-14', 67, 67);
INSERT INTO inventario_softw (softwareId, ins_tipo, ins_licencia, ins_expiracion, tic_id, com_id) VALUES (68, 'section', 'phone', '2016-10-06', 68, 68);
INSERT INTO inventario_softw (softwareId, ins_tipo, ins_licencia, ins_expiracion, tic_id, com_id) VALUES (69, 'lead', 'financial', '2018-10-03', 69, 69);
INSERT INTO inventario_softw (softwareId, ins_tipo, ins_licencia, ins_expiracion, tic_id, com_id) VALUES (70, 'foreign', 'return', '2016-01-04', 70, 70);
INSERT INTO inventario_softw (softwareId, ins_tipo, ins_licencia, ins_expiracion, tic_id, com_id) VALUES (71, 'still', 'catch', '2005-05-21', 71, 71);
INSERT INTO inventario_softw (softwareId, ins_tipo, ins_licencia, ins_expiracion, tic_id, com_id) VALUES (72, 'and', 'mouth', '2000-02-20', 72, 72);
INSERT INTO inventario_softw (softwareId, ins_tipo, ins_licencia, ins_expiracion, tic_id, com_id) VALUES (73, 'manage', 'pick', '1987-09-18', 73, 73);
INSERT INTO inventario_softw (softwareId, ins_tipo, ins_licencia, ins_expiracion, tic_id, com_id) VALUES (74, 'recognize', 'land', '2016-11-30', 74, 74);
INSERT INTO inventario_softw (softwareId, ins_tipo, ins_licencia, ins_expiracion, tic_id, com_id) VALUES (75, 'no', 'tell', '2020-08-30', 75, 75);
INSERT INTO inventario_softw (softwareId, ins_tipo, ins_licencia, ins_expiracion, tic_id, com_id) VALUES (76, 'explain', 'new', '1979-09-21', 76, 76);
INSERT INTO inventario_softw (softwareId, ins_tipo, ins_licencia, ins_expiracion, tic_id, com_id) VALUES (77, 'for', 'change', '2007-09-20', 77, 77);
INSERT INTO inventario_softw (softwareId, ins_tipo, ins_licencia, ins_expiracion, tic_id, com_id) VALUES (78, 'collection', 'not', '2006-05-17', 78, 78);
INSERT INTO inventario_softw (softwareId, ins_tipo, ins_licencia, ins_expiracion, tic_id, com_id) VALUES (79, 'environmental', 'answer', '2009-04-14', 79, 79);
INSERT INTO inventario_softw (softwareId, ins_tipo, ins_licencia, ins_expiracion, tic_id, com_id) VALUES (80, 'wall', 'husband', '2014-03-29', 80, 80);
INSERT INTO inventario_softw (softwareId, ins_tipo, ins_licencia, ins_expiracion, tic_id, com_id) VALUES (81, 'price', 'get', '1984-12-30', 81, 81);
INSERT INTO inventario_softw (softwareId, ins_tipo, ins_licencia, ins_expiracion, tic_id, com_id) VALUES (82, 'stage', 'truth', '1975-12-07', 82, 82);
INSERT INTO inventario_softw (softwareId, ins_tipo, ins_licencia, ins_expiracion, tic_id, com_id) VALUES (83, 'eye', 'cover', '2012-09-09', 83, 83);
INSERT INTO inventario_softw (softwareId, ins_tipo, ins_licencia, ins_expiracion, tic_id, com_id) VALUES (84, 'modern', 'pick', '1999-12-01', 84, 84);
INSERT INTO inventario_softw (softwareId, ins_tipo, ins_licencia, ins_expiracion, tic_id, com_id) VALUES (85, 'attack', 'bag', '1990-04-27', 85, 85);
INSERT INTO inventario_softw (softwareId, ins_tipo, ins_licencia, ins_expiracion, tic_id, com_id) VALUES (86, 'stock', 'act', '2015-04-13', 86, 86);
INSERT INTO inventario_softw (softwareId, ins_tipo, ins_licencia, ins_expiracion, tic_id, com_id) VALUES (87, 'fine', 'worker', '2022-12-12', 87, 87);
INSERT INTO inventario_softw (softwareId, ins_tipo, ins_licencia, ins_expiracion, tic_id, com_id) VALUES (88, 'develop', 'direction', '1999-02-23', 88, 88);
INSERT INTO inventario_softw (softwareId, ins_tipo, ins_licencia, ins_expiracion, tic_id, com_id) VALUES (89, 'black', 'present', '2009-06-06', 89, 89);
INSERT INTO inventario_softw (softwareId, ins_tipo, ins_licencia, ins_expiracion, tic_id, com_id) VALUES (90, 'main', 'beautiful', '2013-12-23', 90, 90);
INSERT INTO inventario_softw (softwareId, ins_tipo, ins_licencia, ins_expiracion, tic_id, com_id) VALUES (91, 'have', 'minute', '2011-08-04', 91, 91);
INSERT INTO inventario_softw (softwareId, ins_tipo, ins_licencia, ins_expiracion, tic_id, com_id) VALUES (92, 'stop', 'quite', '1988-07-11', 92, 92);
INSERT INTO inventario_softw (softwareId, ins_tipo, ins_licencia, ins_expiracion, tic_id, com_id) VALUES (93, 'take', 'lose', '2010-07-21', 93, 93);
INSERT INTO inventario_softw (softwareId, ins_tipo, ins_licencia, ins_expiracion, tic_id, com_id) VALUES (94, 'trouble', 'drop', '2015-03-14', 94, 94);
INSERT INTO inventario_softw (softwareId, ins_tipo, ins_licencia, ins_expiracion, tic_id, com_id) VALUES (95, 'organization', 'whatever', '1999-03-30', 95, 95);
INSERT INTO inventario_softw (softwareId, ins_tipo, ins_licencia, ins_expiracion, tic_id, com_id) VALUES (96, 'first', 'control', '1994-12-12', 96, 96);
INSERT INTO inventario_softw (softwareId, ins_tipo, ins_licencia, ins_expiracion, tic_id, com_id) VALUES (97, 'add', 'book', '2013-03-27', 97, 97);
INSERT INTO inventario_softw (softwareId, ins_tipo, ins_licencia, ins_expiracion, tic_id, com_id) VALUES (98, 'onto', 'staff', '2007-06-20', 98, 98);
INSERT INTO inventario_softw (softwareId, ins_tipo, ins_licencia, ins_expiracion, tic_id, com_id) VALUES (99, 'bag', 'low', '1998-01-15', 99, 99);
INSERT INTO inventario_softw (softwareId, ins_tipo, ins_licencia, ins_expiracion, tic_id, com_id) VALUES (100, 'employee', 'leg', '2009-12-01', 100, 100);
INSERT INTO contabilidad (con_id, con_tipo_registro, con_descripcion, con_creacion, con_estado, emp_id) VALUES (1, 'set', 'particular', '2005-01-05', 1, 1);
INSERT INTO contabilidad (con_id, con_tipo_registro, con_descripcion, con_creacion, con_estado, emp_id) VALUES (2, 'blood', 'become', '2018-06-07', 1, 2);
INSERT INTO contabilidad (con_id, con_tipo_registro, con_descripcion, con_creacion, con_estado, emp_id) VALUES (3, 'leader', 'audience', '2008-09-24', 1, 3);
INSERT INTO contabilidad (con_id, con_tipo_registro, con_descripcion, con_creacion, con_estado, emp_id) VALUES (4, 'after', 'hotel', '1986-03-20', 1, 4);
INSERT INTO contabilidad (con_id, con_tipo_registro, con_descripcion, con_creacion, con_estado, emp_id) VALUES (5, 'determine', 'other', '2004-06-12', 1, 5);
INSERT INTO contabilidad (con_id, con_tipo_registro, con_descripcion, con_creacion, con_estado, emp_id) VALUES (6, 'lot', 'simply', '1973-05-05', 0, 6);
INSERT INTO contabilidad (con_id, con_tipo_registro, con_descripcion, con_creacion, con_estado, emp_id) VALUES (7, 'six', 'window', '1994-07-14', 0, 7);
INSERT INTO contabilidad (con_id, con_tipo_registro, con_descripcion, con_creacion, con_estado, emp_id) VALUES (8, 'discussion', 'speak', '1982-09-06', 1, 8);
INSERT INTO contabilidad (con_id, con_tipo_registro, con_descripcion, con_creacion, con_estado, emp_id) VALUES (9, 'relate', 'hair', '1976-12-15', 0, 9);
INSERT INTO contabilidad (con_id, con_tipo_registro, con_descripcion, con_creacion, con_estado, emp_id) VALUES (10, 'system', 'inside', '1980-05-28', 0, 10);
INSERT INTO contabilidad (con_id, con_tipo_registro, con_descripcion, con_creacion, con_estado, emp_id) VALUES (11, 'able', 'seven', '1982-10-29', 0, 11);
INSERT INTO contabilidad (con_id, con_tipo_registro, con_descripcion, con_creacion, con_estado, emp_id) VALUES (12, 'name', 'visit', '2021-11-27', 1, 12);
INSERT INTO contabilidad (con_id, con_tipo_registro, con_descripcion, con_creacion, con_estado, emp_id) VALUES (13, 'store', 'artist', '2004-04-16', 0, 13);
INSERT INTO contabilidad (con_id, con_tipo_registro, con_descripcion, con_creacion, con_estado, emp_id) VALUES (14, 'benefit', 'town', '1991-03-07', 0, 14);
INSERT INTO contabilidad (con_id, con_tipo_registro, con_descripcion, con_creacion, con_estado, emp_id) VALUES (15, 'way', 'poor', '2021-11-26', 1, 15);
INSERT INTO contabilidad (con_id, con_tipo_registro, con_descripcion, con_creacion, con_estado, emp_id) VALUES (16, 'management', 'conference', '2011-06-12', 1, 16);
INSERT INTO contabilidad (con_id, con_tipo_registro, con_descripcion, con_creacion, con_estado, emp_id) VALUES (17, 'court', 'war', '2013-03-20', 0, 17);
INSERT INTO contabilidad (con_id, con_tipo_registro, con_descripcion, con_creacion, con_estado, emp_id) VALUES (18, 'body', 'probably', '1979-08-18', 0, 18);
INSERT INTO contabilidad (con_id, con_tipo_registro, con_descripcion, con_creacion, con_estado, emp_id) VALUES (19, 'interesting', 'exist', '1999-07-09', 1, 19);
INSERT INTO contabilidad (con_id, con_tipo_registro, con_descripcion, con_creacion, con_estado, emp_id) VALUES (20, 'walk', 'but', '1994-04-27', 0, 20);
INSERT INTO contabilidad (con_id, con_tipo_registro, con_descripcion, con_creacion, con_estado, emp_id) VALUES (21, 'allow', 'off', '2001-01-13', 0, 21);
INSERT INTO contabilidad (con_id, con_tipo_registro, con_descripcion, con_creacion, con_estado, emp_id) VALUES (22, 'position', 'light', '1984-11-06', 0, 22);
INSERT INTO contabilidad (con_id, con_tipo_registro, con_descripcion, con_creacion, con_estado, emp_id) VALUES (23, 'by', 'whole', '1976-06-24', 1, 23);
INSERT INTO contabilidad (con_id, con_tipo_registro, con_descripcion, con_creacion, con_estado, emp_id) VALUES (24, 'marriage', 'manage', '2015-04-21', 0, 24);
INSERT INTO contabilidad (con_id, con_tipo_registro, con_descripcion, con_creacion, con_estado, emp_id) VALUES (25, 'walk', 'eye', '1990-06-15', 1, 25);
INSERT INTO contabilidad (con_id, con_tipo_registro, con_descripcion, con_creacion, con_estado, emp_id) VALUES (26, 'field', 'water', '1970-06-02', 0, 26);
INSERT INTO contabilidad (con_id, con_tipo_registro, con_descripcion, con_creacion, con_estado, emp_id) VALUES (27, 'shake', 'series', '2003-09-27', 0, 27);
INSERT INTO contabilidad (con_id, con_tipo_registro, con_descripcion, con_creacion, con_estado, emp_id) VALUES (28, 'military', 'finally', '1972-10-21', 1, 28);
INSERT INTO contabilidad (con_id, con_tipo_registro, con_descripcion, con_creacion, con_estado, emp_id) VALUES (29, 'shake', 'between', '1996-05-16', 1, 29);
INSERT INTO contabilidad (con_id, con_tipo_registro, con_descripcion, con_creacion, con_estado, emp_id) VALUES (30, 'near', 'interest', '1974-03-30', 0, 30);
INSERT INTO contabilidad (con_id, con_tipo_registro, con_descripcion, con_creacion, con_estado, emp_id) VALUES (31, 'student', 'actually', '1970-08-20', 0, 31);
INSERT INTO contabilidad (con_id, con_tipo_registro, con_descripcion, con_creacion, con_estado, emp_id) VALUES (32, 'shoulder', 'between', '2007-03-24', 0, 32);
INSERT INTO contabilidad (con_id, con_tipo_registro, con_descripcion, con_creacion, con_estado, emp_id) VALUES (33, 'industry', 'manager', '2005-08-20', 1, 33);
INSERT INTO contabilidad (con_id, con_tipo_registro, con_descripcion, con_creacion, con_estado, emp_id) VALUES (34, 'summer', 'prevent', '2021-04-26', 0, 34);
INSERT INTO contabilidad (con_id, con_tipo_registro, con_descripcion, con_creacion, con_estado, emp_id) VALUES (35, 'buy', 'by', '1975-02-09', 0, 35);
INSERT INTO contabilidad (con_id, con_tipo_registro, con_descripcion, con_creacion, con_estado, emp_id) VALUES (36, 'company', 'real', '1987-10-01', 1, 36);
INSERT INTO contabilidad (con_id, con_tipo_registro, con_descripcion, con_creacion, con_estado, emp_id) VALUES (37, 'management', 'often', '2009-05-31', 1, 37);
INSERT INTO contabilidad (con_id, con_tipo_registro, con_descripcion, con_creacion, con_estado, emp_id) VALUES (38, 'PM', 'heart', '2000-10-30', 0, 38);
INSERT INTO contabilidad (con_id, con_tipo_registro, con_descripcion, con_creacion, con_estado, emp_id) VALUES (39, 'like', 'source', '2003-08-17', 1, 39);
INSERT INTO contabilidad (con_id, con_tipo_registro, con_descripcion, con_creacion, con_estado, emp_id) VALUES (40, 'sing', 'interest', '2013-05-19', 0, 40);
INSERT INTO contabilidad (con_id, con_tipo_registro, con_descripcion, con_creacion, con_estado, emp_id) VALUES (41, 'cup', 'common', '1990-06-01', 0, 41);
INSERT INTO contabilidad (con_id, con_tipo_registro, con_descripcion, con_creacion, con_estado, emp_id) VALUES (42, 'whether', 'represent', '1996-04-28', 0, 42);
INSERT INTO contabilidad (con_id, con_tipo_registro, con_descripcion, con_creacion, con_estado, emp_id) VALUES (43, 'information', 'herself', '2004-01-23', 0, 43);
INSERT INTO contabilidad (con_id, con_tipo_registro, con_descripcion, con_creacion, con_estado, emp_id) VALUES (44, 'defense', 'issue', '1988-01-30', 0, 44);
INSERT INTO contabilidad (con_id, con_tipo_registro, con_descripcion, con_creacion, con_estado, emp_id) VALUES (45, 'the', 'industry', '2023-10-23', 0, 45);
INSERT INTO contabilidad (con_id, con_tipo_registro, con_descripcion, con_creacion, con_estado, emp_id) VALUES (46, 'environmental', 'night', '2005-02-22', 0, 46);
INSERT INTO contabilidad (con_id, con_tipo_registro, con_descripcion, con_creacion, con_estado, emp_id) VALUES (47, 'product', 'successful', '1998-10-30', 1, 47);
INSERT INTO contabilidad (con_id, con_tipo_registro, con_descripcion, con_creacion, con_estado, emp_id) VALUES (48, 'new', 'measure', '2023-02-13', 0, 48);
INSERT INTO contabilidad (con_id, con_tipo_registro, con_descripcion, con_creacion, con_estado, emp_id) VALUES (49, 'cover', 'wonder', '1998-02-07', 0, 49);
INSERT INTO contabilidad (con_id, con_tipo_registro, con_descripcion, con_creacion, con_estado, emp_id) VALUES (50, 'program', 'space', '2023-09-13', 0, 50);
INSERT INTO contabilidad (con_id, con_tipo_registro, con_descripcion, con_creacion, con_estado, emp_id) VALUES (51, 'north', 'better', '2009-05-27', 0, 51);
INSERT INTO contabilidad (con_id, con_tipo_registro, con_descripcion, con_creacion, con_estado, emp_id) VALUES (52, 'produce', 'beat', '1984-07-27', 1, 52);
INSERT INTO contabilidad (con_id, con_tipo_registro, con_descripcion, con_creacion, con_estado, emp_id) VALUES (53, 'watch', 'ask', '2007-08-27', 1, 53);
INSERT INTO contabilidad (con_id, con_tipo_registro, con_descripcion, con_creacion, con_estado, emp_id) VALUES (54, 'baby', 'agreement', '1994-11-03', 0, 54);
INSERT INTO contabilidad (con_id, con_tipo_registro, con_descripcion, con_creacion, con_estado, emp_id) VALUES (55, 'model', 'song', '2002-12-11', 0, 55);
INSERT INTO contabilidad (con_id, con_tipo_registro, con_descripcion, con_creacion, con_estado, emp_id) VALUES (56, 'author', 'affect', '1970-09-09', 1, 56);
INSERT INTO contabilidad (con_id, con_tipo_registro, con_descripcion, con_creacion, con_estado, emp_id) VALUES (57, 'catch', 'both', '1971-07-17', 0, 57);
INSERT INTO contabilidad (con_id, con_tipo_registro, con_descripcion, con_creacion, con_estado, emp_id) VALUES (58, 'civil', 'certain', '1975-06-08', 1, 58);
INSERT INTO contabilidad (con_id, con_tipo_registro, con_descripcion, con_creacion, con_estado, emp_id) VALUES (59, 'protect', 'quickly', '2003-04-21', 0, 59);
INSERT INTO contabilidad (con_id, con_tipo_registro, con_descripcion, con_creacion, con_estado, emp_id) VALUES (60, 'realize', 'base', '1975-12-18', 0, 60);
INSERT INTO contabilidad (con_id, con_tipo_registro, con_descripcion, con_creacion, con_estado, emp_id) VALUES (61, 'pattern', 'fear', '1987-07-05', 1, 61);
INSERT INTO contabilidad (con_id, con_tipo_registro, con_descripcion, con_creacion, con_estado, emp_id) VALUES (62, 'someone', 'help', '2012-06-26', 0, 62);
INSERT INTO contabilidad (con_id, con_tipo_registro, con_descripcion, con_creacion, con_estado, emp_id) VALUES (63, 'president', 'election', '1986-05-28', 0, 63);
INSERT INTO contabilidad (con_id, con_tipo_registro, con_descripcion, con_creacion, con_estado, emp_id) VALUES (64, 'best', 'pretty', '2004-02-08', 1, 64);
INSERT INTO contabilidad (con_id, con_tipo_registro, con_descripcion, con_creacion, con_estado, emp_id) VALUES (65, 'film', 'affect', '1982-04-29', 0, 65);
INSERT INTO contabilidad (con_id, con_tipo_registro, con_descripcion, con_creacion, con_estado, emp_id) VALUES (66, 'avoid', 'party', '1978-12-14', 0, 66);
INSERT INTO contabilidad (con_id, con_tipo_registro, con_descripcion, con_creacion, con_estado, emp_id) VALUES (67, 'new', 'few', '2010-02-23', 1, 67);
INSERT INTO contabilidad (con_id, con_tipo_registro, con_descripcion, con_creacion, con_estado, emp_id) VALUES (68, 'or', 'relate', '1973-12-15', 0, 68);
INSERT INTO contabilidad (con_id, con_tipo_registro, con_descripcion, con_creacion, con_estado, emp_id) VALUES (69, 'do', 'let', '2017-10-28', 1, 69);
INSERT INTO contabilidad (con_id, con_tipo_registro, con_descripcion, con_creacion, con_estado, emp_id) VALUES (70, 'group', 'great', '2022-09-28', 0, 70);
INSERT INTO contabilidad (con_id, con_tipo_registro, con_descripcion, con_creacion, con_estado, emp_id) VALUES (71, 'work', 'black', '1991-11-11', 1, 71);
INSERT INTO contabilidad (con_id, con_tipo_registro, con_descripcion, con_creacion, con_estado, emp_id) VALUES (72, 'event', 'whom', '2024-06-08', 0, 72);
INSERT INTO contabilidad (con_id, con_tipo_registro, con_descripcion, con_creacion, con_estado, emp_id) VALUES (73, 'at', 'sell', '2004-11-20', 1, 73);
INSERT INTO contabilidad (con_id, con_tipo_registro, con_descripcion, con_creacion, con_estado, emp_id) VALUES (74, 'bed', 'time', '2006-04-15', 1, 74);
INSERT INTO contabilidad (con_id, con_tipo_registro, con_descripcion, con_creacion, con_estado, emp_id) VALUES (75, 'son', 'respond', '2015-07-18', 1, 75);
INSERT INTO contabilidad (con_id, con_tipo_registro, con_descripcion, con_creacion, con_estado, emp_id) VALUES (76, 'miss', 'yes', '1986-03-18', 0, 76);
INSERT INTO contabilidad (con_id, con_tipo_registro, con_descripcion, con_creacion, con_estado, emp_id) VALUES (77, 'voice', 'president', '2017-12-08', 0, 77);
INSERT INTO contabilidad (con_id, con_tipo_registro, con_descripcion, con_creacion, con_estado, emp_id) VALUES (78, 'sound', 'some', '1998-09-11', 1, 78);
INSERT INTO contabilidad (con_id, con_tipo_registro, con_descripcion, con_creacion, con_estado, emp_id) VALUES (79, 'message', 'born', '2005-09-22', 1, 79);
INSERT INTO contabilidad (con_id, con_tipo_registro, con_descripcion, con_creacion, con_estado, emp_id) VALUES (80, 'management', 'teacher', '1973-06-20', 0, 80);
INSERT INTO contabilidad (con_id, con_tipo_registro, con_descripcion, con_creacion, con_estado, emp_id) VALUES (81, 'open', 'father', '1996-03-03', 1, 81);
INSERT INTO contabilidad (con_id, con_tipo_registro, con_descripcion, con_creacion, con_estado, emp_id) VALUES (82, 'debate', 'administration', '1994-09-02', 1, 82);
INSERT INTO contabilidad (con_id, con_tipo_registro, con_descripcion, con_creacion, con_estado, emp_id) VALUES (83, 'growth', 'each', '2007-04-17', 1, 83);
INSERT INTO contabilidad (con_id, con_tipo_registro, con_descripcion, con_creacion, con_estado, emp_id) VALUES (84, 'several', 'community', '1972-07-05', 0, 84);
INSERT INTO contabilidad (con_id, con_tipo_registro, con_descripcion, con_creacion, con_estado, emp_id) VALUES (85, 'big', 'hear', '2020-07-06', 1, 85);
INSERT INTO contabilidad (con_id, con_tipo_registro, con_descripcion, con_creacion, con_estado, emp_id) VALUES (86, 'agree', 'never', '1980-02-17', 0, 86);
INSERT INTO contabilidad (con_id, con_tipo_registro, con_descripcion, con_creacion, con_estado, emp_id) VALUES (87, 'each', 'product', '2003-06-17', 0, 87);
INSERT INTO contabilidad (con_id, con_tipo_registro, con_descripcion, con_creacion, con_estado, emp_id) VALUES (88, 'mission', 'property', '2023-12-23', 1, 88);
INSERT INTO contabilidad (con_id, con_tipo_registro, con_descripcion, con_creacion, con_estado, emp_id) VALUES (89, 'green', 'itself', '2005-07-18', 0, 89);
INSERT INTO contabilidad (con_id, con_tipo_registro, con_descripcion, con_creacion, con_estado, emp_id) VALUES (90, 'deal', 'individual', '1989-04-02', 1, 90);
INSERT INTO contabilidad (con_id, con_tipo_registro, con_descripcion, con_creacion, con_estado, emp_id) VALUES (91, 'artist', 'animal', '1996-01-08', 0, 91);
INSERT INTO contabilidad (con_id, con_tipo_registro, con_descripcion, con_creacion, con_estado, emp_id) VALUES (92, 'help', 'tough', '2020-10-06', 0, 92);
INSERT INTO contabilidad (con_id, con_tipo_registro, con_descripcion, con_creacion, con_estado, emp_id) VALUES (93, 'challenge', 'total', '2021-12-27', 0, 93);
INSERT INTO contabilidad (con_id, con_tipo_registro, con_descripcion, con_creacion, con_estado, emp_id) VALUES (94, 'remember', 'growth', '1981-10-19', 0, 94);
INSERT INTO contabilidad (con_id, con_tipo_registro, con_descripcion, con_creacion, con_estado, emp_id) VALUES (95, 'address', 'argue', '1983-10-29', 1, 95);
INSERT INTO contabilidad (con_id, con_tipo_registro, con_descripcion, con_creacion, con_estado, emp_id) VALUES (96, 'play', 'century', '2016-02-17', 0, 96);
INSERT INTO contabilidad (con_id, con_tipo_registro, con_descripcion, con_creacion, con_estado, emp_id) VALUES (97, 'where', 'news', '2022-04-30', 1, 97);
INSERT INTO contabilidad (con_id, con_tipo_registro, con_descripcion, con_creacion, con_estado, emp_id) VALUES (98, 'media', 'letter', '2016-11-06', 1, 98);
INSERT INTO contabilidad (con_id, con_tipo_registro, con_descripcion, con_creacion, con_estado, emp_id) VALUES (99, 'impact', 'resource', '2001-04-20', 0, 99);
INSERT INTO contabilidad (con_id, con_tipo_registro, con_descripcion, con_creacion, con_estado, emp_id) VALUES (100, 'tree', 'guy', '1977-11-11', 1, 100);
INSERT INTO transaccion (tra_id, tra_fecha, tra_monto, tra_tipo, tra_creacion, tra_estado, con_id) VALUES (1, '2002-02-15', 19.3, 'identify', '2002-08-30', 0, 1);
INSERT INTO transaccion (tra_id, tra_fecha, tra_monto, tra_tipo, tra_creacion, tra_estado, con_id) VALUES (2, '2018-06-11', 12.18, 'town', '1977-11-23', 1, 2);
INSERT INTO transaccion (tra_id, tra_fecha, tra_monto, tra_tipo, tra_creacion, tra_estado, con_id) VALUES (3, '1993-12-19', 82.12, 'base', '1999-07-06', 0, 3);
INSERT INTO transaccion (tra_id, tra_fecha, tra_monto, tra_tipo, tra_creacion, tra_estado, con_id) VALUES (4, '1999-08-26', 45.08, 'individual', '1970-07-01', 1, 4);
INSERT INTO transaccion (tra_id, tra_fecha, tra_monto, tra_tipo, tra_creacion, tra_estado, con_id) VALUES (5, '1997-11-06', 6.47, 'by', '1995-04-14', 1, 5);
INSERT INTO transaccion (tra_id, tra_fecha, tra_monto, tra_tipo, tra_creacion, tra_estado, con_id) VALUES (6, '1971-01-09', 40.05, 'plan', '2010-12-26', 1, 6);
INSERT INTO transaccion (tra_id, tra_fecha, tra_monto, tra_tipo, tra_creacion, tra_estado, con_id) VALUES (7, '2020-10-30', 91.67, 'sit', '1970-10-10', 0, 7);
INSERT INTO transaccion (tra_id, tra_fecha, tra_monto, tra_tipo, tra_creacion, tra_estado, con_id) VALUES (8, '2019-09-19', 91.77, 'operation', '1998-08-21', 1, 8);
INSERT INTO transaccion (tra_id, tra_fecha, tra_monto, tra_tipo, tra_creacion, tra_estado, con_id) VALUES (9, '1990-01-09', 27.33, 'much', '2015-10-02', 0, 9);
INSERT INTO transaccion (tra_id, tra_fecha, tra_monto, tra_tipo, tra_creacion, tra_estado, con_id) VALUES (10, '1992-01-29', 55.61, 'look', '2007-09-02', 0, 10);
INSERT INTO transaccion (tra_id, tra_fecha, tra_monto, tra_tipo, tra_creacion, tra_estado, con_id) VALUES (11, '2001-05-22', 1.79, 'total', '1979-08-08', 1, 11);
INSERT INTO transaccion (tra_id, tra_fecha, tra_monto, tra_tipo, tra_creacion, tra_estado, con_id) VALUES (12, '1977-08-16', 41.43, 'stage', '2004-12-29', 0, 12);
INSERT INTO transaccion (tra_id, tra_fecha, tra_monto, tra_tipo, tra_creacion, tra_estado, con_id) VALUES (13, '2013-11-04', 46.23, 'executive', '1996-09-28', 0, 13);
INSERT INTO transaccion (tra_id, tra_fecha, tra_monto, tra_tipo, tra_creacion, tra_estado, con_id) VALUES (14, '1997-10-10', 42.49, 'economic', '1995-06-20', 1, 14);
INSERT INTO transaccion (tra_id, tra_fecha, tra_monto, tra_tipo, tra_creacion, tra_estado, con_id) VALUES (15, '1988-11-08', 99.97, 'course', '1980-07-30', 0, 15);
INSERT INTO transaccion (tra_id, tra_fecha, tra_monto, tra_tipo, tra_creacion, tra_estado, con_id) VALUES (16, '2012-08-28', 86.57, 'another', '2023-02-16', 1, 16);
INSERT INTO transaccion (tra_id, tra_fecha, tra_monto, tra_tipo, tra_creacion, tra_estado, con_id) VALUES (17, '1982-07-01', 16.7, 'page', '2020-11-08', 1, 17);
INSERT INTO transaccion (tra_id, tra_fecha, tra_monto, tra_tipo, tra_creacion, tra_estado, con_id) VALUES (18, '2002-04-05', 84.75, 'maintain', '1997-02-21', 1, 18);
INSERT INTO transaccion (tra_id, tra_fecha, tra_monto, tra_tipo, tra_creacion, tra_estado, con_id) VALUES (19, '2011-07-04', 66.43, 'nothing', '1993-12-07', 0, 19);
INSERT INTO transaccion (tra_id, tra_fecha, tra_monto, tra_tipo, tra_creacion, tra_estado, con_id) VALUES (20, '1998-05-22', 16.38, 'language', '2004-03-30', 1, 20);
INSERT INTO transaccion (tra_id, tra_fecha, tra_monto, tra_tipo, tra_creacion, tra_estado, con_id) VALUES (21, '1981-06-12', 28.18, 'factor', '2006-06-11', 1, 21);
INSERT INTO transaccion (tra_id, tra_fecha, tra_monto, tra_tipo, tra_creacion, tra_estado, con_id) VALUES (22, '1989-05-29', 53.45, 'view', '1970-02-26', 1, 22);
INSERT INTO transaccion (tra_id, tra_fecha, tra_monto, tra_tipo, tra_creacion, tra_estado, con_id) VALUES (23, '2005-09-21', 33.61, 'down', '1993-04-08', 0, 23);
INSERT INTO transaccion (tra_id, tra_fecha, tra_monto, tra_tipo, tra_creacion, tra_estado, con_id) VALUES (24, '2013-08-16', 20.76, 'because', '2020-05-05', 0, 24);
INSERT INTO transaccion (tra_id, tra_fecha, tra_monto, tra_tipo, tra_creacion, tra_estado, con_id) VALUES (25, '1978-01-21', 46.86, 'sea', '1974-06-08', 0, 25);
INSERT INTO transaccion (tra_id, tra_fecha, tra_monto, tra_tipo, tra_creacion, tra_estado, con_id) VALUES (26, '1978-05-29', 24.14, 'follow', '2010-01-04', 0, 26);
INSERT INTO transaccion (tra_id, tra_fecha, tra_monto, tra_tipo, tra_creacion, tra_estado, con_id) VALUES (27, '1981-01-07', 99.64, 'safe', '1971-06-14', 1, 27);
INSERT INTO transaccion (tra_id, tra_fecha, tra_monto, tra_tipo, tra_creacion, tra_estado, con_id) VALUES (28, '1970-12-07', 10.63, 'moment', '1996-02-08', 1, 28);
INSERT INTO transaccion (tra_id, tra_fecha, tra_monto, tra_tipo, tra_creacion, tra_estado, con_id) VALUES (29, '2013-06-09', 91.78, 'glass', '1970-05-04', 0, 29);
INSERT INTO transaccion (tra_id, tra_fecha, tra_monto, tra_tipo, tra_creacion, tra_estado, con_id) VALUES (30, '2009-07-31', 90.54, 'ground', '1981-12-22', 1, 30);
INSERT INTO transaccion (tra_id, tra_fecha, tra_monto, tra_tipo, tra_creacion, tra_estado, con_id) VALUES (31, '2013-11-15', 43.34, 'leg', '1986-01-07', 0, 31);
INSERT INTO transaccion (tra_id, tra_fecha, tra_monto, tra_tipo, tra_creacion, tra_estado, con_id) VALUES (32, '1992-05-10', 26.66, 'others', '1992-03-16', 0, 32);
INSERT INTO transaccion (tra_id, tra_fecha, tra_monto, tra_tipo, tra_creacion, tra_estado, con_id) VALUES (33, '1989-09-11', 64.33, 'born', '2020-02-19', 1, 33);
INSERT INTO transaccion (tra_id, tra_fecha, tra_monto, tra_tipo, tra_creacion, tra_estado, con_id) VALUES (34, '2010-09-11', 36.55, 'development', '1977-06-28', 1, 34);
INSERT INTO transaccion (tra_id, tra_fecha, tra_monto, tra_tipo, tra_creacion, tra_estado, con_id) VALUES (35, '1980-05-19', 25.6, 'laugh', '2006-08-23', 0, 35);
INSERT INTO transaccion (tra_id, tra_fecha, tra_monto, tra_tipo, tra_creacion, tra_estado, con_id) VALUES (36, '2007-07-04', 40.03, 'serve', '1980-03-25', 0, 36);
INSERT INTO transaccion (tra_id, tra_fecha, tra_monto, tra_tipo, tra_creacion, tra_estado, con_id) VALUES (37, '1981-08-22', 5.49, 'ground', '1995-03-15', 0, 37);
INSERT INTO transaccion (tra_id, tra_fecha, tra_monto, tra_tipo, tra_creacion, tra_estado, con_id) VALUES (38, '2000-10-19', 43.57, 'Republican', '2003-09-29', 1, 38);
INSERT INTO transaccion (tra_id, tra_fecha, tra_monto, tra_tipo, tra_creacion, tra_estado, con_id) VALUES (39, '2006-05-05', 67.95, 'notice', '1974-12-13', 0, 39);
INSERT INTO transaccion (tra_id, tra_fecha, tra_monto, tra_tipo, tra_creacion, tra_estado, con_id) VALUES (40, '2022-08-26', 59.21, 'bring', '1997-05-21', 0, 40);
INSERT INTO transaccion (tra_id, tra_fecha, tra_monto, tra_tipo, tra_creacion, tra_estado, con_id) VALUES (41, '2011-11-03', 70.43, 'involve', '2019-08-15', 1, 41);
INSERT INTO transaccion (tra_id, tra_fecha, tra_monto, tra_tipo, tra_creacion, tra_estado, con_id) VALUES (42, '2010-07-09', 11.46, 'like', '1982-08-30', 1, 42);
INSERT INTO transaccion (tra_id, tra_fecha, tra_monto, tra_tipo, tra_creacion, tra_estado, con_id) VALUES (43, '2021-08-23', 41.5, 'care', '1982-10-28', 1, 43);
INSERT INTO transaccion (tra_id, tra_fecha, tra_monto, tra_tipo, tra_creacion, tra_estado, con_id) VALUES (44, '1971-02-13', 57.39, 'always', '1987-01-30', 0, 44);
INSERT INTO transaccion (tra_id, tra_fecha, tra_monto, tra_tipo, tra_creacion, tra_estado, con_id) VALUES (45, '2005-10-10', 58.46, 'weight', '1997-01-27', 0, 45);
INSERT INTO transaccion (tra_id, tra_fecha, tra_monto, tra_tipo, tra_creacion, tra_estado, con_id) VALUES (46, '2003-06-06', 59.19, 'staff', '2002-06-28', 1, 46);
INSERT INTO transaccion (tra_id, tra_fecha, tra_monto, tra_tipo, tra_creacion, tra_estado, con_id) VALUES (47, '2001-04-21', 83.16, 'read', '2021-11-10', 0, 47);
INSERT INTO transaccion (tra_id, tra_fecha, tra_monto, tra_tipo, tra_creacion, tra_estado, con_id) VALUES (48, '1989-03-19', 21.63, 'company', '1987-01-01', 1, 48);
INSERT INTO transaccion (tra_id, tra_fecha, tra_monto, tra_tipo, tra_creacion, tra_estado, con_id) VALUES (49, '1976-02-22', 44.15, 'coach', '1987-01-05', 1, 49);
INSERT INTO transaccion (tra_id, tra_fecha, tra_monto, tra_tipo, tra_creacion, tra_estado, con_id) VALUES (50, '2001-12-21', 63.36, 'room', '2022-06-16', 1, 50);
INSERT INTO transaccion (tra_id, tra_fecha, tra_monto, tra_tipo, tra_creacion, tra_estado, con_id) VALUES (51, '1991-03-21', 49.46, 'own', '2018-01-08', 1, 51);
INSERT INTO transaccion (tra_id, tra_fecha, tra_monto, tra_tipo, tra_creacion, tra_estado, con_id) VALUES (52, '1984-06-20', 35.68, 'response', '2014-11-01', 0, 52);
INSERT INTO transaccion (tra_id, tra_fecha, tra_monto, tra_tipo, tra_creacion, tra_estado, con_id) VALUES (53, '2015-02-21', 83.1, 'guess', '1981-09-13', 1, 53);
INSERT INTO transaccion (tra_id, tra_fecha, tra_monto, tra_tipo, tra_creacion, tra_estado, con_id) VALUES (54, '2011-08-01', 80.9, 'myself', '1983-05-14', 0, 54);
INSERT INTO transaccion (tra_id, tra_fecha, tra_monto, tra_tipo, tra_creacion, tra_estado, con_id) VALUES (55, '2019-05-30', 8.3, 'last', '2014-09-30', 0, 55);
INSERT INTO transaccion (tra_id, tra_fecha, tra_monto, tra_tipo, tra_creacion, tra_estado, con_id) VALUES (56, '2018-02-03', 6.65, 'resource', '1974-07-21', 1, 56);
INSERT INTO transaccion (tra_id, tra_fecha, tra_monto, tra_tipo, tra_creacion, tra_estado, con_id) VALUES (57, '1984-05-03', 41.39, 'truth', '1983-08-11', 1, 57);
INSERT INTO transaccion (tra_id, tra_fecha, tra_monto, tra_tipo, tra_creacion, tra_estado, con_id) VALUES (58, '2004-09-21', 96.43, 'meeting', '2015-12-13', 0, 58);
INSERT INTO transaccion (tra_id, tra_fecha, tra_monto, tra_tipo, tra_creacion, tra_estado, con_id) VALUES (59, '2006-08-27', 97.98, 'perform', '1976-11-03', 0, 59);
INSERT INTO transaccion (tra_id, tra_fecha, tra_monto, tra_tipo, tra_creacion, tra_estado, con_id) VALUES (60, '2015-11-21', 86.17, 'attention', '2006-04-03', 0, 60);
INSERT INTO transaccion (tra_id, tra_fecha, tra_monto, tra_tipo, tra_creacion, tra_estado, con_id) VALUES (61, '1970-05-18', 50.64, 'two', '1975-09-01', 1, 61);
INSERT INTO transaccion (tra_id, tra_fecha, tra_monto, tra_tipo, tra_creacion, tra_estado, con_id) VALUES (62, '2005-06-16', 97.7, 'send', '1976-10-26', 1, 62);
INSERT INTO transaccion (tra_id, tra_fecha, tra_monto, tra_tipo, tra_creacion, tra_estado, con_id) VALUES (63, '1970-11-27', 13.69, 'enough', '1976-01-15', 1, 63);
INSERT INTO transaccion (tra_id, tra_fecha, tra_monto, tra_tipo, tra_creacion, tra_estado, con_id) VALUES (64, '2019-05-04', 11.52, 'care', '2006-06-29', 1, 64);
INSERT INTO transaccion (tra_id, tra_fecha, tra_monto, tra_tipo, tra_creacion, tra_estado, con_id) VALUES (65, '2004-08-27', 43.62, 'better', '2000-11-07', 0, 65);
INSERT INTO transaccion (tra_id, tra_fecha, tra_monto, tra_tipo, tra_creacion, tra_estado, con_id) VALUES (66, '2015-10-23', 32.85, 'real', '1996-04-25', 0, 66);
INSERT INTO transaccion (tra_id, tra_fecha, tra_monto, tra_tipo, tra_creacion, tra_estado, con_id) VALUES (67, '2020-06-30', 54.62, 'everybody', '1984-04-12', 0, 67);
INSERT INTO transaccion (tra_id, tra_fecha, tra_monto, tra_tipo, tra_creacion, tra_estado, con_id) VALUES (68, '2013-07-15', 67.82, 'or', '2017-08-18', 0, 68);
INSERT INTO transaccion (tra_id, tra_fecha, tra_monto, tra_tipo, tra_creacion, tra_estado, con_id) VALUES (69, '1977-11-24', 88.85, 'bank', '1982-02-28', 1, 69);
INSERT INTO transaccion (tra_id, tra_fecha, tra_monto, tra_tipo, tra_creacion, tra_estado, con_id) VALUES (70, '2016-04-27', 32.17, 'throughout', '1977-06-27', 0, 70);
INSERT INTO transaccion (tra_id, tra_fecha, tra_monto, tra_tipo, tra_creacion, tra_estado, con_id) VALUES (71, '1988-05-08', 47.79, 'hold', '1971-02-10', 1, 71);
INSERT INTO transaccion (tra_id, tra_fecha, tra_monto, tra_tipo, tra_creacion, tra_estado, con_id) VALUES (72, '1974-06-19', 88.78, 'notice', '2013-08-02', 0, 72);
INSERT INTO transaccion (tra_id, tra_fecha, tra_monto, tra_tipo, tra_creacion, tra_estado, con_id) VALUES (73, '1986-06-29', 87.77, 'project', '1981-10-24', 0, 73);
INSERT INTO transaccion (tra_id, tra_fecha, tra_monto, tra_tipo, tra_creacion, tra_estado, con_id) VALUES (74, '1997-11-15', 54.39, 'rich', '1984-01-23', 0, 74);
INSERT INTO transaccion (tra_id, tra_fecha, tra_monto, tra_tipo, tra_creacion, tra_estado, con_id) VALUES (75, '2013-03-10', 53.84, 'his', '2012-12-26', 1, 75);
INSERT INTO transaccion (tra_id, tra_fecha, tra_monto, tra_tipo, tra_creacion, tra_estado, con_id) VALUES (76, '1973-05-15', 34.24, 'recently', '2004-08-13', 1, 76);
INSERT INTO transaccion (tra_id, tra_fecha, tra_monto, tra_tipo, tra_creacion, tra_estado, con_id) VALUES (77, '2010-07-07', 52.56, 'health', '1999-06-12', 0, 77);
INSERT INTO transaccion (tra_id, tra_fecha, tra_monto, tra_tipo, tra_creacion, tra_estado, con_id) VALUES (78, '1985-08-09', 71.96, 'wear', '1996-03-05', 1, 78);
INSERT INTO transaccion (tra_id, tra_fecha, tra_monto, tra_tipo, tra_creacion, tra_estado, con_id) VALUES (79, '1983-08-18', 98.63, 'leader', '1976-11-28', 0, 79);
INSERT INTO transaccion (tra_id, tra_fecha, tra_monto, tra_tipo, tra_creacion, tra_estado, con_id) VALUES (80, '1989-05-01', 7.49, 'reach', '2002-07-06', 1, 80);
INSERT INTO transaccion (tra_id, tra_fecha, tra_monto, tra_tipo, tra_creacion, tra_estado, con_id) VALUES (81, '1977-05-30', 86.79, 'full', '2015-03-19', 1, 81);
INSERT INTO transaccion (tra_id, tra_fecha, tra_monto, tra_tipo, tra_creacion, tra_estado, con_id) VALUES (82, '1976-07-28', 73.36, 'article', '2011-09-24', 0, 82);
INSERT INTO transaccion (tra_id, tra_fecha, tra_monto, tra_tipo, tra_creacion, tra_estado, con_id) VALUES (83, '1972-03-08', 12.08, 'worker', '2023-08-27', 0, 83);
INSERT INTO transaccion (tra_id, tra_fecha, tra_monto, tra_tipo, tra_creacion, tra_estado, con_id) VALUES (84, '1991-01-17', 57.63, 'add', '1995-04-24', 1, 84);
INSERT INTO transaccion (tra_id, tra_fecha, tra_monto, tra_tipo, tra_creacion, tra_estado, con_id) VALUES (85, '2001-08-09', 65.37, 'six', '1978-08-05', 1, 85);
INSERT INTO transaccion (tra_id, tra_fecha, tra_monto, tra_tipo, tra_creacion, tra_estado, con_id) VALUES (86, '2004-02-02', 65.41, 'hold', '1991-05-24', 1, 86);
INSERT INTO transaccion (tra_id, tra_fecha, tra_monto, tra_tipo, tra_creacion, tra_estado, con_id) VALUES (87, '1984-02-09', 2.57, 'action', '2010-03-11', 1, 87);
INSERT INTO transaccion (tra_id, tra_fecha, tra_monto, tra_tipo, tra_creacion, tra_estado, con_id) VALUES (88, '1987-08-02', 38.61, 'accept', '1978-03-15', 1, 88);
INSERT INTO transaccion (tra_id, tra_fecha, tra_monto, tra_tipo, tra_creacion, tra_estado, con_id) VALUES (89, '2022-05-14', 70.04, 'better', '1988-01-19', 0, 89);
INSERT INTO transaccion (tra_id, tra_fecha, tra_monto, tra_tipo, tra_creacion, tra_estado, con_id) VALUES (90, '1977-02-16', 30.13, 'billion', '1985-10-25', 1, 90);
INSERT INTO transaccion (tra_id, tra_fecha, tra_monto, tra_tipo, tra_creacion, tra_estado, con_id) VALUES (91, '1991-06-19', 14.64, 'memory', '1993-09-15', 0, 91);
INSERT INTO transaccion (tra_id, tra_fecha, tra_monto, tra_tipo, tra_creacion, tra_estado, con_id) VALUES (92, '1984-03-09', 84.0, 'professor', '2000-10-03', 0, 92);
INSERT INTO transaccion (tra_id, tra_fecha, tra_monto, tra_tipo, tra_creacion, tra_estado, con_id) VALUES (93, '2007-09-12', 99.92, 'moment', '2022-07-23', 0, 93);
INSERT INTO transaccion (tra_id, tra_fecha, tra_monto, tra_tipo, tra_creacion, tra_estado, con_id) VALUES (94, '1982-10-19', 49.27, 'fly', '2005-07-17', 1, 94);
INSERT INTO transaccion (tra_id, tra_fecha, tra_monto, tra_tipo, tra_creacion, tra_estado, con_id) VALUES (95, '2015-01-21', 48.3, 'check', '1991-10-29', 1, 95);
INSERT INTO transaccion (tra_id, tra_fecha, tra_monto, tra_tipo, tra_creacion, tra_estado, con_id) VALUES (96, '1984-10-01', 53.95, 'pattern', '1986-08-06', 0, 96);
INSERT INTO transaccion (tra_id, tra_fecha, tra_monto, tra_tipo, tra_creacion, tra_estado, con_id) VALUES (97, '1989-07-19', 44.98, 'sound', '2004-08-13', 1, 97);
INSERT INTO transaccion (tra_id, tra_fecha, tra_monto, tra_tipo, tra_creacion, tra_estado, con_id) VALUES (98, '1996-06-10', 32.11, 'feel', '2012-11-17', 1, 98);
INSERT INTO transaccion (tra_id, tra_fecha, tra_monto, tra_tipo, tra_creacion, tra_estado, con_id) VALUES (99, '1986-08-13', 72.52, 'song', '1989-08-27', 0, 99);
INSERT INTO transaccion (tra_id, tra_fecha, tra_monto, tra_tipo, tra_creacion, tra_estado, con_id) VALUES (100, '1982-11-27', 20.43, 'recent', '1970-08-06', 1, 100);
INSERT INTO factura (fac_id, fac_proveedor, fac_fecha_emision, fac_fecha_pago, fac_creacion, fac_estado, tra_id) VALUES (1, 'no', '1994-11-15', '1993-03-22', '2019-09-02', 1, 1);
INSERT INTO factura (fac_id, fac_proveedor, fac_fecha_emision, fac_fecha_pago, fac_creacion, fac_estado, tra_id) VALUES (2, 'stock', '2013-08-12', '2009-03-12', '2007-01-09', 1, 2);
INSERT INTO factura (fac_id, fac_proveedor, fac_fecha_emision, fac_fecha_pago, fac_creacion, fac_estado, tra_id) VALUES (3, 'plant', '1999-02-02', '1998-01-27', '2003-03-04', 1, 3);
INSERT INTO factura (fac_id, fac_proveedor, fac_fecha_emision, fac_fecha_pago, fac_creacion, fac_estado, tra_id) VALUES (4, 'trip', '1981-10-03', '1976-10-20', '2007-01-26', 1, 4);
INSERT INTO factura (fac_id, fac_proveedor, fac_fecha_emision, fac_fecha_pago, fac_creacion, fac_estado, tra_id) VALUES (5, 'fight', '2011-03-27', '1996-06-19', '1986-06-15', 1, 5);
INSERT INTO factura (fac_id, fac_proveedor, fac_fecha_emision, fac_fecha_pago, fac_creacion, fac_estado, tra_id) VALUES (6, 'walk', '2002-07-26', '2023-10-15', '1976-10-17', 0, 6);
INSERT INTO factura (fac_id, fac_proveedor, fac_fecha_emision, fac_fecha_pago, fac_creacion, fac_estado, tra_id) VALUES (7, 'difficult', '2021-11-02', '2012-05-15', '1995-07-23', 0, 7);
INSERT INTO factura (fac_id, fac_proveedor, fac_fecha_emision, fac_fecha_pago, fac_creacion, fac_estado, tra_id) VALUES (8, 'all', '2008-10-08', '2006-03-13', '2010-06-17', 1, 8);
INSERT INTO factura (fac_id, fac_proveedor, fac_fecha_emision, fac_fecha_pago, fac_creacion, fac_estado, tra_id) VALUES (9, 'son', '1993-05-23', '2019-08-15', '2000-04-07', 1, 9);
INSERT INTO factura (fac_id, fac_proveedor, fac_fecha_emision, fac_fecha_pago, fac_creacion, fac_estado, tra_id) VALUES (10, 'through', '1992-10-13', '1980-11-22', '2003-08-22', 1, 10);
INSERT INTO factura (fac_id, fac_proveedor, fac_fecha_emision, fac_fecha_pago, fac_creacion, fac_estado, tra_id) VALUES (11, 'notice', '2004-02-25', '1972-02-13', '1975-10-20', 1, 11);
INSERT INTO factura (fac_id, fac_proveedor, fac_fecha_emision, fac_fecha_pago, fac_creacion, fac_estado, tra_id) VALUES (12, 'campaign', '2004-09-24', '2020-10-18', '1973-04-15', 0, 12);
INSERT INTO factura (fac_id, fac_proveedor, fac_fecha_emision, fac_fecha_pago, fac_creacion, fac_estado, tra_id) VALUES (13, 'hospital', '2018-08-28', '2012-04-15', '1988-04-20', 0, 13);
INSERT INTO factura (fac_id, fac_proveedor, fac_fecha_emision, fac_fecha_pago, fac_creacion, fac_estado, tra_id) VALUES (14, 'manage', '1985-03-25', '1995-09-14', '1978-05-28', 1, 14);
INSERT INTO factura (fac_id, fac_proveedor, fac_fecha_emision, fac_fecha_pago, fac_creacion, fac_estado, tra_id) VALUES (15, 'north', '1973-09-22', '2006-03-02', '2013-10-12', 0, 15);
INSERT INTO factura (fac_id, fac_proveedor, fac_fecha_emision, fac_fecha_pago, fac_creacion, fac_estado, tra_id) VALUES (16, 'might', '1982-12-08', '1982-06-22', '2013-09-07', 1, 16);
INSERT INTO factura (fac_id, fac_proveedor, fac_fecha_emision, fac_fecha_pago, fac_creacion, fac_estado, tra_id) VALUES (17, 'plant', '1989-07-28', '2022-02-05', '2014-08-26', 0, 17);
INSERT INTO factura (fac_id, fac_proveedor, fac_fecha_emision, fac_fecha_pago, fac_creacion, fac_estado, tra_id) VALUES (18, 'others', '2016-04-09', '1986-11-06', '1980-05-26', 1, 18);
INSERT INTO factura (fac_id, fac_proveedor, fac_fecha_emision, fac_fecha_pago, fac_creacion, fac_estado, tra_id) VALUES (19, 'left', '1972-10-15', '2021-05-27', '1984-04-27', 1, 19);
INSERT INTO factura (fac_id, fac_proveedor, fac_fecha_emision, fac_fecha_pago, fac_creacion, fac_estado, tra_id) VALUES (20, 'skill', '1983-03-04', '2002-07-19', '1992-05-08', 1, 20);
INSERT INTO factura (fac_id, fac_proveedor, fac_fecha_emision, fac_fecha_pago, fac_creacion, fac_estado, tra_id) VALUES (21, 'note', '1995-05-02', '2014-11-04', '2006-06-05', 1, 21);
INSERT INTO factura (fac_id, fac_proveedor, fac_fecha_emision, fac_fecha_pago, fac_creacion, fac_estado, tra_id) VALUES (22, 'short', '2014-09-11', '1979-09-05', '1989-12-20', 1, 22);
INSERT INTO factura (fac_id, fac_proveedor, fac_fecha_emision, fac_fecha_pago, fac_creacion, fac_estado, tra_id) VALUES (23, 'heavy', '1970-11-08', '2013-01-11', '1988-04-08', 1, 23);
INSERT INTO factura (fac_id, fac_proveedor, fac_fecha_emision, fac_fecha_pago, fac_creacion, fac_estado, tra_id) VALUES (24, 'politics', '2003-01-15', '1972-02-20', '2023-10-23', 1, 24);
INSERT INTO factura (fac_id, fac_proveedor, fac_fecha_emision, fac_fecha_pago, fac_creacion, fac_estado, tra_id) VALUES (25, 'wear', '1972-04-08', '1997-06-30', '2009-02-18', 1, 25);
INSERT INTO factura (fac_id, fac_proveedor, fac_fecha_emision, fac_fecha_pago, fac_creacion, fac_estado, tra_id) VALUES (26, 'impact', '2018-11-13', '2020-12-14', '1990-07-26', 1, 26);
INSERT INTO factura (fac_id, fac_proveedor, fac_fecha_emision, fac_fecha_pago, fac_creacion, fac_estado, tra_id) VALUES (27, 'what', '1980-05-19', '2013-01-29', '2022-04-10', 1, 27);
INSERT INTO factura (fac_id, fac_proveedor, fac_fecha_emision, fac_fecha_pago, fac_creacion, fac_estado, tra_id) VALUES (28, 'spend', '2019-09-14', '1987-04-17', '1986-09-16', 0, 28);
INSERT INTO factura (fac_id, fac_proveedor, fac_fecha_emision, fac_fecha_pago, fac_creacion, fac_estado, tra_id) VALUES (29, 'economic', '2018-05-02', '1971-06-22', '2002-07-14', 0, 29);
INSERT INTO factura (fac_id, fac_proveedor, fac_fecha_emision, fac_fecha_pago, fac_creacion, fac_estado, tra_id) VALUES (30, 'when', '2005-03-25', '2007-10-03', '2011-04-17', 1, 30);
INSERT INTO factura (fac_id, fac_proveedor, fac_fecha_emision, fac_fecha_pago, fac_creacion, fac_estado, tra_id) VALUES (31, 'until', '2021-08-08', '1996-08-05', '1976-04-08', 0, 31);
INSERT INTO factura (fac_id, fac_proveedor, fac_fecha_emision, fac_fecha_pago, fac_creacion, fac_estado, tra_id) VALUES (32, 'southern', '1995-08-03', '2006-09-10', '1989-02-15', 1, 32);
INSERT INTO factura (fac_id, fac_proveedor, fac_fecha_emision, fac_fecha_pago, fac_creacion, fac_estado, tra_id) VALUES (33, 'office', '2004-06-17', '1992-03-24', '1999-08-09', 0, 33);
INSERT INTO factura (fac_id, fac_proveedor, fac_fecha_emision, fac_fecha_pago, fac_creacion, fac_estado, tra_id) VALUES (34, 'keep', '1997-07-16', '1986-12-10', '1998-12-17', 0, 34);
INSERT INTO factura (fac_id, fac_proveedor, fac_fecha_emision, fac_fecha_pago, fac_creacion, fac_estado, tra_id) VALUES (35, 'control', '1993-04-16', '2017-12-15', '2005-06-26', 1, 35);
INSERT INTO factura (fac_id, fac_proveedor, fac_fecha_emision, fac_fecha_pago, fac_creacion, fac_estado, tra_id) VALUES (36, 'sometimes', '1994-11-19', '2010-10-26', '2000-03-04', 0, 36);
INSERT INTO factura (fac_id, fac_proveedor, fac_fecha_emision, fac_fecha_pago, fac_creacion, fac_estado, tra_id) VALUES (37, 'everyone', '1970-12-25', '2013-05-17', '2004-05-20', 1, 37);
INSERT INTO factura (fac_id, fac_proveedor, fac_fecha_emision, fac_fecha_pago, fac_creacion, fac_estado, tra_id) VALUES (38, 'whole', '1983-02-17', '1998-05-10', '1993-11-17', 1, 38);
INSERT INTO factura (fac_id, fac_proveedor, fac_fecha_emision, fac_fecha_pago, fac_creacion, fac_estado, tra_id) VALUES (39, 'main', '2000-01-22', '2024-03-13', '2022-06-09', 0, 39);
INSERT INTO factura (fac_id, fac_proveedor, fac_fecha_emision, fac_fecha_pago, fac_creacion, fac_estado, tra_id) VALUES (40, 'heavy', '2024-01-19', '2012-01-28', '2018-11-01', 0, 40);
INSERT INTO factura (fac_id, fac_proveedor, fac_fecha_emision, fac_fecha_pago, fac_creacion, fac_estado, tra_id) VALUES (41, 'pattern', '1996-06-19', '1995-02-05', '1994-06-01', 0, 41);
INSERT INTO factura (fac_id, fac_proveedor, fac_fecha_emision, fac_fecha_pago, fac_creacion, fac_estado, tra_id) VALUES (42, 'base', '2015-03-27', '2024-03-22', '1974-05-30', 1, 42);
INSERT INTO factura (fac_id, fac_proveedor, fac_fecha_emision, fac_fecha_pago, fac_creacion, fac_estado, tra_id) VALUES (43, 'treatment', '1996-12-03', '2002-05-24', '1994-05-24', 0, 43);
INSERT INTO factura (fac_id, fac_proveedor, fac_fecha_emision, fac_fecha_pago, fac_creacion, fac_estado, tra_id) VALUES (44, 'radio', '1990-10-13', '2022-09-10', '1980-12-28', 1, 44);
INSERT INTO factura (fac_id, fac_proveedor, fac_fecha_emision, fac_fecha_pago, fac_creacion, fac_estado, tra_id) VALUES (45, 'available', '2007-04-12', '2012-10-12', '1986-10-02', 0, 45);
INSERT INTO factura (fac_id, fac_proveedor, fac_fecha_emision, fac_fecha_pago, fac_creacion, fac_estado, tra_id) VALUES (46, 'scientist', '2008-09-02', '1980-03-02', '1975-08-31', 0, 46);
INSERT INTO factura (fac_id, fac_proveedor, fac_fecha_emision, fac_fecha_pago, fac_creacion, fac_estado, tra_id) VALUES (47, 'production', '1977-03-24', '2019-12-14', '2008-05-09', 0, 47);
INSERT INTO factura (fac_id, fac_proveedor, fac_fecha_emision, fac_fecha_pago, fac_creacion, fac_estado, tra_id) VALUES (48, 'parent', '2018-11-09', '1992-02-03', '1994-05-18', 1, 48);
INSERT INTO factura (fac_id, fac_proveedor, fac_fecha_emision, fac_fecha_pago, fac_creacion, fac_estado, tra_id) VALUES (49, 'item', '2024-06-12', '2015-06-30', '2017-10-02', 1, 49);
INSERT INTO factura (fac_id, fac_proveedor, fac_fecha_emision, fac_fecha_pago, fac_creacion, fac_estado, tra_id) VALUES (50, 'discuss', '2008-02-16', '1994-03-21', '1998-08-20', 0, 50);
INSERT INTO factura (fac_id, fac_proveedor, fac_fecha_emision, fac_fecha_pago, fac_creacion, fac_estado, tra_id) VALUES (51, 'fast', '1986-04-30', '2003-12-03', '1977-09-16', 0, 51);
INSERT INTO factura (fac_id, fac_proveedor, fac_fecha_emision, fac_fecha_pago, fac_creacion, fac_estado, tra_id) VALUES (52, 'generation', '1995-09-30', '1998-01-29', '1974-07-22', 0, 52);
INSERT INTO factura (fac_id, fac_proveedor, fac_fecha_emision, fac_fecha_pago, fac_creacion, fac_estado, tra_id) VALUES (53, 'see', '1974-03-14', '1977-03-01', '1992-09-02', 0, 53);
INSERT INTO factura (fac_id, fac_proveedor, fac_fecha_emision, fac_fecha_pago, fac_creacion, fac_estado, tra_id) VALUES (54, 'year', '2017-01-16', '1984-08-19', '2018-01-23', 0, 54);
INSERT INTO factura (fac_id, fac_proveedor, fac_fecha_emision, fac_fecha_pago, fac_creacion, fac_estado, tra_id) VALUES (55, 'probably', '1999-07-16', '1972-03-02', '2008-10-30', 0, 55);
INSERT INTO factura (fac_id, fac_proveedor, fac_fecha_emision, fac_fecha_pago, fac_creacion, fac_estado, tra_id) VALUES (56, 'reveal', '1972-01-04', '2016-05-19', '1970-06-28', 0, 56);
INSERT INTO factura (fac_id, fac_proveedor, fac_fecha_emision, fac_fecha_pago, fac_creacion, fac_estado, tra_id) VALUES (57, 'visit', '1982-11-11', '1995-05-30', '2007-06-16', 1, 57);
INSERT INTO factura (fac_id, fac_proveedor, fac_fecha_emision, fac_fecha_pago, fac_creacion, fac_estado, tra_id) VALUES (58, 'think', '2016-02-28', '1971-07-03', '1995-09-27', 0, 58);
INSERT INTO factura (fac_id, fac_proveedor, fac_fecha_emision, fac_fecha_pago, fac_creacion, fac_estado, tra_id) VALUES (59, 'per', '1985-06-14', '2016-12-09', '1991-09-26', 1, 59);
INSERT INTO factura (fac_id, fac_proveedor, fac_fecha_emision, fac_fecha_pago, fac_creacion, fac_estado, tra_id) VALUES (60, 'treat', '2010-06-03', '1972-11-23', '2016-10-10', 1, 60);
INSERT INTO factura (fac_id, fac_proveedor, fac_fecha_emision, fac_fecha_pago, fac_creacion, fac_estado, tra_id) VALUES (61, 'under', '1975-02-27', '1977-02-20', '2006-04-25', 1, 61);
INSERT INTO factura (fac_id, fac_proveedor, fac_fecha_emision, fac_fecha_pago, fac_creacion, fac_estado, tra_id) VALUES (62, 'image', '2000-10-14', '1993-12-29', '2003-05-31', 1, 62);
INSERT INTO factura (fac_id, fac_proveedor, fac_fecha_emision, fac_fecha_pago, fac_creacion, fac_estado, tra_id) VALUES (63, 'them', '2010-04-09', '1998-11-25', '1987-01-23', 1, 63);
INSERT INTO factura (fac_id, fac_proveedor, fac_fecha_emision, fac_fecha_pago, fac_creacion, fac_estado, tra_id) VALUES (64, 'central', '2011-11-16', '2021-01-25', '1972-03-25', 0, 64);
INSERT INTO factura (fac_id, fac_proveedor, fac_fecha_emision, fac_fecha_pago, fac_creacion, fac_estado, tra_id) VALUES (65, 'cold', '2015-12-08', '2019-02-23', '1983-12-03', 0, 65);
INSERT INTO factura (fac_id, fac_proveedor, fac_fecha_emision, fac_fecha_pago, fac_creacion, fac_estado, tra_id) VALUES (66, 'couple', '1978-01-19', '2017-07-25', '2012-06-17', 1, 66);
INSERT INTO factura (fac_id, fac_proveedor, fac_fecha_emision, fac_fecha_pago, fac_creacion, fac_estado, tra_id) VALUES (67, 'look', '1983-05-30', '1992-06-24', '2000-02-22', 1, 67);
INSERT INTO factura (fac_id, fac_proveedor, fac_fecha_emision, fac_fecha_pago, fac_creacion, fac_estado, tra_id) VALUES (68, 'teach', '1985-02-17', '2006-06-30', '1974-04-05', 0, 68);
INSERT INTO factura (fac_id, fac_proveedor, fac_fecha_emision, fac_fecha_pago, fac_creacion, fac_estado, tra_id) VALUES (69, 'seem', '1996-04-26', '2007-07-18', '1989-08-23', 0, 69);
INSERT INTO factura (fac_id, fac_proveedor, fac_fecha_emision, fac_fecha_pago, fac_creacion, fac_estado, tra_id) VALUES (70, 'imagine', '2023-08-29', '1971-11-23', '2019-10-22', 1, 70);
INSERT INTO factura (fac_id, fac_proveedor, fac_fecha_emision, fac_fecha_pago, fac_creacion, fac_estado, tra_id) VALUES (71, 'business', '1988-03-20', '2001-02-24', '1986-12-31', 0, 71);
INSERT INTO factura (fac_id, fac_proveedor, fac_fecha_emision, fac_fecha_pago, fac_creacion, fac_estado, tra_id) VALUES (72, 'one', '2018-06-07', '2014-04-15', '2023-09-27', 1, 72);
INSERT INTO factura (fac_id, fac_proveedor, fac_fecha_emision, fac_fecha_pago, fac_creacion, fac_estado, tra_id) VALUES (73, 'get', '2020-06-07', '1970-10-08', '1983-05-16', 1, 73);
INSERT INTO factura (fac_id, fac_proveedor, fac_fecha_emision, fac_fecha_pago, fac_creacion, fac_estado, tra_id) VALUES (74, 'goal', '1970-04-13', '2002-09-02', '1987-12-12', 0, 74);
INSERT INTO factura (fac_id, fac_proveedor, fac_fecha_emision, fac_fecha_pago, fac_creacion, fac_estado, tra_id) VALUES (75, 'use', '1987-03-28', '2016-07-02', '1996-12-21', 0, 75);
INSERT INTO factura (fac_id, fac_proveedor, fac_fecha_emision, fac_fecha_pago, fac_creacion, fac_estado, tra_id) VALUES (76, 'where', '2007-07-09', '1984-03-23', '2010-01-29', 0, 76);
INSERT INTO factura (fac_id, fac_proveedor, fac_fecha_emision, fac_fecha_pago, fac_creacion, fac_estado, tra_id) VALUES (77, 'such', '1977-12-01', '2011-05-21', '1978-04-01', 1, 77);
INSERT INTO factura (fac_id, fac_proveedor, fac_fecha_emision, fac_fecha_pago, fac_creacion, fac_estado, tra_id) VALUES (78, 'force', '2009-08-09', '1994-12-04', '1989-01-31', 0, 78);
INSERT INTO factura (fac_id, fac_proveedor, fac_fecha_emision, fac_fecha_pago, fac_creacion, fac_estado, tra_id) VALUES (79, 'culture', '2010-04-01', '2023-02-13', '2012-06-29', 0, 79);
INSERT INTO factura (fac_id, fac_proveedor, fac_fecha_emision, fac_fecha_pago, fac_creacion, fac_estado, tra_id) VALUES (80, 'arm', '2011-02-12', '1997-07-11', '1993-08-18', 0, 80);
INSERT INTO factura (fac_id, fac_proveedor, fac_fecha_emision, fac_fecha_pago, fac_creacion, fac_estado, tra_id) VALUES (81, 'become', '1979-09-29', '1982-04-18', '2021-04-05', 1, 81);
INSERT INTO factura (fac_id, fac_proveedor, fac_fecha_emision, fac_fecha_pago, fac_creacion, fac_estado, tra_id) VALUES (82, 'be', '1983-03-13', '2005-08-05', '1994-10-05', 0, 82);
INSERT INTO factura (fac_id, fac_proveedor, fac_fecha_emision, fac_fecha_pago, fac_creacion, fac_estado, tra_id) VALUES (83, 'very', '2013-12-06', '1997-04-16', '1999-02-07', 1, 83);
INSERT INTO factura (fac_id, fac_proveedor, fac_fecha_emision, fac_fecha_pago, fac_creacion, fac_estado, tra_id) VALUES (84, 'suggest', '1984-07-16', '1987-11-21', '2005-10-31', 1, 84);
INSERT INTO factura (fac_id, fac_proveedor, fac_fecha_emision, fac_fecha_pago, fac_creacion, fac_estado, tra_id) VALUES (85, 'teach', '1983-09-26', '2018-09-19', '2013-01-18', 0, 85);
INSERT INTO factura (fac_id, fac_proveedor, fac_fecha_emision, fac_fecha_pago, fac_creacion, fac_estado, tra_id) VALUES (86, 'dark', '1975-08-18', '1995-12-09', '2018-10-18', 1, 86);
INSERT INTO factura (fac_id, fac_proveedor, fac_fecha_emision, fac_fecha_pago, fac_creacion, fac_estado, tra_id) VALUES (87, 'else', '1976-11-11', '1998-11-25', '2020-12-07', 0, 87);
INSERT INTO factura (fac_id, fac_proveedor, fac_fecha_emision, fac_fecha_pago, fac_creacion, fac_estado, tra_id) VALUES (88, 'forward', '1995-03-09', '1986-03-25', '1972-05-08', 1, 88);
INSERT INTO factura (fac_id, fac_proveedor, fac_fecha_emision, fac_fecha_pago, fac_creacion, fac_estado, tra_id) VALUES (89, 'tend', '1995-05-12', '1972-06-07', '1984-01-02', 1, 89);
INSERT INTO factura (fac_id, fac_proveedor, fac_fecha_emision, fac_fecha_pago, fac_creacion, fac_estado, tra_id) VALUES (90, 'institution', '1988-12-09', '2004-04-07', '1999-05-14', 1, 90);
INSERT INTO factura (fac_id, fac_proveedor, fac_fecha_emision, fac_fecha_pago, fac_creacion, fac_estado, tra_id) VALUES (91, 'weight', '2022-12-30', '1979-07-31', '1989-09-20', 0, 91);
INSERT INTO factura (fac_id, fac_proveedor, fac_fecha_emision, fac_fecha_pago, fac_creacion, fac_estado, tra_id) VALUES (92, 'energy', '1996-11-02', '1983-04-22', '1975-04-09', 0, 92);
INSERT INTO factura (fac_id, fac_proveedor, fac_fecha_emision, fac_fecha_pago, fac_creacion, fac_estado, tra_id) VALUES (93, 'road', '2007-05-15', '1971-11-28', '2014-09-15', 0, 93);
INSERT INTO factura (fac_id, fac_proveedor, fac_fecha_emision, fac_fecha_pago, fac_creacion, fac_estado, tra_id) VALUES (94, 'produce', '1988-10-15', '1977-03-06', '1972-09-21', 1, 94);
INSERT INTO factura (fac_id, fac_proveedor, fac_fecha_emision, fac_fecha_pago, fac_creacion, fac_estado, tra_id) VALUES (95, 'drive', '1977-10-11', '1982-03-06', '1983-09-13', 0, 95);
INSERT INTO factura (fac_id, fac_proveedor, fac_fecha_emision, fac_fecha_pago, fac_creacion, fac_estado, tra_id) VALUES (96, 'long', '2010-10-07', '1981-10-23', '2004-05-01', 1, 96);
INSERT INTO factura (fac_id, fac_proveedor, fac_fecha_emision, fac_fecha_pago, fac_creacion, fac_estado, tra_id) VALUES (97, 'cut', '2020-04-25', '1973-08-31', '2016-03-30', 0, 97);
INSERT INTO factura (fac_id, fac_proveedor, fac_fecha_emision, fac_fecha_pago, fac_creacion, fac_estado, tra_id) VALUES (98, 'night', '1974-02-19', '2001-11-07', '2020-04-05', 0, 98);
INSERT INTO factura (fac_id, fac_proveedor, fac_fecha_emision, fac_fecha_pago, fac_creacion, fac_estado, tra_id) VALUES (99, 'today', '1988-06-08', '1978-06-05', '2000-07-14', 1, 99);
INSERT INTO factura (fac_id, fac_proveedor, fac_fecha_emision, fac_fecha_pago, fac_creacion, fac_estado, tra_id) VALUES (100, 'exactly', '2008-11-08', '1980-07-12', '1977-05-13', 1, 100);
INSERT INTO presupuesto (pre_id, pre_anio, pre_monto_total, pre_creacion, pre_estado, con_id) VALUES (1, 24, 93.66, '2004-10-15', 0, 1);
INSERT INTO presupuesto (pre_id, pre_anio, pre_monto_total, pre_creacion, pre_estado, con_id) VALUES (2, 71, 56.15, '2008-03-12', 0, 2);
INSERT INTO presupuesto (pre_id, pre_anio, pre_monto_total, pre_creacion, pre_estado, con_id) VALUES (3, 17, 65.62, '1992-08-23', 1, 3);
INSERT INTO presupuesto (pre_id, pre_anio, pre_monto_total, pre_creacion, pre_estado, con_id) VALUES (4, 79, 66.35, '1981-06-16', 1, 4);
INSERT INTO presupuesto (pre_id, pre_anio, pre_monto_total, pre_creacion, pre_estado, con_id) VALUES (5, 46, 60.28, '2015-10-10', 0, 5);
INSERT INTO presupuesto (pre_id, pre_anio, pre_monto_total, pre_creacion, pre_estado, con_id) VALUES (6, 17, 91.95, '1978-10-15', 1, 6);
INSERT INTO presupuesto (pre_id, pre_anio, pre_monto_total, pre_creacion, pre_estado, con_id) VALUES (7, 51, 14.57, '1976-11-13', 0, 7);
INSERT INTO presupuesto (pre_id, pre_anio, pre_monto_total, pre_creacion, pre_estado, con_id) VALUES (8, 57, 35.41, '1982-10-27', 1, 8);
INSERT INTO presupuesto (pre_id, pre_anio, pre_monto_total, pre_creacion, pre_estado, con_id) VALUES (9, 99, 49.64, '2015-12-31', 1, 9);
INSERT INTO presupuesto (pre_id, pre_anio, pre_monto_total, pre_creacion, pre_estado, con_id) VALUES (10, 10, 9.41, '1992-10-21', 1, 10);
INSERT INTO presupuesto (pre_id, pre_anio, pre_monto_total, pre_creacion, pre_estado, con_id) VALUES (11, 56, 99.29, '2002-03-21', 1, 11);
INSERT INTO presupuesto (pre_id, pre_anio, pre_monto_total, pre_creacion, pre_estado, con_id) VALUES (12, 30, 62.58, '1999-01-31', 1, 12);
INSERT INTO presupuesto (pre_id, pre_anio, pre_monto_total, pre_creacion, pre_estado, con_id) VALUES (13, 100, 97.75, '2014-05-08', 1, 13);
INSERT INTO presupuesto (pre_id, pre_anio, pre_monto_total, pre_creacion, pre_estado, con_id) VALUES (14, 76, 37.96, '1985-04-20', 0, 14);
INSERT INTO presupuesto (pre_id, pre_anio, pre_monto_total, pre_creacion, pre_estado, con_id) VALUES (15, 42, 76.43, '1972-12-17', 0, 15);
INSERT INTO presupuesto (pre_id, pre_anio, pre_monto_total, pre_creacion, pre_estado, con_id) VALUES (16, 96, 61.66, '1972-12-02', 1, 16);
INSERT INTO presupuesto (pre_id, pre_anio, pre_monto_total, pre_creacion, pre_estado, con_id) VALUES (17, 95, 91.07, '2009-03-26', 1, 17);
INSERT INTO presupuesto (pre_id, pre_anio, pre_monto_total, pre_creacion, pre_estado, con_id) VALUES (18, 73, 50.88, '1984-01-31', 0, 18);
INSERT INTO presupuesto (pre_id, pre_anio, pre_monto_total, pre_creacion, pre_estado, con_id) VALUES (19, 87, 6.37, '2005-09-14', 1, 19);
INSERT INTO presupuesto (pre_id, pre_anio, pre_monto_total, pre_creacion, pre_estado, con_id) VALUES (20, 60, 24.19, '2010-04-05', 0, 20);
INSERT INTO presupuesto (pre_id, pre_anio, pre_monto_total, pre_creacion, pre_estado, con_id) VALUES (21, 47, 4.42, '2011-05-11', 1, 21);
INSERT INTO presupuesto (pre_id, pre_anio, pre_monto_total, pre_creacion, pre_estado, con_id) VALUES (22, 50, 94.64, '1973-12-14', 1, 22);
INSERT INTO presupuesto (pre_id, pre_anio, pre_monto_total, pre_creacion, pre_estado, con_id) VALUES (23, 43, 58.89, '2005-03-29', 0, 23);
INSERT INTO presupuesto (pre_id, pre_anio, pre_monto_total, pre_creacion, pre_estado, con_id) VALUES (24, 18, 13.26, '2021-05-24', 0, 24);
INSERT INTO presupuesto (pre_id, pre_anio, pre_monto_total, pre_creacion, pre_estado, con_id) VALUES (25, 99, 98.89, '1974-06-13', 1, 25);
INSERT INTO presupuesto (pre_id, pre_anio, pre_monto_total, pre_creacion, pre_estado, con_id) VALUES (26, 3, 37.95, '1972-03-24', 0, 26);
INSERT INTO presupuesto (pre_id, pre_anio, pre_monto_total, pre_creacion, pre_estado, con_id) VALUES (27, 95, 86.71, '1992-02-29', 0, 27);
INSERT INTO presupuesto (pre_id, pre_anio, pre_monto_total, pre_creacion, pre_estado, con_id) VALUES (28, 6, 2.14, '2021-04-22', 1, 28);
INSERT INTO presupuesto (pre_id, pre_anio, pre_monto_total, pre_creacion, pre_estado, con_id) VALUES (29, 73, 83.59, '2013-05-31', 0, 29);
INSERT INTO presupuesto (pre_id, pre_anio, pre_monto_total, pre_creacion, pre_estado, con_id) VALUES (30, 30, 5.3, '1976-04-04', 0, 30);
INSERT INTO presupuesto (pre_id, pre_anio, pre_monto_total, pre_creacion, pre_estado, con_id) VALUES (31, 47, 22.87, '1974-02-22', 1, 31);
INSERT INTO presupuesto (pre_id, pre_anio, pre_monto_total, pre_creacion, pre_estado, con_id) VALUES (32, 39, 1.52, '1975-10-12', 0, 32);
INSERT INTO presupuesto (pre_id, pre_anio, pre_monto_total, pre_creacion, pre_estado, con_id) VALUES (33, 60, 57.64, '2005-06-03', 1, 33);
INSERT INTO presupuesto (pre_id, pre_anio, pre_monto_total, pre_creacion, pre_estado, con_id) VALUES (34, 31, 19.0, '2009-03-23', 0, 34);
INSERT INTO presupuesto (pre_id, pre_anio, pre_monto_total, pre_creacion, pre_estado, con_id) VALUES (35, 81, 68.75, '1971-06-14', 1, 35);
INSERT INTO presupuesto (pre_id, pre_anio, pre_monto_total, pre_creacion, pre_estado, con_id) VALUES (36, 44, 48.54, '1975-09-29', 0, 36);
INSERT INTO presupuesto (pre_id, pre_anio, pre_monto_total, pre_creacion, pre_estado, con_id) VALUES (37, 49, 73.84, '1990-07-01', 0, 37);
INSERT INTO presupuesto (pre_id, pre_anio, pre_monto_total, pre_creacion, pre_estado, con_id) VALUES (38, 62, 14.63, '2003-04-28', 1, 38);
INSERT INTO presupuesto (pre_id, pre_anio, pre_monto_total, pre_creacion, pre_estado, con_id) VALUES (39, 2, 54.78, '2014-10-04', 1, 39);
INSERT INTO presupuesto (pre_id, pre_anio, pre_monto_total, pre_creacion, pre_estado, con_id) VALUES (40, 87, 40.62, '2017-10-28', 0, 40);
INSERT INTO presupuesto (pre_id, pre_anio, pre_monto_total, pre_creacion, pre_estado, con_id) VALUES (41, 19, 42.74, '2007-10-01', 0, 41);
INSERT INTO presupuesto (pre_id, pre_anio, pre_monto_total, pre_creacion, pre_estado, con_id) VALUES (42, 91, 32.88, '2009-07-14', 0, 42);
INSERT INTO presupuesto (pre_id, pre_anio, pre_monto_total, pre_creacion, pre_estado, con_id) VALUES (43, 27, 68.52, '1983-05-06', 0, 43);
INSERT INTO presupuesto (pre_id, pre_anio, pre_monto_total, pre_creacion, pre_estado, con_id) VALUES (44, 52, 94.01, '2015-12-26', 0, 44);
INSERT INTO presupuesto (pre_id, pre_anio, pre_monto_total, pre_creacion, pre_estado, con_id) VALUES (45, 87, 76.83, '1995-03-12', 1, 45);
INSERT INTO presupuesto (pre_id, pre_anio, pre_monto_total, pre_creacion, pre_estado, con_id) VALUES (46, 70, 34.52, '1970-06-27', 0, 46);
INSERT INTO presupuesto (pre_id, pre_anio, pre_monto_total, pre_creacion, pre_estado, con_id) VALUES (47, 89, 45.21, '1970-06-07', 0, 47);
INSERT INTO presupuesto (pre_id, pre_anio, pre_monto_total, pre_creacion, pre_estado, con_id) VALUES (48, 100, 77.06, '1979-04-24', 1, 48);
INSERT INTO presupuesto (pre_id, pre_anio, pre_monto_total, pre_creacion, pre_estado, con_id) VALUES (49, 79, 69.87, '1994-02-19', 1, 49);
INSERT INTO presupuesto (pre_id, pre_anio, pre_monto_total, pre_creacion, pre_estado, con_id) VALUES (50, 33, 60.0, '2023-04-26', 1, 50);
INSERT INTO presupuesto (pre_id, pre_anio, pre_monto_total, pre_creacion, pre_estado, con_id) VALUES (51, 74, 70.19, '1974-10-23', 1, 51);
INSERT INTO presupuesto (pre_id, pre_anio, pre_monto_total, pre_creacion, pre_estado, con_id) VALUES (52, 34, 68.09, '1990-07-25', 0, 52);
INSERT INTO presupuesto (pre_id, pre_anio, pre_monto_total, pre_creacion, pre_estado, con_id) VALUES (53, 69, 84.98, '2015-05-27', 0, 53);
INSERT INTO presupuesto (pre_id, pre_anio, pre_monto_total, pre_creacion, pre_estado, con_id) VALUES (54, 78, 17.34, '2008-03-29', 1, 54);
INSERT INTO presupuesto (pre_id, pre_anio, pre_monto_total, pre_creacion, pre_estado, con_id) VALUES (55, 39, 31.44, '2009-10-29', 0, 55);
INSERT INTO presupuesto (pre_id, pre_anio, pre_monto_total, pre_creacion, pre_estado, con_id) VALUES (56, 21, 13.24, '2023-10-10', 1, 56);
INSERT INTO presupuesto (pre_id, pre_anio, pre_monto_total, pre_creacion, pre_estado, con_id) VALUES (57, 30, 5.33, '1990-11-21', 0, 57);
INSERT INTO presupuesto (pre_id, pre_anio, pre_monto_total, pre_creacion, pre_estado, con_id) VALUES (58, 33, 31.77, '1990-05-08', 0, 58);
INSERT INTO presupuesto (pre_id, pre_anio, pre_monto_total, pre_creacion, pre_estado, con_id) VALUES (59, 99, 70.66, '2001-01-07', 1, 59);
INSERT INTO presupuesto (pre_id, pre_anio, pre_monto_total, pre_creacion, pre_estado, con_id) VALUES (60, 83, 99.09, '2006-10-04', 0, 60);
INSERT INTO presupuesto (pre_id, pre_anio, pre_monto_total, pre_creacion, pre_estado, con_id) VALUES (61, 35, 88.05, '1974-09-19', 1, 61);
INSERT INTO presupuesto (pre_id, pre_anio, pre_monto_total, pre_creacion, pre_estado, con_id) VALUES (62, 56, 12.46, '2018-04-20', 0, 62);
INSERT INTO presupuesto (pre_id, pre_anio, pre_monto_total, pre_creacion, pre_estado, con_id) VALUES (63, 39, 46.17, '2010-07-02', 0, 63);
INSERT INTO presupuesto (pre_id, pre_anio, pre_monto_total, pre_creacion, pre_estado, con_id) VALUES (64, 78, 51.62, '2016-01-30', 0, 64);
INSERT INTO presupuesto (pre_id, pre_anio, pre_monto_total, pre_creacion, pre_estado, con_id) VALUES (65, 1, 89.26, '2005-02-17', 0, 65);
INSERT INTO presupuesto (pre_id, pre_anio, pre_monto_total, pre_creacion, pre_estado, con_id) VALUES (66, 63, 36.65, '1971-01-06', 1, 66);
INSERT INTO presupuesto (pre_id, pre_anio, pre_monto_total, pre_creacion, pre_estado, con_id) VALUES (67, 24, 10.03, '2023-11-16', 1, 67);
INSERT INTO presupuesto (pre_id, pre_anio, pre_monto_total, pre_creacion, pre_estado, con_id) VALUES (68, 70, 24.23, '1992-01-12', 1, 68);
INSERT INTO presupuesto (pre_id, pre_anio, pre_monto_total, pre_creacion, pre_estado, con_id) VALUES (69, 20, 27.55, '1974-05-25', 1, 69);
INSERT INTO presupuesto (pre_id, pre_anio, pre_monto_total, pre_creacion, pre_estado, con_id) VALUES (70, 76, 30.6, '1996-07-05', 0, 70);
INSERT INTO presupuesto (pre_id, pre_anio, pre_monto_total, pre_creacion, pre_estado, con_id) VALUES (71, 55, 45.9, '1974-12-28', 0, 71);
INSERT INTO presupuesto (pre_id, pre_anio, pre_monto_total, pre_creacion, pre_estado, con_id) VALUES (72, 18, 20.32, '1990-02-07', 0, 72);
INSERT INTO presupuesto (pre_id, pre_anio, pre_monto_total, pre_creacion, pre_estado, con_id) VALUES (73, 91, 13.07, '2013-11-06', 1, 73);
INSERT INTO presupuesto (pre_id, pre_anio, pre_monto_total, pre_creacion, pre_estado, con_id) VALUES (74, 65, 33.14, '1987-03-15', 0, 74);
INSERT INTO presupuesto (pre_id, pre_anio, pre_monto_total, pre_creacion, pre_estado, con_id) VALUES (75, 86, 27.31, '1993-07-29', 0, 75);
INSERT INTO presupuesto (pre_id, pre_anio, pre_monto_total, pre_creacion, pre_estado, con_id) VALUES (76, 33, 84.75, '1973-10-09', 1, 76);
INSERT INTO presupuesto (pre_id, pre_anio, pre_monto_total, pre_creacion, pre_estado, con_id) VALUES (77, 5, 12.59, '1980-05-22', 1, 77);
INSERT INTO presupuesto (pre_id, pre_anio, pre_monto_total, pre_creacion, pre_estado, con_id) VALUES (78, 28, 62.31, '1980-10-09', 1, 78);
INSERT INTO presupuesto (pre_id, pre_anio, pre_monto_total, pre_creacion, pre_estado, con_id) VALUES (79, 85, 48.16, '2007-12-25', 1, 79);
INSERT INTO presupuesto (pre_id, pre_anio, pre_monto_total, pre_creacion, pre_estado, con_id) VALUES (80, 73, 1.28, '2015-08-20', 0, 80);
INSERT INTO presupuesto (pre_id, pre_anio, pre_monto_total, pre_creacion, pre_estado, con_id) VALUES (81, 88, 19.95, '2002-12-28', 0, 81);
INSERT INTO presupuesto (pre_id, pre_anio, pre_monto_total, pre_creacion, pre_estado, con_id) VALUES (82, 99, 92.76, '2014-01-25', 1, 82);
INSERT INTO presupuesto (pre_id, pre_anio, pre_monto_total, pre_creacion, pre_estado, con_id) VALUES (83, 82, 48.14, '2001-07-02', 0, 83);
INSERT INTO presupuesto (pre_id, pre_anio, pre_monto_total, pre_creacion, pre_estado, con_id) VALUES (84, 39, 59.29, '1974-06-17', 0, 84);
INSERT INTO presupuesto (pre_id, pre_anio, pre_monto_total, pre_creacion, pre_estado, con_id) VALUES (85, 17, 21.53, '2008-09-13', 0, 85);
INSERT INTO presupuesto (pre_id, pre_anio, pre_monto_total, pre_creacion, pre_estado, con_id) VALUES (86, 58, 90.29, '2015-09-17', 0, 86);
INSERT INTO presupuesto (pre_id, pre_anio, pre_monto_total, pre_creacion, pre_estado, con_id) VALUES (87, 12, 96.98, '2012-02-19', 0, 87);
INSERT INTO presupuesto (pre_id, pre_anio, pre_monto_total, pre_creacion, pre_estado, con_id) VALUES (88, 66, 9.34, '1980-07-18', 1, 88);
INSERT INTO presupuesto (pre_id, pre_anio, pre_monto_total, pre_creacion, pre_estado, con_id) VALUES (89, 82, 54.81, '2001-06-08', 0, 89);
INSERT INTO presupuesto (pre_id, pre_anio, pre_monto_total, pre_creacion, pre_estado, con_id) VALUES (90, 3, 89.29, '2015-01-19', 1, 90);
INSERT INTO presupuesto (pre_id, pre_anio, pre_monto_total, pre_creacion, pre_estado, con_id) VALUES (91, 20, 33.11, '2006-11-13', 0, 91);
INSERT INTO presupuesto (pre_id, pre_anio, pre_monto_total, pre_creacion, pre_estado, con_id) VALUES (92, 55, 1.97, '2011-12-10', 1, 92);
INSERT INTO presupuesto (pre_id, pre_anio, pre_monto_total, pre_creacion, pre_estado, con_id) VALUES (93, 1, 97.44, '1981-01-07', 0, 93);
INSERT INTO presupuesto (pre_id, pre_anio, pre_monto_total, pre_creacion, pre_estado, con_id) VALUES (94, 27, 98.14, '1979-04-08', 0, 94);
INSERT INTO presupuesto (pre_id, pre_anio, pre_monto_total, pre_creacion, pre_estado, con_id) VALUES (95, 66, 78.67, '1992-03-08', 0, 95);
INSERT INTO presupuesto (pre_id, pre_anio, pre_monto_total, pre_creacion, pre_estado, con_id) VALUES (96, 62, 41.07, '2005-05-05', 1, 96);
INSERT INTO presupuesto (pre_id, pre_anio, pre_monto_total, pre_creacion, pre_estado, con_id) VALUES (97, 18, 78.88, '2010-01-14', 0, 97);
INSERT INTO presupuesto (pre_id, pre_anio, pre_monto_total, pre_creacion, pre_estado, con_id) VALUES (98, 2, 31.62, '2001-04-07', 0, 98);
INSERT INTO presupuesto (pre_id, pre_anio, pre_monto_total, pre_creacion, pre_estado, con_id) VALUES (99, 73, 52.9, '2016-01-03', 0, 99);
INSERT INTO presupuesto (pre_id, pre_anio, pre_monto_total, pre_creacion, pre_estado, con_id) VALUES (100, 89, 76.79, '1985-07-30', 0, 100);
INSERT INTO impuesto (imp_id, imp_tipo_impuesto, imp_periodo, imp_monto, imp_creacion, imp_estado, con_id) VALUES (1, 'I', 'make', 33.62, '1981-08-21', 1, 1);
INSERT INTO impuesto (imp_id, imp_tipo_impuesto, imp_periodo, imp_monto, imp_creacion, imp_estado, con_id) VALUES (2, 'ask', 'try', 7.53, '2007-01-11', 0, 2);
INSERT INTO impuesto (imp_id, imp_tipo_impuesto, imp_periodo, imp_monto, imp_creacion, imp_estado, con_id) VALUES (3, 'could', 'option', 27.58, '1979-02-27', 0, 3);
INSERT INTO impuesto (imp_id, imp_tipo_impuesto, imp_periodo, imp_monto, imp_creacion, imp_estado, con_id) VALUES (4, 'mission', 'page', 64.2, '2003-09-11', 1, 4);
INSERT INTO impuesto (imp_id, imp_tipo_impuesto, imp_periodo, imp_monto, imp_creacion, imp_estado, con_id) VALUES (5, 'center', 'sister', 73.88, '1999-07-11', 1, 5);
INSERT INTO impuesto (imp_id, imp_tipo_impuesto, imp_periodo, imp_monto, imp_creacion, imp_estado, con_id) VALUES (6, 'above', 'hit', 76.99, '1974-10-22', 1, 6);
INSERT INTO impuesto (imp_id, imp_tipo_impuesto, imp_periodo, imp_monto, imp_creacion, imp_estado, con_id) VALUES (7, 'officer', 'Republican', 11.68, '1979-03-13', 0, 7);
INSERT INTO impuesto (imp_id, imp_tipo_impuesto, imp_periodo, imp_monto, imp_creacion, imp_estado, con_id) VALUES (8, 'of', 'box', 94.05, '2013-02-10', 0, 8);
INSERT INTO impuesto (imp_id, imp_tipo_impuesto, imp_periodo, imp_monto, imp_creacion, imp_estado, con_id) VALUES (9, 'them', 'local', 37.12, '2000-12-27', 1, 9);
INSERT INTO impuesto (imp_id, imp_tipo_impuesto, imp_periodo, imp_monto, imp_creacion, imp_estado, con_id) VALUES (10, 'above', 'interesting', 84.61, '1998-03-11', 1, 10);
INSERT INTO impuesto (imp_id, imp_tipo_impuesto, imp_periodo, imp_monto, imp_creacion, imp_estado, con_id) VALUES (11, 'apply', 'detail', 52.39, '2023-06-16', 1, 11);
INSERT INTO impuesto (imp_id, imp_tipo_impuesto, imp_periodo, imp_monto, imp_creacion, imp_estado, con_id) VALUES (12, 'pass', 'although', 83.38, '1990-09-24', 1, 12);
INSERT INTO impuesto (imp_id, imp_tipo_impuesto, imp_periodo, imp_monto, imp_creacion, imp_estado, con_id) VALUES (13, 'include', 'require', 16.08, '1981-05-18', 1, 13);
INSERT INTO impuesto (imp_id, imp_tipo_impuesto, imp_periodo, imp_monto, imp_creacion, imp_estado, con_id) VALUES (14, 'fact', 'movie', 91.65, '1994-11-08', 0, 14);
INSERT INTO impuesto (imp_id, imp_tipo_impuesto, imp_periodo, imp_monto, imp_creacion, imp_estado, con_id) VALUES (15, 'president', 'staff', 36.3, '2015-02-03', 1, 15);
INSERT INTO impuesto (imp_id, imp_tipo_impuesto, imp_periodo, imp_monto, imp_creacion, imp_estado, con_id) VALUES (16, 'foot', 'account', 79.02, '2015-05-19', 0, 16);
INSERT INTO impuesto (imp_id, imp_tipo_impuesto, imp_periodo, imp_monto, imp_creacion, imp_estado, con_id) VALUES (17, 'edge', 'data', 98.3, '1985-08-03', 1, 17);
INSERT INTO impuesto (imp_id, imp_tipo_impuesto, imp_periodo, imp_monto, imp_creacion, imp_estado, con_id) VALUES (18, 'rock', 'loss', 90.94, '2001-03-16', 1, 18);
INSERT INTO impuesto (imp_id, imp_tipo_impuesto, imp_periodo, imp_monto, imp_creacion, imp_estado, con_id) VALUES (19, 'follow', 'whose', 41.29, '2007-04-25', 0, 19);
INSERT INTO impuesto (imp_id, imp_tipo_impuesto, imp_periodo, imp_monto, imp_creacion, imp_estado, con_id) VALUES (20, 'gun', 'camera', 79.04, '1970-10-06', 1, 20);
INSERT INTO impuesto (imp_id, imp_tipo_impuesto, imp_periodo, imp_monto, imp_creacion, imp_estado, con_id) VALUES (21, 'management', 'simple', 21.67, '1985-08-18', 0, 21);
INSERT INTO impuesto (imp_id, imp_tipo_impuesto, imp_periodo, imp_monto, imp_creacion, imp_estado, con_id) VALUES (22, 'thus', 'require', 14.55, '2023-11-19', 0, 22);
INSERT INTO impuesto (imp_id, imp_tipo_impuesto, imp_periodo, imp_monto, imp_creacion, imp_estado, con_id) VALUES (23, 'important', 'without', 63.98, '2009-02-25', 1, 23);
INSERT INTO impuesto (imp_id, imp_tipo_impuesto, imp_periodo, imp_monto, imp_creacion, imp_estado, con_id) VALUES (24, 'time', 'fish', 49.08, '2010-11-08', 1, 24);
INSERT INTO impuesto (imp_id, imp_tipo_impuesto, imp_periodo, imp_monto, imp_creacion, imp_estado, con_id) VALUES (25, 'product', 'them', 1.39, '1985-04-20', 1, 25);
INSERT INTO impuesto (imp_id, imp_tipo_impuesto, imp_periodo, imp_monto, imp_creacion, imp_estado, con_id) VALUES (26, 'candidate', 'official', 81.13, '2019-01-15', 1, 26);
INSERT INTO impuesto (imp_id, imp_tipo_impuesto, imp_periodo, imp_monto, imp_creacion, imp_estado, con_id) VALUES (27, 'real', 'help', 97.28, '1984-08-16', 0, 27);
INSERT INTO impuesto (imp_id, imp_tipo_impuesto, imp_periodo, imp_monto, imp_creacion, imp_estado, con_id) VALUES (28, 'late', 'nation', 27.71, '2003-01-16', 0, 28);
INSERT INTO impuesto (imp_id, imp_tipo_impuesto, imp_periodo, imp_monto, imp_creacion, imp_estado, con_id) VALUES (29, 'visit', 'smile', 71.62, '2011-04-03', 0, 29);
INSERT INTO impuesto (imp_id, imp_tipo_impuesto, imp_periodo, imp_monto, imp_creacion, imp_estado, con_id) VALUES (30, 'respond', 'us', 42.82, '2016-02-27', 0, 30);
INSERT INTO impuesto (imp_id, imp_tipo_impuesto, imp_periodo, imp_monto, imp_creacion, imp_estado, con_id) VALUES (31, 'manager', 'Mrs', 61.41, '2014-01-18', 0, 31);
INSERT INTO impuesto (imp_id, imp_tipo_impuesto, imp_periodo, imp_monto, imp_creacion, imp_estado, con_id) VALUES (32, 'size', 'agree', 41.9, '1984-10-30', 1, 32);
INSERT INTO impuesto (imp_id, imp_tipo_impuesto, imp_periodo, imp_monto, imp_creacion, imp_estado, con_id) VALUES (33, 'huge', 'foreign', 55.71, '1995-09-04', 1, 33);
INSERT INTO impuesto (imp_id, imp_tipo_impuesto, imp_periodo, imp_monto, imp_creacion, imp_estado, con_id) VALUES (34, 'notice', 'quickly', 65.99, '1972-01-03', 1, 34);
INSERT INTO impuesto (imp_id, imp_tipo_impuesto, imp_periodo, imp_monto, imp_creacion, imp_estado, con_id) VALUES (35, 'past', 'go', 45.61, '2006-05-10', 1, 35);
INSERT INTO impuesto (imp_id, imp_tipo_impuesto, imp_periodo, imp_monto, imp_creacion, imp_estado, con_id) VALUES (36, 'order', 'read', 73.42, '1994-05-25', 1, 36);
INSERT INTO impuesto (imp_id, imp_tipo_impuesto, imp_periodo, imp_monto, imp_creacion, imp_estado, con_id) VALUES (37, 'according', 'size', 19.55, '2007-01-26', 1, 37);
INSERT INTO impuesto (imp_id, imp_tipo_impuesto, imp_periodo, imp_monto, imp_creacion, imp_estado, con_id) VALUES (38, 'catch', 'increase', 59.23, '1976-08-07', 0, 38);
INSERT INTO impuesto (imp_id, imp_tipo_impuesto, imp_periodo, imp_monto, imp_creacion, imp_estado, con_id) VALUES (39, 'piece', 'heart', 12.16, '1977-03-04', 0, 39);
INSERT INTO impuesto (imp_id, imp_tipo_impuesto, imp_periodo, imp_monto, imp_creacion, imp_estado, con_id) VALUES (40, 'ahead', 'give', 78.02, '1993-10-31', 0, 40);
INSERT INTO impuesto (imp_id, imp_tipo_impuesto, imp_periodo, imp_monto, imp_creacion, imp_estado, con_id) VALUES (41, 'how', 'thing', 94.25, '1989-09-12', 1, 41);
INSERT INTO impuesto (imp_id, imp_tipo_impuesto, imp_periodo, imp_monto, imp_creacion, imp_estado, con_id) VALUES (42, 'agent', 'his', 65.51, '1981-08-22', 1, 42);
INSERT INTO impuesto (imp_id, imp_tipo_impuesto, imp_periodo, imp_monto, imp_creacion, imp_estado, con_id) VALUES (43, 'expect', 'our', 53.33, '2009-07-24', 0, 43);
INSERT INTO impuesto (imp_id, imp_tipo_impuesto, imp_periodo, imp_monto, imp_creacion, imp_estado, con_id) VALUES (44, 'significant', 'bring', 91.87, '1976-05-22', 1, 44);
INSERT INTO impuesto (imp_id, imp_tipo_impuesto, imp_periodo, imp_monto, imp_creacion, imp_estado, con_id) VALUES (45, 'fact', 'decision', 67.35, '1981-04-28', 0, 45);
INSERT INTO impuesto (imp_id, imp_tipo_impuesto, imp_periodo, imp_monto, imp_creacion, imp_estado, con_id) VALUES (46, 'science', 'however', 91.12, '1988-05-10', 1, 46);
INSERT INTO impuesto (imp_id, imp_tipo_impuesto, imp_periodo, imp_monto, imp_creacion, imp_estado, con_id) VALUES (47, 'someone', 'agent', 10.76, '1978-08-02', 1, 47);
INSERT INTO impuesto (imp_id, imp_tipo_impuesto, imp_periodo, imp_monto, imp_creacion, imp_estado, con_id) VALUES (48, 'discover', 'white', 13.4, '1999-11-01', 1, 48);
INSERT INTO impuesto (imp_id, imp_tipo_impuesto, imp_periodo, imp_monto, imp_creacion, imp_estado, con_id) VALUES (49, 'job', 'just', 8.09, '2018-01-24', 1, 49);
INSERT INTO impuesto (imp_id, imp_tipo_impuesto, imp_periodo, imp_monto, imp_creacion, imp_estado, con_id) VALUES (50, 'forget', 'cost', 88.74, '2016-12-14', 0, 50);
INSERT INTO impuesto (imp_id, imp_tipo_impuesto, imp_periodo, imp_monto, imp_creacion, imp_estado, con_id) VALUES (51, 'ok', 'project', 17.94, '1976-02-26', 1, 51);
INSERT INTO impuesto (imp_id, imp_tipo_impuesto, imp_periodo, imp_monto, imp_creacion, imp_estado, con_id) VALUES (52, 'quickly', 'degree', 50.95, '2014-05-10', 1, 52);
INSERT INTO impuesto (imp_id, imp_tipo_impuesto, imp_periodo, imp_monto, imp_creacion, imp_estado, con_id) VALUES (53, 'fast', 'degree', 63.6, '1977-02-28', 1, 53);
INSERT INTO impuesto (imp_id, imp_tipo_impuesto, imp_periodo, imp_monto, imp_creacion, imp_estado, con_id) VALUES (54, 'face', 'one', 54.54, '1970-07-01', 1, 54);
INSERT INTO impuesto (imp_id, imp_tipo_impuesto, imp_periodo, imp_monto, imp_creacion, imp_estado, con_id) VALUES (55, 'like', 'same', 85.78, '2014-08-19', 1, 55);
INSERT INTO impuesto (imp_id, imp_tipo_impuesto, imp_periodo, imp_monto, imp_creacion, imp_estado, con_id) VALUES (56, 'rich', 'once', 91.24, '1996-10-05', 1, 56);
INSERT INTO impuesto (imp_id, imp_tipo_impuesto, imp_periodo, imp_monto, imp_creacion, imp_estado, con_id) VALUES (57, 'themselves', 'machine', 46.94, '1993-11-02', 0, 57);
INSERT INTO impuesto (imp_id, imp_tipo_impuesto, imp_periodo, imp_monto, imp_creacion, imp_estado, con_id) VALUES (58, 'indeed', 'because', 10.64, '1993-11-15', 0, 58);
INSERT INTO impuesto (imp_id, imp_tipo_impuesto, imp_periodo, imp_monto, imp_creacion, imp_estado, con_id) VALUES (59, 'stand', 'least', 78.55, '2015-08-11', 1, 59);
INSERT INTO impuesto (imp_id, imp_tipo_impuesto, imp_periodo, imp_monto, imp_creacion, imp_estado, con_id) VALUES (60, 'event', 'especially', 50.72, '1994-12-02', 1, 60);
INSERT INTO impuesto (imp_id, imp_tipo_impuesto, imp_periodo, imp_monto, imp_creacion, imp_estado, con_id) VALUES (61, 'rule', 'partner', 31.29, '1990-03-03', 1, 61);
INSERT INTO impuesto (imp_id, imp_tipo_impuesto, imp_periodo, imp_monto, imp_creacion, imp_estado, con_id) VALUES (62, 'read', 'condition', 86.09, '2005-01-11', 1, 62);
INSERT INTO impuesto (imp_id, imp_tipo_impuesto, imp_periodo, imp_monto, imp_creacion, imp_estado, con_id) VALUES (63, 'entire', 'top', 66.19, '1996-02-09', 0, 63);
INSERT INTO impuesto (imp_id, imp_tipo_impuesto, imp_periodo, imp_monto, imp_creacion, imp_estado, con_id) VALUES (64, 'customer', 'movie', 27.46, '2007-07-17', 0, 64);
INSERT INTO impuesto (imp_id, imp_tipo_impuesto, imp_periodo, imp_monto, imp_creacion, imp_estado, con_id) VALUES (65, 'degree', 'poor', 30.66, '1979-01-09', 0, 65);
INSERT INTO impuesto (imp_id, imp_tipo_impuesto, imp_periodo, imp_monto, imp_creacion, imp_estado, con_id) VALUES (66, 'evening', 'sister', 94.25, '1996-01-22', 1, 66);
INSERT INTO impuesto (imp_id, imp_tipo_impuesto, imp_periodo, imp_monto, imp_creacion, imp_estado, con_id) VALUES (67, 'crime', 'would', 87.29, '1996-05-22', 0, 67);
INSERT INTO impuesto (imp_id, imp_tipo_impuesto, imp_periodo, imp_monto, imp_creacion, imp_estado, con_id) VALUES (68, 'especially', 'herself', 59.74, '2012-05-01', 1, 68);
INSERT INTO impuesto (imp_id, imp_tipo_impuesto, imp_periodo, imp_monto, imp_creacion, imp_estado, con_id) VALUES (69, 'difficult', 'region', 95.34, '1974-12-03', 1, 69);
INSERT INTO impuesto (imp_id, imp_tipo_impuesto, imp_periodo, imp_monto, imp_creacion, imp_estado, con_id) VALUES (70, 'seat', 'article', 46.76, '2016-08-19', 0, 70);
INSERT INTO impuesto (imp_id, imp_tipo_impuesto, imp_periodo, imp_monto, imp_creacion, imp_estado, con_id) VALUES (71, 'hit', 'really', 52.86, '2001-12-03', 1, 71);
INSERT INTO impuesto (imp_id, imp_tipo_impuesto, imp_periodo, imp_monto, imp_creacion, imp_estado, con_id) VALUES (72, 'window', 'one', 58.69, '2015-06-04', 1, 72);
INSERT INTO impuesto (imp_id, imp_tipo_impuesto, imp_periodo, imp_monto, imp_creacion, imp_estado, con_id) VALUES (73, 'scientist', 'mother', 62.9, '2004-01-21', 1, 73);
INSERT INTO impuesto (imp_id, imp_tipo_impuesto, imp_periodo, imp_monto, imp_creacion, imp_estado, con_id) VALUES (74, 'school', 'quality', 51.44, '1997-11-11', 1, 74);
INSERT INTO impuesto (imp_id, imp_tipo_impuesto, imp_periodo, imp_monto, imp_creacion, imp_estado, con_id) VALUES (75, 'under', 'great', 16.73, '1975-08-18', 1, 75);
INSERT INTO impuesto (imp_id, imp_tipo_impuesto, imp_periodo, imp_monto, imp_creacion, imp_estado, con_id) VALUES (76, 'end', 'reality', 57.09, '2002-10-25', 0, 76);
INSERT INTO impuesto (imp_id, imp_tipo_impuesto, imp_periodo, imp_monto, imp_creacion, imp_estado, con_id) VALUES (77, 'race', 'baby', 71.49, '2012-06-14', 0, 77);
INSERT INTO impuesto (imp_id, imp_tipo_impuesto, imp_periodo, imp_monto, imp_creacion, imp_estado, con_id) VALUES (78, 'budget', 'picture', 60.37, '1981-01-15', 0, 78);
INSERT INTO impuesto (imp_id, imp_tipo_impuesto, imp_periodo, imp_monto, imp_creacion, imp_estado, con_id) VALUES (79, 'current', 'close', 47.48, '2014-08-27', 0, 79);
INSERT INTO impuesto (imp_id, imp_tipo_impuesto, imp_periodo, imp_monto, imp_creacion, imp_estado, con_id) VALUES (80, 'summer', 'series', 3.33, '1992-01-20', 0, 80);
INSERT INTO impuesto (imp_id, imp_tipo_impuesto, imp_periodo, imp_monto, imp_creacion, imp_estado, con_id) VALUES (81, 'middle', 'might', 23.9, '2008-01-11', 1, 81);
INSERT INTO impuesto (imp_id, imp_tipo_impuesto, imp_periodo, imp_monto, imp_creacion, imp_estado, con_id) VALUES (82, 'collection', 'with', 69.57, '2011-12-17', 0, 82);
INSERT INTO impuesto (imp_id, imp_tipo_impuesto, imp_periodo, imp_monto, imp_creacion, imp_estado, con_id) VALUES (83, 'floor', 'skill', 16.41, '2016-08-07', 0, 83);
INSERT INTO impuesto (imp_id, imp_tipo_impuesto, imp_periodo, imp_monto, imp_creacion, imp_estado, con_id) VALUES (84, 'quite', 'exactly', 36.41, '2015-09-18', 0, 84);
INSERT INTO impuesto (imp_id, imp_tipo_impuesto, imp_periodo, imp_monto, imp_creacion, imp_estado, con_id) VALUES (85, 'itself', 'away', 39.91, '2000-08-19', 0, 85);
INSERT INTO impuesto (imp_id, imp_tipo_impuesto, imp_periodo, imp_monto, imp_creacion, imp_estado, con_id) VALUES (86, 'avoid', 'anything', 26.72, '1973-04-30', 0, 86);
INSERT INTO impuesto (imp_id, imp_tipo_impuesto, imp_periodo, imp_monto, imp_creacion, imp_estado, con_id) VALUES (87, 'only', 'learn', 72.87, '1997-12-29', 1, 87);
INSERT INTO impuesto (imp_id, imp_tipo_impuesto, imp_periodo, imp_monto, imp_creacion, imp_estado, con_id) VALUES (88, 'set', 'trip', 51.21, '1975-12-29', 1, 88);
INSERT INTO impuesto (imp_id, imp_tipo_impuesto, imp_periodo, imp_monto, imp_creacion, imp_estado, con_id) VALUES (89, 'picture', 'note', 84.21, '1972-01-30', 1, 89);
INSERT INTO impuesto (imp_id, imp_tipo_impuesto, imp_periodo, imp_monto, imp_creacion, imp_estado, con_id) VALUES (90, 'strong', 'project', 62.6, '1970-01-11', 0, 90);
INSERT INTO impuesto (imp_id, imp_tipo_impuesto, imp_periodo, imp_monto, imp_creacion, imp_estado, con_id) VALUES (91, 'similar', 'mention', 57.06, '2010-03-08', 0, 91);
INSERT INTO impuesto (imp_id, imp_tipo_impuesto, imp_periodo, imp_monto, imp_creacion, imp_estado, con_id) VALUES (92, 'although', 'guy', 59.3, '2024-05-24', 1, 92);
INSERT INTO impuesto (imp_id, imp_tipo_impuesto, imp_periodo, imp_monto, imp_creacion, imp_estado, con_id) VALUES (93, 'information', 'only', 58.75, '2021-06-12', 1, 93);
INSERT INTO impuesto (imp_id, imp_tipo_impuesto, imp_periodo, imp_monto, imp_creacion, imp_estado, con_id) VALUES (94, 'science', 'space', 94.7, '1977-08-02', 1, 94);
INSERT INTO impuesto (imp_id, imp_tipo_impuesto, imp_periodo, imp_monto, imp_creacion, imp_estado, con_id) VALUES (95, 'medical', 'view', 59.53, '2010-10-15', 0, 95);
INSERT INTO impuesto (imp_id, imp_tipo_impuesto, imp_periodo, imp_monto, imp_creacion, imp_estado, con_id) VALUES (96, 'increase', 'seem', 28.32, '1984-04-22', 1, 96);
INSERT INTO impuesto (imp_id, imp_tipo_impuesto, imp_periodo, imp_monto, imp_creacion, imp_estado, con_id) VALUES (97, 'three', 'region', 60.19, '2013-12-06', 0, 97);
INSERT INTO impuesto (imp_id, imp_tipo_impuesto, imp_periodo, imp_monto, imp_creacion, imp_estado, con_id) VALUES (98, 'recent', 'product', 3.38, '1977-02-04', 1, 98);
INSERT INTO impuesto (imp_id, imp_tipo_impuesto, imp_periodo, imp_monto, imp_creacion, imp_estado, con_id) VALUES (99, 'seem', 'company', 31.25, '1998-09-22', 0, 99);
INSERT INTO impuesto (imp_id, imp_tipo_impuesto, imp_periodo, imp_monto, imp_creacion, imp_estado, con_id) VALUES (100, 'animal', 'feel', 89.53, '1993-08-26', 1, 100);
INSERT INTO finanza (fin_id, fin_tipo_operacion, fin_descripcion, fin_creacion, fin_estado, emp_id) VALUES (1, 'attack', 'per', '1972-03-11', 0, 1);
INSERT INTO finanza (fin_id, fin_tipo_operacion, fin_descripcion, fin_creacion, fin_estado, emp_id) VALUES (2, 'nor', 'low', '1982-05-11', 1, 2);
INSERT INTO finanza (fin_id, fin_tipo_operacion, fin_descripcion, fin_creacion, fin_estado, emp_id) VALUES (3, 'national', 'day', '1990-01-29', 1, 3);
INSERT INTO finanza (fin_id, fin_tipo_operacion, fin_descripcion, fin_creacion, fin_estado, emp_id) VALUES (4, 'particular', 'them', '1970-02-25', 0, 4);
INSERT INTO finanza (fin_id, fin_tipo_operacion, fin_descripcion, fin_creacion, fin_estado, emp_id) VALUES (5, 'decade', 'study', '1975-06-18', 0, 5);
INSERT INTO finanza (fin_id, fin_tipo_operacion, fin_descripcion, fin_creacion, fin_estado, emp_id) VALUES (6, 'clear', 'anyone', '1974-06-13', 1, 6);
INSERT INTO finanza (fin_id, fin_tipo_operacion, fin_descripcion, fin_creacion, fin_estado, emp_id) VALUES (7, 'enough', 'room', '2001-07-05', 0, 7);
INSERT INTO finanza (fin_id, fin_tipo_operacion, fin_descripcion, fin_creacion, fin_estado, emp_id) VALUES (8, 'item', 'event', '2000-06-15', 1, 8);
INSERT INTO finanza (fin_id, fin_tipo_operacion, fin_descripcion, fin_creacion, fin_estado, emp_id) VALUES (9, 'help', 'go', '1970-06-17', 0, 9);
INSERT INTO finanza (fin_id, fin_tipo_operacion, fin_descripcion, fin_creacion, fin_estado, emp_id) VALUES (10, 'major', 'leg', '2020-06-18', 1, 10);
INSERT INTO finanza (fin_id, fin_tipo_operacion, fin_descripcion, fin_creacion, fin_estado, emp_id) VALUES (11, 'those', 'seek', '1978-02-03', 1, 11);
INSERT INTO finanza (fin_id, fin_tipo_operacion, fin_descripcion, fin_creacion, fin_estado, emp_id) VALUES (12, 'seek', 'far', '1977-06-25', 0, 12);
INSERT INTO finanza (fin_id, fin_tipo_operacion, fin_descripcion, fin_creacion, fin_estado, emp_id) VALUES (13, 'thousand', 'put', '1990-09-17', 0, 13);
INSERT INTO finanza (fin_id, fin_tipo_operacion, fin_descripcion, fin_creacion, fin_estado, emp_id) VALUES (14, 'whatever', 'hundred', '1991-06-24', 0, 14);
INSERT INTO finanza (fin_id, fin_tipo_operacion, fin_descripcion, fin_creacion, fin_estado, emp_id) VALUES (15, 'instead', 'total', '1974-02-22', 1, 15);
INSERT INTO finanza (fin_id, fin_tipo_operacion, fin_descripcion, fin_creacion, fin_estado, emp_id) VALUES (16, 'Democrat', 'arrive', '2012-04-30', 1, 16);
INSERT INTO finanza (fin_id, fin_tipo_operacion, fin_descripcion, fin_creacion, fin_estado, emp_id) VALUES (17, 'prevent', 'card', '2007-03-02', 1, 17);
INSERT INTO finanza (fin_id, fin_tipo_operacion, fin_descripcion, fin_creacion, fin_estado, emp_id) VALUES (18, 'name', 'even', '2004-08-02', 1, 18);
INSERT INTO finanza (fin_id, fin_tipo_operacion, fin_descripcion, fin_creacion, fin_estado, emp_id) VALUES (19, 'need', 'bed', '2009-10-11', 1, 19);
INSERT INTO finanza (fin_id, fin_tipo_operacion, fin_descripcion, fin_creacion, fin_estado, emp_id) VALUES (20, 'white', 'also', '1991-04-25', 1, 20);
INSERT INTO finanza (fin_id, fin_tipo_operacion, fin_descripcion, fin_creacion, fin_estado, emp_id) VALUES (21, 'fast', 'tax', '1998-01-21', 0, 21);
INSERT INTO finanza (fin_id, fin_tipo_operacion, fin_descripcion, fin_creacion, fin_estado, emp_id) VALUES (22, 'know', 'less', '1995-02-28', 0, 22);
INSERT INTO finanza (fin_id, fin_tipo_operacion, fin_descripcion, fin_creacion, fin_estado, emp_id) VALUES (23, 'significant', 'thousand', '1984-09-21', 1, 23);
INSERT INTO finanza (fin_id, fin_tipo_operacion, fin_descripcion, fin_creacion, fin_estado, emp_id) VALUES (24, 'coach', 'sound', '2023-10-13', 1, 24);
INSERT INTO finanza (fin_id, fin_tipo_operacion, fin_descripcion, fin_creacion, fin_estado, emp_id) VALUES (25, 'eight', 'old', '1987-07-28', 0, 25);
INSERT INTO finanza (fin_id, fin_tipo_operacion, fin_descripcion, fin_creacion, fin_estado, emp_id) VALUES (26, 'particular', 'need', '1994-04-23', 1, 26);
INSERT INTO finanza (fin_id, fin_tipo_operacion, fin_descripcion, fin_creacion, fin_estado, emp_id) VALUES (27, 'especially', 'fight', '2011-09-15', 1, 27);
INSERT INTO finanza (fin_id, fin_tipo_operacion, fin_descripcion, fin_creacion, fin_estado, emp_id) VALUES (28, 'source', 'it', '2005-12-21', 0, 28);
INSERT INTO finanza (fin_id, fin_tipo_operacion, fin_descripcion, fin_creacion, fin_estado, emp_id) VALUES (29, 'or', 'in', '2009-05-15', 1, 29);
INSERT INTO finanza (fin_id, fin_tipo_operacion, fin_descripcion, fin_creacion, fin_estado, emp_id) VALUES (30, 'forget', 'few', '1997-11-21', 1, 30);
INSERT INTO finanza (fin_id, fin_tipo_operacion, fin_descripcion, fin_creacion, fin_estado, emp_id) VALUES (31, 'relate', 'general', '2016-11-23', 0, 31);
INSERT INTO finanza (fin_id, fin_tipo_operacion, fin_descripcion, fin_creacion, fin_estado, emp_id) VALUES (32, 'really', 'include', '2000-12-01', 1, 32);
INSERT INTO finanza (fin_id, fin_tipo_operacion, fin_descripcion, fin_creacion, fin_estado, emp_id) VALUES (33, 'commercial', 'Republican', '2015-11-26', 1, 33);
INSERT INTO finanza (fin_id, fin_tipo_operacion, fin_descripcion, fin_creacion, fin_estado, emp_id) VALUES (34, 'beat', 'act', '2013-06-26', 1, 34);
INSERT INTO finanza (fin_id, fin_tipo_operacion, fin_descripcion, fin_creacion, fin_estado, emp_id) VALUES (35, 'likely', 'ground', '2013-07-31', 1, 35);
INSERT INTO finanza (fin_id, fin_tipo_operacion, fin_descripcion, fin_creacion, fin_estado, emp_id) VALUES (36, 'ok', 'reveal', '1988-03-15', 0, 36);
INSERT INTO finanza (fin_id, fin_tipo_operacion, fin_descripcion, fin_creacion, fin_estado, emp_id) VALUES (37, 'factor', 'particularly', '1989-02-03', 0, 37);
INSERT INTO finanza (fin_id, fin_tipo_operacion, fin_descripcion, fin_creacion, fin_estado, emp_id) VALUES (38, 'public', 'difficult', '2017-03-21', 1, 38);
INSERT INTO finanza (fin_id, fin_tipo_operacion, fin_descripcion, fin_creacion, fin_estado, emp_id) VALUES (39, 'mind', 'federal', '1989-07-02', 1, 39);
INSERT INTO finanza (fin_id, fin_tipo_operacion, fin_descripcion, fin_creacion, fin_estado, emp_id) VALUES (40, 'fast', 'according', '1992-07-29', 1, 40);
INSERT INTO finanza (fin_id, fin_tipo_operacion, fin_descripcion, fin_creacion, fin_estado, emp_id) VALUES (41, 'article', 'political', '2008-10-15', 1, 41);
INSERT INTO finanza (fin_id, fin_tipo_operacion, fin_descripcion, fin_creacion, fin_estado, emp_id) VALUES (42, 'ok', 'according', '1992-09-11', 0, 42);
INSERT INTO finanza (fin_id, fin_tipo_operacion, fin_descripcion, fin_creacion, fin_estado, emp_id) VALUES (43, 'enjoy', 'very', '2010-05-20', 0, 43);
INSERT INTO finanza (fin_id, fin_tipo_operacion, fin_descripcion, fin_creacion, fin_estado, emp_id) VALUES (44, 'generation', 'myself', '2019-05-28', 0, 44);
INSERT INTO finanza (fin_id, fin_tipo_operacion, fin_descripcion, fin_creacion, fin_estado, emp_id) VALUES (45, 'impact', 'financial', '1973-08-18', 1, 45);
INSERT INTO finanza (fin_id, fin_tipo_operacion, fin_descripcion, fin_creacion, fin_estado, emp_id) VALUES (46, 'trouble', 'project', '2001-01-23', 1, 46);
INSERT INTO finanza (fin_id, fin_tipo_operacion, fin_descripcion, fin_creacion, fin_estado, emp_id) VALUES (47, 'husband', 'side', '1995-06-17', 0, 47);
INSERT INTO finanza (fin_id, fin_tipo_operacion, fin_descripcion, fin_creacion, fin_estado, emp_id) VALUES (48, 'carry', 'level', '2008-01-26', 0, 48);
INSERT INTO finanza (fin_id, fin_tipo_operacion, fin_descripcion, fin_creacion, fin_estado, emp_id) VALUES (49, 'bill', 'travel', '1980-01-16', 1, 49);
INSERT INTO finanza (fin_id, fin_tipo_operacion, fin_descripcion, fin_creacion, fin_estado, emp_id) VALUES (50, 'better', 'camera', '1977-11-24', 1, 50);
INSERT INTO finanza (fin_id, fin_tipo_operacion, fin_descripcion, fin_creacion, fin_estado, emp_id) VALUES (51, 'other', 'anyone', '2008-10-31', 1, 51);
INSERT INTO finanza (fin_id, fin_tipo_operacion, fin_descripcion, fin_creacion, fin_estado, emp_id) VALUES (52, 'pressure', 'fact', '1993-04-04', 1, 52);
INSERT INTO finanza (fin_id, fin_tipo_operacion, fin_descripcion, fin_creacion, fin_estado, emp_id) VALUES (53, 'tough', 'painting', '2004-05-21', 0, 53);
INSERT INTO finanza (fin_id, fin_tipo_operacion, fin_descripcion, fin_creacion, fin_estado, emp_id) VALUES (54, 'get', 'physical', '1984-09-28', 0, 54);
INSERT INTO finanza (fin_id, fin_tipo_operacion, fin_descripcion, fin_creacion, fin_estado, emp_id) VALUES (55, 'president', 'word', '1992-09-20', 0, 55);
INSERT INTO finanza (fin_id, fin_tipo_operacion, fin_descripcion, fin_creacion, fin_estado, emp_id) VALUES (56, 'language', 'government', '2015-07-29', 0, 56);
INSERT INTO finanza (fin_id, fin_tipo_operacion, fin_descripcion, fin_creacion, fin_estado, emp_id) VALUES (57, 'spring', 'can', '1970-01-16', 0, 57);
INSERT INTO finanza (fin_id, fin_tipo_operacion, fin_descripcion, fin_creacion, fin_estado, emp_id) VALUES (58, 'board', 'common', '1971-05-28', 0, 58);
INSERT INTO finanza (fin_id, fin_tipo_operacion, fin_descripcion, fin_creacion, fin_estado, emp_id) VALUES (59, 'miss', 'feeling', '1988-07-15', 0, 59);
INSERT INTO finanza (fin_id, fin_tipo_operacion, fin_descripcion, fin_creacion, fin_estado, emp_id) VALUES (60, 'case', 'carry', '2006-07-25', 0, 60);
INSERT INTO finanza (fin_id, fin_tipo_operacion, fin_descripcion, fin_creacion, fin_estado, emp_id) VALUES (61, 'fast', 'president', '2007-05-30', 0, 61);
INSERT INTO finanza (fin_id, fin_tipo_operacion, fin_descripcion, fin_creacion, fin_estado, emp_id) VALUES (62, 'history', 'sometimes', '1989-06-02', 1, 62);
INSERT INTO finanza (fin_id, fin_tipo_operacion, fin_descripcion, fin_creacion, fin_estado, emp_id) VALUES (63, 'unit', 'difference', '1980-04-26', 0, 63);
INSERT INTO finanza (fin_id, fin_tipo_operacion, fin_descripcion, fin_creacion, fin_estado, emp_id) VALUES (64, 'cultural', 'minute', '2002-02-20', 0, 64);
INSERT INTO finanza (fin_id, fin_tipo_operacion, fin_descripcion, fin_creacion, fin_estado, emp_id) VALUES (65, 'sort', 'be', '1970-12-30', 1, 65);
INSERT INTO finanza (fin_id, fin_tipo_operacion, fin_descripcion, fin_creacion, fin_estado, emp_id) VALUES (66, 'least', 'admit', '2014-06-03', 0, 66);
INSERT INTO finanza (fin_id, fin_tipo_operacion, fin_descripcion, fin_creacion, fin_estado, emp_id) VALUES (67, 'level', 'join', '1990-01-18', 1, 67);
INSERT INTO finanza (fin_id, fin_tipo_operacion, fin_descripcion, fin_creacion, fin_estado, emp_id) VALUES (68, 'test', 'way', '2011-12-16', 1, 68);
INSERT INTO finanza (fin_id, fin_tipo_operacion, fin_descripcion, fin_creacion, fin_estado, emp_id) VALUES (69, 'federal', 'technology', '2005-03-29', 1, 69);
INSERT INTO finanza (fin_id, fin_tipo_operacion, fin_descripcion, fin_creacion, fin_estado, emp_id) VALUES (70, 'total', 'human', '1984-04-30', 0, 70);
INSERT INTO finanza (fin_id, fin_tipo_operacion, fin_descripcion, fin_creacion, fin_estado, emp_id) VALUES (71, 'interesting', 'thought', '1975-09-14', 0, 71);
INSERT INTO finanza (fin_id, fin_tipo_operacion, fin_descripcion, fin_creacion, fin_estado, emp_id) VALUES (72, 'green', 'include', '2010-10-03', 1, 72);
INSERT INTO finanza (fin_id, fin_tipo_operacion, fin_descripcion, fin_creacion, fin_estado, emp_id) VALUES (73, 'week', 'reveal', '1992-04-18', 0, 73);
INSERT INTO finanza (fin_id, fin_tipo_operacion, fin_descripcion, fin_creacion, fin_estado, emp_id) VALUES (74, 'town', 'morning', '2004-06-27', 0, 74);
INSERT INTO finanza (fin_id, fin_tipo_operacion, fin_descripcion, fin_creacion, fin_estado, emp_id) VALUES (75, 'many', 'spring', '2000-06-01', 1, 75);
INSERT INTO finanza (fin_id, fin_tipo_operacion, fin_descripcion, fin_creacion, fin_estado, emp_id) VALUES (76, 'business', 'yard', '1978-09-25', 0, 76);
INSERT INTO finanza (fin_id, fin_tipo_operacion, fin_descripcion, fin_creacion, fin_estado, emp_id) VALUES (77, 'treat', 'admit', '2014-07-14', 1, 77);
INSERT INTO finanza (fin_id, fin_tipo_operacion, fin_descripcion, fin_creacion, fin_estado, emp_id) VALUES (78, 'guess', 'while', '2024-06-30', 0, 78);
INSERT INTO finanza (fin_id, fin_tipo_operacion, fin_descripcion, fin_creacion, fin_estado, emp_id) VALUES (79, 'property', 'politics', '1971-01-24', 0, 79);
INSERT INTO finanza (fin_id, fin_tipo_operacion, fin_descripcion, fin_creacion, fin_estado, emp_id) VALUES (80, 'economy', 'his', '1984-12-15', 0, 80);
INSERT INTO finanza (fin_id, fin_tipo_operacion, fin_descripcion, fin_creacion, fin_estado, emp_id) VALUES (81, 'lead', 'hope', '2007-06-03', 1, 81);
INSERT INTO finanza (fin_id, fin_tipo_operacion, fin_descripcion, fin_creacion, fin_estado, emp_id) VALUES (82, 'if', 'movie', '2015-06-02', 0, 82);
INSERT INTO finanza (fin_id, fin_tipo_operacion, fin_descripcion, fin_creacion, fin_estado, emp_id) VALUES (83, 'serious', 'five', '2004-08-06', 1, 83);
INSERT INTO finanza (fin_id, fin_tipo_operacion, fin_descripcion, fin_creacion, fin_estado, emp_id) VALUES (84, 'respond', 'society', '2013-10-02', 0, 84);
INSERT INTO finanza (fin_id, fin_tipo_operacion, fin_descripcion, fin_creacion, fin_estado, emp_id) VALUES (85, 'your', 'father', '1983-05-17', 1, 85);
INSERT INTO finanza (fin_id, fin_tipo_operacion, fin_descripcion, fin_creacion, fin_estado, emp_id) VALUES (86, 'age', 'lot', '1996-08-29', 0, 86);
INSERT INTO finanza (fin_id, fin_tipo_operacion, fin_descripcion, fin_creacion, fin_estado, emp_id) VALUES (87, 'court', 'degree', '1977-03-05', 0, 87);
INSERT INTO finanza (fin_id, fin_tipo_operacion, fin_descripcion, fin_creacion, fin_estado, emp_id) VALUES (88, 'opportunity', 'bad', '2016-05-30', 1, 88);
INSERT INTO finanza (fin_id, fin_tipo_operacion, fin_descripcion, fin_creacion, fin_estado, emp_id) VALUES (89, 'spring', 'style', '2020-02-21', 1, 89);
INSERT INTO finanza (fin_id, fin_tipo_operacion, fin_descripcion, fin_creacion, fin_estado, emp_id) VALUES (90, 'but', 'leave', '1993-03-16', 1, 90);
INSERT INTO finanza (fin_id, fin_tipo_operacion, fin_descripcion, fin_creacion, fin_estado, emp_id) VALUES (91, 'ask', 'maybe', '1997-05-30', 0, 91);
INSERT INTO finanza (fin_id, fin_tipo_operacion, fin_descripcion, fin_creacion, fin_estado, emp_id) VALUES (92, 'team', 'traditional', '1978-02-15', 0, 92);
INSERT INTO finanza (fin_id, fin_tipo_operacion, fin_descripcion, fin_creacion, fin_estado, emp_id) VALUES (93, 'personal', 'economic', '1973-08-13', 0, 93);
INSERT INTO finanza (fin_id, fin_tipo_operacion, fin_descripcion, fin_creacion, fin_estado, emp_id) VALUES (94, 'against', 'available', '1975-10-26', 1, 94);
INSERT INTO finanza (fin_id, fin_tipo_operacion, fin_descripcion, fin_creacion, fin_estado, emp_id) VALUES (95, 'discussion', 'Republican', '1999-01-06', 0, 95);
INSERT INTO finanza (fin_id, fin_tipo_operacion, fin_descripcion, fin_creacion, fin_estado, emp_id) VALUES (96, 'believe', 'effect', '1981-09-17', 1, 96);
INSERT INTO finanza (fin_id, fin_tipo_operacion, fin_descripcion, fin_creacion, fin_estado, emp_id) VALUES (97, 'boy', 'decision', '1978-04-21', 1, 97);
INSERT INTO finanza (fin_id, fin_tipo_operacion, fin_descripcion, fin_creacion, fin_estado, emp_id) VALUES (98, 'they', 'wear', '2003-03-06', 0, 98);
INSERT INTO finanza (fin_id, fin_tipo_operacion, fin_descripcion, fin_creacion, fin_estado, emp_id) VALUES (99, 'set', 'main', '2023-03-19', 0, 99);
INSERT INTO finanza (fin_id, fin_tipo_operacion, fin_descripcion, fin_creacion, fin_estado, emp_id) VALUES (100, 'election', 'describe', '2003-03-20', 1, 100);
INSERT INTO planificacion (pla_id, pla_objetivo, pla_estrategia, pla_creacion, pla_estado, fin_id) VALUES (1, 'model', 'despite', '1999-02-03', 0, 1);
INSERT INTO planificacion (pla_id, pla_objetivo, pla_estrategia, pla_creacion, pla_estado, fin_id) VALUES (2, 'your', 'point', '2022-09-30', 0, 2);
INSERT INTO planificacion (pla_id, pla_objetivo, pla_estrategia, pla_creacion, pla_estado, fin_id) VALUES (3, 'general', 'education', '1987-08-13', 1, 3);
INSERT INTO planificacion (pla_id, pla_objetivo, pla_estrategia, pla_creacion, pla_estado, fin_id) VALUES (4, 'two', 'produce', '2016-07-20', 0, 4);
INSERT INTO planificacion (pla_id, pla_objetivo, pla_estrategia, pla_creacion, pla_estado, fin_id) VALUES (5, 'not', 'choice', '1977-07-25', 0, 5);
INSERT INTO planificacion (pla_id, pla_objetivo, pla_estrategia, pla_creacion, pla_estado, fin_id) VALUES (6, 'success', 'ability', '1993-06-22', 1, 6);
INSERT INTO planificacion (pla_id, pla_objetivo, pla_estrategia, pla_creacion, pla_estado, fin_id) VALUES (7, 'peace', 'figure', '2007-10-20', 1, 7);
INSERT INTO planificacion (pla_id, pla_objetivo, pla_estrategia, pla_creacion, pla_estado, fin_id) VALUES (8, 'fly', 'show', '2015-05-09', 0, 8);
INSERT INTO planificacion (pla_id, pla_objetivo, pla_estrategia, pla_creacion, pla_estado, fin_id) VALUES (9, 'alone', 'impact', '2003-04-23', 1, 9);
INSERT INTO planificacion (pla_id, pla_objetivo, pla_estrategia, pla_creacion, pla_estado, fin_id) VALUES (10, 'mouth', 'turn', '1993-12-31', 0, 10);
INSERT INTO planificacion (pla_id, pla_objetivo, pla_estrategia, pla_creacion, pla_estado, fin_id) VALUES (11, 'give', 'identify', '2006-03-31', 1, 11);
INSERT INTO planificacion (pla_id, pla_objetivo, pla_estrategia, pla_creacion, pla_estado, fin_id) VALUES (12, 'authority', 'bad', '2010-05-14', 0, 12);
INSERT INTO planificacion (pla_id, pla_objetivo, pla_estrategia, pla_creacion, pla_estado, fin_id) VALUES (13, 'lead', 'whatever', '1977-10-23', 1, 13);
INSERT INTO planificacion (pla_id, pla_objetivo, pla_estrategia, pla_creacion, pla_estado, fin_id) VALUES (14, 'maintain', 'television', '1983-12-18', 0, 14);
INSERT INTO planificacion (pla_id, pla_objetivo, pla_estrategia, pla_creacion, pla_estado, fin_id) VALUES (15, 'story', 'focus', '1980-02-24', 0, 15);
INSERT INTO planificacion (pla_id, pla_objetivo, pla_estrategia, pla_creacion, pla_estado, fin_id) VALUES (16, 'society', 'bit', '1973-07-05', 0, 16);
INSERT INTO planificacion (pla_id, pla_objetivo, pla_estrategia, pla_creacion, pla_estado, fin_id) VALUES (17, 'executive', 'nothing', '1985-08-12', 1, 17);
INSERT INTO planificacion (pla_id, pla_objetivo, pla_estrategia, pla_creacion, pla_estado, fin_id) VALUES (18, 'few', 'toward', '2015-04-13', 1, 18);
INSERT INTO planificacion (pla_id, pla_objetivo, pla_estrategia, pla_creacion, pla_estado, fin_id) VALUES (19, 'affect', 'list', '2016-12-03', 1, 19);
INSERT INTO planificacion (pla_id, pla_objetivo, pla_estrategia, pla_creacion, pla_estado, fin_id) VALUES (20, 'less', 'staff', '2006-03-31', 1, 20);
INSERT INTO planificacion (pla_id, pla_objetivo, pla_estrategia, pla_creacion, pla_estado, fin_id) VALUES (21, 'author', 'human', '1970-10-17', 1, 21);
INSERT INTO planificacion (pla_id, pla_objetivo, pla_estrategia, pla_creacion, pla_estado, fin_id) VALUES (22, 'choose', 'official', '1982-09-16', 1, 22);
INSERT INTO planificacion (pla_id, pla_objetivo, pla_estrategia, pla_creacion, pla_estado, fin_id) VALUES (23, 'reason', 'need', '1997-04-21', 1, 23);
INSERT INTO planificacion (pla_id, pla_objetivo, pla_estrategia, pla_creacion, pla_estado, fin_id) VALUES (24, 'board', 'not', '1980-06-14', 0, 24);
INSERT INTO planificacion (pla_id, pla_objetivo, pla_estrategia, pla_creacion, pla_estado, fin_id) VALUES (25, 'fund', 'list', '1992-08-02', 0, 25);
INSERT INTO planificacion (pla_id, pla_objetivo, pla_estrategia, pla_creacion, pla_estado, fin_id) VALUES (26, 'Mrs', 'own', '1977-03-06', 1, 26);
INSERT INTO planificacion (pla_id, pla_objetivo, pla_estrategia, pla_creacion, pla_estado, fin_id) VALUES (27, 'wall', 'let', '2003-02-03', 0, 27);
INSERT INTO planificacion (pla_id, pla_objetivo, pla_estrategia, pla_creacion, pla_estado, fin_id) VALUES (28, 'week', 'investment', '2001-08-02', 0, 28);
INSERT INTO planificacion (pla_id, pla_objetivo, pla_estrategia, pla_creacion, pla_estado, fin_id) VALUES (29, 'set', 'score', '1978-10-24', 0, 29);
INSERT INTO planificacion (pla_id, pla_objetivo, pla_estrategia, pla_creacion, pla_estado, fin_id) VALUES (30, 'teacher', 'pull', '2008-08-17', 1, 30);
INSERT INTO planificacion (pla_id, pla_objetivo, pla_estrategia, pla_creacion, pla_estado, fin_id) VALUES (31, 'appear', 'stock', '1973-04-03', 0, 31);
INSERT INTO planificacion (pla_id, pla_objetivo, pla_estrategia, pla_creacion, pla_estado, fin_id) VALUES (32, 'maybe', 'poor', '2012-08-16', 1, 32);
INSERT INTO planificacion (pla_id, pla_objetivo, pla_estrategia, pla_creacion, pla_estado, fin_id) VALUES (33, 'other', 'light', '1975-03-24', 0, 33);
INSERT INTO planificacion (pla_id, pla_objetivo, pla_estrategia, pla_creacion, pla_estado, fin_id) VALUES (34, 'full', 'tonight', '2019-12-24', 1, 34);
INSERT INTO planificacion (pla_id, pla_objetivo, pla_estrategia, pla_creacion, pla_estado, fin_id) VALUES (35, 'fill', 'gas', '2006-01-24', 0, 35);
INSERT INTO planificacion (pla_id, pla_objetivo, pla_estrategia, pla_creacion, pla_estado, fin_id) VALUES (36, 'break', 'high', '1982-03-12', 0, 36);
INSERT INTO planificacion (pla_id, pla_objetivo, pla_estrategia, pla_creacion, pla_estado, fin_id) VALUES (37, 'job', 'any', '1970-01-02', 1, 37);
INSERT INTO planificacion (pla_id, pla_objetivo, pla_estrategia, pla_creacion, pla_estado, fin_id) VALUES (38, 'when', 'mind', '1975-12-13', 0, 38);
INSERT INTO planificacion (pla_id, pla_objetivo, pla_estrategia, pla_creacion, pla_estado, fin_id) VALUES (39, 'everybody', 'sense', '2022-02-16', 1, 39);
INSERT INTO planificacion (pla_id, pla_objetivo, pla_estrategia, pla_creacion, pla_estado, fin_id) VALUES (40, 'article', 'often', '2011-12-14', 1, 40);
INSERT INTO planificacion (pla_id, pla_objetivo, pla_estrategia, pla_creacion, pla_estado, fin_id) VALUES (41, 'include', 'sort', '2009-05-02', 0, 41);
INSERT INTO planificacion (pla_id, pla_objetivo, pla_estrategia, pla_creacion, pla_estado, fin_id) VALUES (42, 'relationship', 'material', '2024-05-02', 0, 42);
INSERT INTO planificacion (pla_id, pla_objetivo, pla_estrategia, pla_creacion, pla_estado, fin_id) VALUES (43, 'kitchen', 'six', '2021-01-31', 1, 43);
INSERT INTO planificacion (pla_id, pla_objetivo, pla_estrategia, pla_creacion, pla_estado, fin_id) VALUES (44, 'tough', 'argue', '1984-10-10', 1, 44);
INSERT INTO planificacion (pla_id, pla_objetivo, pla_estrategia, pla_creacion, pla_estado, fin_id) VALUES (45, 'million', 'leave', '2010-02-05', 0, 45);
INSERT INTO planificacion (pla_id, pla_objetivo, pla_estrategia, pla_creacion, pla_estado, fin_id) VALUES (46, 'enjoy', 'describe', '2012-08-28', 1, 46);
INSERT INTO planificacion (pla_id, pla_objetivo, pla_estrategia, pla_creacion, pla_estado, fin_id) VALUES (47, 'chair', 'establish', '2001-07-05', 0, 47);
INSERT INTO planificacion (pla_id, pla_objetivo, pla_estrategia, pla_creacion, pla_estado, fin_id) VALUES (48, 'mouth', 'administration', '1988-03-24', 1, 48);
INSERT INTO planificacion (pla_id, pla_objetivo, pla_estrategia, pla_creacion, pla_estado, fin_id) VALUES (49, 'left', 'language', '2013-05-08', 0, 49);
INSERT INTO planificacion (pla_id, pla_objetivo, pla_estrategia, pla_creacion, pla_estado, fin_id) VALUES (50, 'it', 'world', '2006-05-25', 1, 50);
INSERT INTO planificacion (pla_id, pla_objetivo, pla_estrategia, pla_creacion, pla_estado, fin_id) VALUES (51, 'painting', 'social', '1976-11-28', 0, 51);
INSERT INTO planificacion (pla_id, pla_objetivo, pla_estrategia, pla_creacion, pla_estado, fin_id) VALUES (52, 'hotel', 'pay', '1996-09-13', 1, 52);
INSERT INTO planificacion (pla_id, pla_objetivo, pla_estrategia, pla_creacion, pla_estado, fin_id) VALUES (53, 'notice', 'reveal', '1995-06-23', 1, 53);
INSERT INTO planificacion (pla_id, pla_objetivo, pla_estrategia, pla_creacion, pla_estado, fin_id) VALUES (54, 'born', 'appear', '1993-03-08', 0, 54);
INSERT INTO planificacion (pla_id, pla_objetivo, pla_estrategia, pla_creacion, pla_estado, fin_id) VALUES (55, 'oil', 'environmental', '1988-04-29', 1, 55);
INSERT INTO planificacion (pla_id, pla_objetivo, pla_estrategia, pla_creacion, pla_estado, fin_id) VALUES (56, 'light', 'miss', '1972-06-08', 1, 56);
INSERT INTO planificacion (pla_id, pla_objetivo, pla_estrategia, pla_creacion, pla_estado, fin_id) VALUES (57, 'new', 'by', '1981-08-06', 0, 57);
INSERT INTO planificacion (pla_id, pla_objetivo, pla_estrategia, pla_creacion, pla_estado, fin_id) VALUES (58, 'institution', 'arrive', '1992-02-06', 1, 58);
INSERT INTO planificacion (pla_id, pla_objetivo, pla_estrategia, pla_creacion, pla_estado, fin_id) VALUES (59, 'have', 'scientist', '2012-01-23', 0, 59);
INSERT INTO planificacion (pla_id, pla_objetivo, pla_estrategia, pla_creacion, pla_estado, fin_id) VALUES (60, 'easy', 'moment', '1982-10-24', 1, 60);
INSERT INTO planificacion (pla_id, pla_objetivo, pla_estrategia, pla_creacion, pla_estado, fin_id) VALUES (61, 'wonder', 'prove', '2021-04-14', 1, 61);
INSERT INTO planificacion (pla_id, pla_objetivo, pla_estrategia, pla_creacion, pla_estado, fin_id) VALUES (62, 'prevent', 'fact', '2012-10-18', 1, 62);
INSERT INTO planificacion (pla_id, pla_objetivo, pla_estrategia, pla_creacion, pla_estado, fin_id) VALUES (63, 'nor', 'over', '2004-07-19', 0, 63);
INSERT INTO planificacion (pla_id, pla_objetivo, pla_estrategia, pla_creacion, pla_estado, fin_id) VALUES (64, 'also', 'identify', '1995-04-02', 1, 64);
INSERT INTO planificacion (pla_id, pla_objetivo, pla_estrategia, pla_creacion, pla_estado, fin_id) VALUES (65, 'stuff', 'likely', '1997-11-03', 1, 65);
INSERT INTO planificacion (pla_id, pla_objetivo, pla_estrategia, pla_creacion, pla_estado, fin_id) VALUES (66, 'building', 'machine', '1970-11-21', 1, 66);
INSERT INTO planificacion (pla_id, pla_objetivo, pla_estrategia, pla_creacion, pla_estado, fin_id) VALUES (67, 'bad', 'seven', '2011-06-05', 1, 67);
INSERT INTO planificacion (pla_id, pla_objetivo, pla_estrategia, pla_creacion, pla_estado, fin_id) VALUES (68, 'shake', 'statement', '2003-12-10', 0, 68);
INSERT INTO planificacion (pla_id, pla_objetivo, pla_estrategia, pla_creacion, pla_estado, fin_id) VALUES (69, 'speak', 'current', '2019-07-10', 1, 69);
INSERT INTO planificacion (pla_id, pla_objetivo, pla_estrategia, pla_creacion, pla_estado, fin_id) VALUES (70, 'detail', 'value', '1995-04-19', 1, 70);
INSERT INTO planificacion (pla_id, pla_objetivo, pla_estrategia, pla_creacion, pla_estado, fin_id) VALUES (71, 'better', 'view', '1985-02-04', 0, 71);
INSERT INTO planificacion (pla_id, pla_objetivo, pla_estrategia, pla_creacion, pla_estado, fin_id) VALUES (72, 'dark', 'many', '2009-03-31', 1, 72);
INSERT INTO planificacion (pla_id, pla_objetivo, pla_estrategia, pla_creacion, pla_estado, fin_id) VALUES (73, 'key', 'picture', '1994-03-20', 0, 73);
INSERT INTO planificacion (pla_id, pla_objetivo, pla_estrategia, pla_creacion, pla_estado, fin_id) VALUES (74, 'as', 'sell', '1978-07-24', 0, 74);
INSERT INTO planificacion (pla_id, pla_objetivo, pla_estrategia, pla_creacion, pla_estado, fin_id) VALUES (75, 'guess', 'yard', '1982-06-09', 0, 75);
INSERT INTO planificacion (pla_id, pla_objetivo, pla_estrategia, pla_creacion, pla_estado, fin_id) VALUES (76, 'well', 'natural', '2021-09-07', 1, 76);
INSERT INTO planificacion (pla_id, pla_objetivo, pla_estrategia, pla_creacion, pla_estado, fin_id) VALUES (77, 'clear', 'animal', '2008-06-28', 1, 77);
INSERT INTO planificacion (pla_id, pla_objetivo, pla_estrategia, pla_creacion, pla_estado, fin_id) VALUES (78, 'they', 'believe', '1989-01-12', 1, 78);
INSERT INTO planificacion (pla_id, pla_objetivo, pla_estrategia, pla_creacion, pla_estado, fin_id) VALUES (79, 'since', 'her', '1971-10-01', 1, 79);
INSERT INTO planificacion (pla_id, pla_objetivo, pla_estrategia, pla_creacion, pla_estado, fin_id) VALUES (80, 'indicate', 'else', '2000-10-07', 1, 80);
INSERT INTO planificacion (pla_id, pla_objetivo, pla_estrategia, pla_creacion, pla_estado, fin_id) VALUES (81, 'father', 'discover', '1982-03-15', 1, 81);
INSERT INTO planificacion (pla_id, pla_objetivo, pla_estrategia, pla_creacion, pla_estado, fin_id) VALUES (82, 'her', 'believe', '1998-09-24', 1, 82);
INSERT INTO planificacion (pla_id, pla_objetivo, pla_estrategia, pla_creacion, pla_estado, fin_id) VALUES (83, 'however', 'program', '1996-03-22', 0, 83);
INSERT INTO planificacion (pla_id, pla_objetivo, pla_estrategia, pla_creacion, pla_estado, fin_id) VALUES (84, 'future', 'dinner', '2008-01-09', 0, 84);
INSERT INTO planificacion (pla_id, pla_objetivo, pla_estrategia, pla_creacion, pla_estado, fin_id) VALUES (85, 'power', 'military', '1972-09-21', 1, 85);
INSERT INTO planificacion (pla_id, pla_objetivo, pla_estrategia, pla_creacion, pla_estado, fin_id) VALUES (86, 'cup', 'contain', '2019-05-07', 1, 86);
INSERT INTO planificacion (pla_id, pla_objetivo, pla_estrategia, pla_creacion, pla_estado, fin_id) VALUES (87, 'have', 'professor', '1991-05-10', 1, 87);
INSERT INTO planificacion (pla_id, pla_objetivo, pla_estrategia, pla_creacion, pla_estado, fin_id) VALUES (88, 'even', 'tough', '1986-12-20', 0, 88);
INSERT INTO planificacion (pla_id, pla_objetivo, pla_estrategia, pla_creacion, pla_estado, fin_id) VALUES (89, 'cost', 'east', '1971-03-05', 0, 89);
INSERT INTO planificacion (pla_id, pla_objetivo, pla_estrategia, pla_creacion, pla_estado, fin_id) VALUES (90, 'member', 'act', '2019-03-21', 1, 90);
INSERT INTO planificacion (pla_id, pla_objetivo, pla_estrategia, pla_creacion, pla_estado, fin_id) VALUES (91, 'baby', 'leave', '1984-05-30', 0, 91);
INSERT INTO planificacion (pla_id, pla_objetivo, pla_estrategia, pla_creacion, pla_estado, fin_id) VALUES (92, 'beat', 'idea', '1974-04-16', 1, 92);
INSERT INTO planificacion (pla_id, pla_objetivo, pla_estrategia, pla_creacion, pla_estado, fin_id) VALUES (93, 'enough', 'company', '1992-10-14', 0, 93);
INSERT INTO planificacion (pla_id, pla_objetivo, pla_estrategia, pla_creacion, pla_estado, fin_id) VALUES (94, 'majority', 'now', '1983-07-06', 1, 94);
INSERT INTO planificacion (pla_id, pla_objetivo, pla_estrategia, pla_creacion, pla_estado, fin_id) VALUES (95, 'safe', 'bank', '2002-08-09', 1, 95);
INSERT INTO planificacion (pla_id, pla_objetivo, pla_estrategia, pla_creacion, pla_estado, fin_id) VALUES (96, 'old', 'the', '1998-07-14', 0, 96);
INSERT INTO planificacion (pla_id, pla_objetivo, pla_estrategia, pla_creacion, pla_estado, fin_id) VALUES (97, 'until', 'walk', '2004-05-19', 1, 97);
INSERT INTO planificacion (pla_id, pla_objetivo, pla_estrategia, pla_creacion, pla_estado, fin_id) VALUES (98, 'them', 'compare', '1974-08-04', 1, 98);
INSERT INTO planificacion (pla_id, pla_objetivo, pla_estrategia, pla_creacion, pla_estado, fin_id) VALUES (99, 'government', 'surface', '1994-07-23', 0, 99);
INSERT INTO planificacion (pla_id, pla_objetivo, pla_estrategia, pla_creacion, pla_estado, fin_id) VALUES (100, 'just', 'tonight', '2017-11-26', 1, 100);
INSERT INTO analisis (ana_id, ana_resultado, ana_creacion, ana_estado, fin_id) VALUES (1, 'similar', '1992-11-07', 1, 1);
INSERT INTO analisis (ana_id, ana_resultado, ana_creacion, ana_estado, fin_id) VALUES (2, 'seem', '1979-06-08', 1, 2);
INSERT INTO analisis (ana_id, ana_resultado, ana_creacion, ana_estado, fin_id) VALUES (3, 'their', '1980-06-14', 0, 3);
INSERT INTO analisis (ana_id, ana_resultado, ana_creacion, ana_estado, fin_id) VALUES (4, 'of', '1998-09-06', 1, 4);
INSERT INTO analisis (ana_id, ana_resultado, ana_creacion, ana_estado, fin_id) VALUES (5, 'mother', '2001-03-06', 1, 5);
INSERT INTO analisis (ana_id, ana_resultado, ana_creacion, ana_estado, fin_id) VALUES (6, 'become', '2011-06-26', 1, 6);
INSERT INTO analisis (ana_id, ana_resultado, ana_creacion, ana_estado, fin_id) VALUES (7, 'walk', '2019-04-14', 1, 7);
INSERT INTO analisis (ana_id, ana_resultado, ana_creacion, ana_estado, fin_id) VALUES (8, 'pull', '1993-12-01', 0, 8);
INSERT INTO analisis (ana_id, ana_resultado, ana_creacion, ana_estado, fin_id) VALUES (9, 'difference', '1974-12-20', 1, 9);
INSERT INTO analisis (ana_id, ana_resultado, ana_creacion, ana_estado, fin_id) VALUES (10, 'discuss', '2004-07-16', 0, 10);
INSERT INTO analisis (ana_id, ana_resultado, ana_creacion, ana_estado, fin_id) VALUES (11, 'fill', '2012-07-14', 1, 11);
INSERT INTO analisis (ana_id, ana_resultado, ana_creacion, ana_estado, fin_id) VALUES (12, 'natural', '1973-04-17', 1, 12);
INSERT INTO analisis (ana_id, ana_resultado, ana_creacion, ana_estado, fin_id) VALUES (13, 'father', '2018-05-03', 0, 13);
INSERT INTO analisis (ana_id, ana_resultado, ana_creacion, ana_estado, fin_id) VALUES (14, 'now', '1988-04-15', 0, 14);
INSERT INTO analisis (ana_id, ana_resultado, ana_creacion, ana_estado, fin_id) VALUES (15, 'response', '1998-12-09', 1, 15);
INSERT INTO analisis (ana_id, ana_resultado, ana_creacion, ana_estado, fin_id) VALUES (16, 'improve', '2011-06-24', 1, 16);
INSERT INTO analisis (ana_id, ana_resultado, ana_creacion, ana_estado, fin_id) VALUES (17, 'wish', '1999-09-30', 0, 17);
INSERT INTO analisis (ana_id, ana_resultado, ana_creacion, ana_estado, fin_id) VALUES (18, 'bring', '2007-01-10', 0, 18);
INSERT INTO analisis (ana_id, ana_resultado, ana_creacion, ana_estado, fin_id) VALUES (19, 'accept', '1987-07-04', 0, 19);
INSERT INTO analisis (ana_id, ana_resultado, ana_creacion, ana_estado, fin_id) VALUES (20, 'manage', '2003-02-04', 1, 20);
INSERT INTO analisis (ana_id, ana_resultado, ana_creacion, ana_estado, fin_id) VALUES (21, 'can', '2013-06-25', 1, 21);
INSERT INTO analisis (ana_id, ana_resultado, ana_creacion, ana_estado, fin_id) VALUES (22, 'card', '1997-09-22', 1, 22);
INSERT INTO analisis (ana_id, ana_resultado, ana_creacion, ana_estado, fin_id) VALUES (23, 'sometimes', '2001-11-15', 0, 23);
INSERT INTO analisis (ana_id, ana_resultado, ana_creacion, ana_estado, fin_id) VALUES (24, 'media', '2008-11-30', 1, 24);
INSERT INTO analisis (ana_id, ana_resultado, ana_creacion, ana_estado, fin_id) VALUES (25, 'professor', '1995-07-28', 0, 25);
INSERT INTO analisis (ana_id, ana_resultado, ana_creacion, ana_estado, fin_id) VALUES (26, 'week', '1982-10-07', 1, 26);
INSERT INTO analisis (ana_id, ana_resultado, ana_creacion, ana_estado, fin_id) VALUES (27, 'action', '1977-12-16', 0, 27);
INSERT INTO analisis (ana_id, ana_resultado, ana_creacion, ana_estado, fin_id) VALUES (28, 'that', '1972-04-01', 1, 28);
INSERT INTO analisis (ana_id, ana_resultado, ana_creacion, ana_estado, fin_id) VALUES (29, 'we', '1980-02-13', 1, 29);
INSERT INTO analisis (ana_id, ana_resultado, ana_creacion, ana_estado, fin_id) VALUES (30, 'organization', '1983-12-23', 0, 30);
INSERT INTO analisis (ana_id, ana_resultado, ana_creacion, ana_estado, fin_id) VALUES (31, 'produce', '1986-07-15', 0, 31);
INSERT INTO analisis (ana_id, ana_resultado, ana_creacion, ana_estado, fin_id) VALUES (32, 'check', '1974-07-20', 0, 32);
INSERT INTO analisis (ana_id, ana_resultado, ana_creacion, ana_estado, fin_id) VALUES (33, 'after', '2007-04-24', 1, 33);
INSERT INTO analisis (ana_id, ana_resultado, ana_creacion, ana_estado, fin_id) VALUES (34, 'indicate', '2020-03-23', 0, 34);
INSERT INTO analisis (ana_id, ana_resultado, ana_creacion, ana_estado, fin_id) VALUES (35, 'happen', '2017-12-27', 1, 35);
INSERT INTO analisis (ana_id, ana_resultado, ana_creacion, ana_estado, fin_id) VALUES (36, 'behavior', '2006-05-26', 1, 36);
INSERT INTO analisis (ana_id, ana_resultado, ana_creacion, ana_estado, fin_id) VALUES (37, 'recently', '2022-03-27', 1, 37);
INSERT INTO analisis (ana_id, ana_resultado, ana_creacion, ana_estado, fin_id) VALUES (38, 'newspaper', '1982-02-20', 1, 38);
INSERT INTO analisis (ana_id, ana_resultado, ana_creacion, ana_estado, fin_id) VALUES (39, 'television', '1990-03-15', 0, 39);
INSERT INTO analisis (ana_id, ana_resultado, ana_creacion, ana_estado, fin_id) VALUES (40, 'establish', '2016-05-04', 1, 40);
INSERT INTO analisis (ana_id, ana_resultado, ana_creacion, ana_estado, fin_id) VALUES (41, 'article', '2019-09-05', 0, 41);
INSERT INTO analisis (ana_id, ana_resultado, ana_creacion, ana_estado, fin_id) VALUES (42, 'couple', '2002-09-11', 0, 42);
INSERT INTO analisis (ana_id, ana_resultado, ana_creacion, ana_estado, fin_id) VALUES (43, 'actually', '1985-05-31', 0, 43);
INSERT INTO analisis (ana_id, ana_resultado, ana_creacion, ana_estado, fin_id) VALUES (44, 'animal', '2003-09-05', 0, 44);
INSERT INTO analisis (ana_id, ana_resultado, ana_creacion, ana_estado, fin_id) VALUES (45, 'perform', '1976-10-27', 1, 45);
INSERT INTO analisis (ana_id, ana_resultado, ana_creacion, ana_estado, fin_id) VALUES (46, 'summer', '2017-10-13', 1, 46);
INSERT INTO analisis (ana_id, ana_resultado, ana_creacion, ana_estado, fin_id) VALUES (47, 'opportunity', '2007-02-07', 0, 47);
INSERT INTO analisis (ana_id, ana_resultado, ana_creacion, ana_estado, fin_id) VALUES (48, 'process', '1975-07-13', 1, 48);
INSERT INTO analisis (ana_id, ana_resultado, ana_creacion, ana_estado, fin_id) VALUES (49, 'one', '1991-04-03', 0, 49);
INSERT INTO analisis (ana_id, ana_resultado, ana_creacion, ana_estado, fin_id) VALUES (50, 'debate', '1981-04-25', 1, 50);
INSERT INTO analisis (ana_id, ana_resultado, ana_creacion, ana_estado, fin_id) VALUES (51, 'western', '1974-06-15', 0, 51);
INSERT INTO analisis (ana_id, ana_resultado, ana_creacion, ana_estado, fin_id) VALUES (52, 'window', '2021-02-13', 1, 52);
INSERT INTO analisis (ana_id, ana_resultado, ana_creacion, ana_estado, fin_id) VALUES (53, 'late', '1976-01-27', 0, 53);
INSERT INTO analisis (ana_id, ana_resultado, ana_creacion, ana_estado, fin_id) VALUES (54, 'rule', '2017-08-31', 0, 54);
INSERT INTO analisis (ana_id, ana_resultado, ana_creacion, ana_estado, fin_id) VALUES (55, 'minute', '1995-10-23', 0, 55);
INSERT INTO analisis (ana_id, ana_resultado, ana_creacion, ana_estado, fin_id) VALUES (56, 'your', '1997-02-23', 1, 56);
INSERT INTO analisis (ana_id, ana_resultado, ana_creacion, ana_estado, fin_id) VALUES (57, 'plant', '2018-07-10', 0, 57);
INSERT INTO analisis (ana_id, ana_resultado, ana_creacion, ana_estado, fin_id) VALUES (58, 'dinner', '1978-03-07', 0, 58);
INSERT INTO analisis (ana_id, ana_resultado, ana_creacion, ana_estado, fin_id) VALUES (59, 'remain', '1992-02-18', 1, 59);
INSERT INTO analisis (ana_id, ana_resultado, ana_creacion, ana_estado, fin_id) VALUES (60, 'major', '2020-07-01', 0, 60);
INSERT INTO analisis (ana_id, ana_resultado, ana_creacion, ana_estado, fin_id) VALUES (61, 'poor', '1991-01-19', 0, 61);
INSERT INTO analisis (ana_id, ana_resultado, ana_creacion, ana_estado, fin_id) VALUES (62, 'our', '2006-05-15', 0, 62);
INSERT INTO analisis (ana_id, ana_resultado, ana_creacion, ana_estado, fin_id) VALUES (63, 'wife', '2017-09-16', 0, 63);
INSERT INTO analisis (ana_id, ana_resultado, ana_creacion, ana_estado, fin_id) VALUES (64, 'church', '1978-09-28', 1, 64);
INSERT INTO analisis (ana_id, ana_resultado, ana_creacion, ana_estado, fin_id) VALUES (65, 'land', '1983-04-05', 0, 65);
INSERT INTO analisis (ana_id, ana_resultado, ana_creacion, ana_estado, fin_id) VALUES (66, 'scientist', '1975-02-22', 0, 66);
INSERT INTO analisis (ana_id, ana_resultado, ana_creacion, ana_estado, fin_id) VALUES (67, 'clear', '2001-07-07', 1, 67);
INSERT INTO analisis (ana_id, ana_resultado, ana_creacion, ana_estado, fin_id) VALUES (68, 'value', '2015-09-18', 1, 68);
INSERT INTO analisis (ana_id, ana_resultado, ana_creacion, ana_estado, fin_id) VALUES (69, 'seven', '2019-11-25', 1, 69);
INSERT INTO analisis (ana_id, ana_resultado, ana_creacion, ana_estado, fin_id) VALUES (70, 'situation', '1986-04-06', 1, 70);
INSERT INTO analisis (ana_id, ana_resultado, ana_creacion, ana_estado, fin_id) VALUES (71, 'world', '1989-06-18', 1, 71);
INSERT INTO analisis (ana_id, ana_resultado, ana_creacion, ana_estado, fin_id) VALUES (72, 'her', '1986-06-25', 0, 72);
INSERT INTO analisis (ana_id, ana_resultado, ana_creacion, ana_estado, fin_id) VALUES (73, 'letter', '2001-06-14', 0, 73);
INSERT INTO analisis (ana_id, ana_resultado, ana_creacion, ana_estado, fin_id) VALUES (74, 'level', '1970-11-25', 0, 74);
INSERT INTO analisis (ana_id, ana_resultado, ana_creacion, ana_estado, fin_id) VALUES (75, 'form', '1976-08-17', 0, 75);
INSERT INTO analisis (ana_id, ana_resultado, ana_creacion, ana_estado, fin_id) VALUES (76, 'some', '1986-07-15', 1, 76);
INSERT INTO analisis (ana_id, ana_resultado, ana_creacion, ana_estado, fin_id) VALUES (77, 'company', '2002-02-05', 1, 77);
INSERT INTO analisis (ana_id, ana_resultado, ana_creacion, ana_estado, fin_id) VALUES (78, 'accept', '1989-08-21', 1, 78);
INSERT INTO analisis (ana_id, ana_resultado, ana_creacion, ana_estado, fin_id) VALUES (79, 'process', '1973-12-14', 0, 79);
INSERT INTO analisis (ana_id, ana_resultado, ana_creacion, ana_estado, fin_id) VALUES (80, 'show', '2017-05-27', 1, 80);
INSERT INTO analisis (ana_id, ana_resultado, ana_creacion, ana_estado, fin_id) VALUES (81, 'sport', '1996-06-17', 1, 81);
INSERT INTO analisis (ana_id, ana_resultado, ana_creacion, ana_estado, fin_id) VALUES (82, 'number', '2020-02-29', 1, 82);
INSERT INTO analisis (ana_id, ana_resultado, ana_creacion, ana_estado, fin_id) VALUES (83, 'generation', '2010-11-01', 1, 83);
INSERT INTO analisis (ana_id, ana_resultado, ana_creacion, ana_estado, fin_id) VALUES (84, 'low', '1990-06-13', 0, 84);
INSERT INTO analisis (ana_id, ana_resultado, ana_creacion, ana_estado, fin_id) VALUES (85, 'former', '1980-07-19', 1, 85);
INSERT INTO analisis (ana_id, ana_resultado, ana_creacion, ana_estado, fin_id) VALUES (86, 'claim', '1993-07-18', 0, 86);
INSERT INTO analisis (ana_id, ana_resultado, ana_creacion, ana_estado, fin_id) VALUES (87, 'give', '2020-12-28', 1, 87);
INSERT INTO analisis (ana_id, ana_resultado, ana_creacion, ana_estado, fin_id) VALUES (88, 'evidence', '2003-11-09', 1, 88);
INSERT INTO analisis (ana_id, ana_resultado, ana_creacion, ana_estado, fin_id) VALUES (89, 'during', '2007-02-11', 0, 89);
INSERT INTO analisis (ana_id, ana_resultado, ana_creacion, ana_estado, fin_id) VALUES (90, 'national', '2005-12-26', 1, 90);
INSERT INTO analisis (ana_id, ana_resultado, ana_creacion, ana_estado, fin_id) VALUES (91, 'little', '2023-02-18', 1, 91);
INSERT INTO analisis (ana_id, ana_resultado, ana_creacion, ana_estado, fin_id) VALUES (92, 'hour', '1987-09-29', 1, 92);
INSERT INTO analisis (ana_id, ana_resultado, ana_creacion, ana_estado, fin_id) VALUES (93, 'daughter', '1995-10-16', 0, 93);
INSERT INTO analisis (ana_id, ana_resultado, ana_creacion, ana_estado, fin_id) VALUES (94, 'artist', '1976-01-02', 1, 94);
INSERT INTO analisis (ana_id, ana_resultado, ana_creacion, ana_estado, fin_id) VALUES (95, 'factor', '2021-04-25', 0, 95);
INSERT INTO analisis (ana_id, ana_resultado, ana_creacion, ana_estado, fin_id) VALUES (96, 'machine', '1979-11-10', 1, 96);
INSERT INTO analisis (ana_id, ana_resultado, ana_creacion, ana_estado, fin_id) VALUES (97, 'term', '1997-08-21', 1, 97);
INSERT INTO analisis (ana_id, ana_resultado, ana_creacion, ana_estado, fin_id) VALUES (98, 'color', '1981-02-14', 1, 98);
INSERT INTO analisis (ana_id, ana_resultado, ana_creacion, ana_estado, fin_id) VALUES (99, 'role', '2007-12-15', 0, 99);
INSERT INTO analisis (ana_id, ana_resultado, ana_creacion, ana_estado, fin_id) VALUES (100, 'still', '1975-12-30', 1, 100);
INSERT INTO riesgo (rie_id, rie_tipo, rie_mitigacion, rie_creacion, rie_estado, fin_id) VALUES (1, 'at', 'PM', '1971-08-16', 0, 1);
INSERT INTO riesgo (rie_id, rie_tipo, rie_mitigacion, rie_creacion, rie_estado, fin_id) VALUES (2, 'season', 'sign', '1971-02-02', 0, 2);
INSERT INTO riesgo (rie_id, rie_tipo, rie_mitigacion, rie_creacion, rie_estado, fin_id) VALUES (3, 'thought', 'sure', '1971-07-09', 1, 3);
INSERT INTO riesgo (rie_id, rie_tipo, rie_mitigacion, rie_creacion, rie_estado, fin_id) VALUES (4, 'rise', 'interview', '2018-06-19', 0, 4);
INSERT INTO riesgo (rie_id, rie_tipo, rie_mitigacion, rie_creacion, rie_estado, fin_id) VALUES (5, 'upon', 'enough', '1970-07-27', 1, 5);
INSERT INTO riesgo (rie_id, rie_tipo, rie_mitigacion, rie_creacion, rie_estado, fin_id) VALUES (6, 'another', 'least', '2020-04-08', 0, 6);
INSERT INTO riesgo (rie_id, rie_tipo, rie_mitigacion, rie_creacion, rie_estado, fin_id) VALUES (7, 'ability', 'great', '1973-11-23', 1, 7);
INSERT INTO riesgo (rie_id, rie_tipo, rie_mitigacion, rie_creacion, rie_estado, fin_id) VALUES (8, 'imagine', 'interview', '1994-05-25', 0, 8);
INSERT INTO riesgo (rie_id, rie_tipo, rie_mitigacion, rie_creacion, rie_estado, fin_id) VALUES (9, 'run', 'break', '1982-03-15', 0, 9);
INSERT INTO riesgo (rie_id, rie_tipo, rie_mitigacion, rie_creacion, rie_estado, fin_id) VALUES (10, 'mouth', 'song', '2003-01-12', 0, 10);
INSERT INTO riesgo (rie_id, rie_tipo, rie_mitigacion, rie_creacion, rie_estado, fin_id) VALUES (11, 'our', 'work', '2010-10-29', 0, 11);
INSERT INTO riesgo (rie_id, rie_tipo, rie_mitigacion, rie_creacion, rie_estado, fin_id) VALUES (12, 'fight', 'forget', '2006-07-26', 0, 12);
INSERT INTO riesgo (rie_id, rie_tipo, rie_mitigacion, rie_creacion, rie_estado, fin_id) VALUES (13, 'baby', 'budget', '1998-07-02', 1, 13);
INSERT INTO riesgo (rie_id, rie_tipo, rie_mitigacion, rie_creacion, rie_estado, fin_id) VALUES (14, 'you', 'lose', '1972-03-14', 1, 14);
INSERT INTO riesgo (rie_id, rie_tipo, rie_mitigacion, rie_creacion, rie_estado, fin_id) VALUES (15, 'yard', 'ball', '1980-07-01', 1, 15);
INSERT INTO riesgo (rie_id, rie_tipo, rie_mitigacion, rie_creacion, rie_estado, fin_id) VALUES (16, 'offer', 'brother', '1987-02-20', 1, 16);
INSERT INTO riesgo (rie_id, rie_tipo, rie_mitigacion, rie_creacion, rie_estado, fin_id) VALUES (17, 'should', 'dark', '1981-10-16', 0, 17);
INSERT INTO riesgo (rie_id, rie_tipo, rie_mitigacion, rie_creacion, rie_estado, fin_id) VALUES (18, 'sense', 'and', '1970-05-04', 0, 18);
INSERT INTO riesgo (rie_id, rie_tipo, rie_mitigacion, rie_creacion, rie_estado, fin_id) VALUES (19, 'spring', 'else', '2008-03-17', 1, 19);
INSERT INTO riesgo (rie_id, rie_tipo, rie_mitigacion, rie_creacion, rie_estado, fin_id) VALUES (20, 'exactly', 'world', '1986-08-19', 1, 20);
INSERT INTO riesgo (rie_id, rie_tipo, rie_mitigacion, rie_creacion, rie_estado, fin_id) VALUES (21, 'check', 'serve', '2002-07-22', 0, 21);
INSERT INTO riesgo (rie_id, rie_tipo, rie_mitigacion, rie_creacion, rie_estado, fin_id) VALUES (22, 'course', 'chance', '1975-04-21', 0, 22);
INSERT INTO riesgo (rie_id, rie_tipo, rie_mitigacion, rie_creacion, rie_estado, fin_id) VALUES (23, 'five', 'scene', '2012-07-26', 0, 23);
INSERT INTO riesgo (rie_id, rie_tipo, rie_mitigacion, rie_creacion, rie_estado, fin_id) VALUES (24, 'everyone', 'conference', '1994-05-01', 1, 24);
INSERT INTO riesgo (rie_id, rie_tipo, rie_mitigacion, rie_creacion, rie_estado, fin_id) VALUES (25, 'not', 'line', '1978-05-13', 0, 25);
INSERT INTO riesgo (rie_id, rie_tipo, rie_mitigacion, rie_creacion, rie_estado, fin_id) VALUES (26, 'whose', 'week', '2002-01-12', 1, 26);
INSERT INTO riesgo (rie_id, rie_tipo, rie_mitigacion, rie_creacion, rie_estado, fin_id) VALUES (27, 'less', 'section', '1983-09-22', 0, 27);
INSERT INTO riesgo (rie_id, rie_tipo, rie_mitigacion, rie_creacion, rie_estado, fin_id) VALUES (28, 'own', 'sense', '2014-04-24', 1, 28);
INSERT INTO riesgo (rie_id, rie_tipo, rie_mitigacion, rie_creacion, rie_estado, fin_id) VALUES (29, 'young', 'style', '1978-05-17', 1, 29);
INSERT INTO riesgo (rie_id, rie_tipo, rie_mitigacion, rie_creacion, rie_estado, fin_id) VALUES (30, 'where', 'rule', '2008-10-18', 1, 30);
INSERT INTO riesgo (rie_id, rie_tipo, rie_mitigacion, rie_creacion, rie_estado, fin_id) VALUES (31, 'speak', 'across', '1992-05-26', 1, 31);
INSERT INTO riesgo (rie_id, rie_tipo, rie_mitigacion, rie_creacion, rie_estado, fin_id) VALUES (32, 'force', 'drop', '1983-08-20', 1, 32);
INSERT INTO riesgo (rie_id, rie_tipo, rie_mitigacion, rie_creacion, rie_estado, fin_id) VALUES (33, 'big', 'possible', '1986-03-16', 0, 33);
INSERT INTO riesgo (rie_id, rie_tipo, rie_mitigacion, rie_creacion, rie_estado, fin_id) VALUES (34, 'reflect', 'reduce', '1989-05-10', 0, 34);
INSERT INTO riesgo (rie_id, rie_tipo, rie_mitigacion, rie_creacion, rie_estado, fin_id) VALUES (35, 'war', 'law', '1970-11-10', 0, 35);
INSERT INTO riesgo (rie_id, rie_tipo, rie_mitigacion, rie_creacion, rie_estado, fin_id) VALUES (36, 'let', 'beyond', '1989-06-23', 0, 36);
INSERT INTO riesgo (rie_id, rie_tipo, rie_mitigacion, rie_creacion, rie_estado, fin_id) VALUES (37, 'public', 'trip', '1989-11-12', 0, 37);
INSERT INTO riesgo (rie_id, rie_tipo, rie_mitigacion, rie_creacion, rie_estado, fin_id) VALUES (38, 'Congress', 'risk', '1987-04-12', 1, 38);
INSERT INTO riesgo (rie_id, rie_tipo, rie_mitigacion, rie_creacion, rie_estado, fin_id) VALUES (39, 'face', 'employee', '2010-08-20', 0, 39);
INSERT INTO riesgo (rie_id, rie_tipo, rie_mitigacion, rie_creacion, rie_estado, fin_id) VALUES (40, 'American', 'seem', '1988-04-22', 0, 40);
INSERT INTO riesgo (rie_id, rie_tipo, rie_mitigacion, rie_creacion, rie_estado, fin_id) VALUES (41, 'physical', 'imagine', '2002-01-03', 1, 41);
INSERT INTO riesgo (rie_id, rie_tipo, rie_mitigacion, rie_creacion, rie_estado, fin_id) VALUES (42, 'service', 'white', '1989-05-31', 1, 42);
INSERT INTO riesgo (rie_id, rie_tipo, rie_mitigacion, rie_creacion, rie_estado, fin_id) VALUES (43, 'market', 'Republican', '1980-03-29', 0, 43);
INSERT INTO riesgo (rie_id, rie_tipo, rie_mitigacion, rie_creacion, rie_estado, fin_id) VALUES (44, 'later', 'can', '2009-06-17', 0, 44);
INSERT INTO riesgo (rie_id, rie_tipo, rie_mitigacion, rie_creacion, rie_estado, fin_id) VALUES (45, 'save', 'its', '2010-09-22', 0, 45);
INSERT INTO riesgo (rie_id, rie_tipo, rie_mitigacion, rie_creacion, rie_estado, fin_id) VALUES (46, 'however', 'wonder', '2014-02-23', 1, 46);
INSERT INTO riesgo (rie_id, rie_tipo, rie_mitigacion, rie_creacion, rie_estado, fin_id) VALUES (47, 'nothing', 'meeting', '2002-04-21', 0, 47);
INSERT INTO riesgo (rie_id, rie_tipo, rie_mitigacion, rie_creacion, rie_estado, fin_id) VALUES (48, 'thought', 'yet', '1976-06-30', 0, 48);
INSERT INTO riesgo (rie_id, rie_tipo, rie_mitigacion, rie_creacion, rie_estado, fin_id) VALUES (49, 'important', 'contain', '1997-11-29', 1, 49);
INSERT INTO riesgo (rie_id, rie_tipo, rie_mitigacion, rie_creacion, rie_estado, fin_id) VALUES (50, 'card', 'note', '2008-11-15', 1, 50);
INSERT INTO riesgo (rie_id, rie_tipo, rie_mitigacion, rie_creacion, rie_estado, fin_id) VALUES (51, 'another', 'media', '1982-08-18', 1, 51);
INSERT INTO riesgo (rie_id, rie_tipo, rie_mitigacion, rie_creacion, rie_estado, fin_id) VALUES (52, 'work', 'choose', '2001-07-27', 1, 52);
INSERT INTO riesgo (rie_id, rie_tipo, rie_mitigacion, rie_creacion, rie_estado, fin_id) VALUES (53, 'month', 'wall', '2020-12-05', 0, 53);
INSERT INTO riesgo (rie_id, rie_tipo, rie_mitigacion, rie_creacion, rie_estado, fin_id) VALUES (54, 'happen', 'enough', '2003-04-13', 0, 54);
INSERT INTO riesgo (rie_id, rie_tipo, rie_mitigacion, rie_creacion, rie_estado, fin_id) VALUES (55, 'walk', 'theory', '1996-03-13', 0, 55);
INSERT INTO riesgo (rie_id, rie_tipo, rie_mitigacion, rie_creacion, rie_estado, fin_id) VALUES (56, 'perform', 'Congress', '1978-06-10', 1, 56);
INSERT INTO riesgo (rie_id, rie_tipo, rie_mitigacion, rie_creacion, rie_estado, fin_id) VALUES (57, 'authority', 'during', '1980-05-26', 0, 57);
INSERT INTO riesgo (rie_id, rie_tipo, rie_mitigacion, rie_creacion, rie_estado, fin_id) VALUES (58, 'human', 'woman', '2005-07-21', 0, 58);
INSERT INTO riesgo (rie_id, rie_tipo, rie_mitigacion, rie_creacion, rie_estado, fin_id) VALUES (59, 'surface', 'age', '1976-12-16', 1, 59);
INSERT INTO riesgo (rie_id, rie_tipo, rie_mitigacion, rie_creacion, rie_estado, fin_id) VALUES (60, 'blue', 'sing', '2008-11-07', 1, 60);
INSERT INTO riesgo (rie_id, rie_tipo, rie_mitigacion, rie_creacion, rie_estado, fin_id) VALUES (61, 'weight', 'structure', '1987-06-08', 1, 61);
INSERT INTO riesgo (rie_id, rie_tipo, rie_mitigacion, rie_creacion, rie_estado, fin_id) VALUES (62, 'billion', 'stay', '2007-02-04', 1, 62);
INSERT INTO riesgo (rie_id, rie_tipo, rie_mitigacion, rie_creacion, rie_estado, fin_id) VALUES (63, 'foot', 'end', '1989-07-24', 1, 63);
INSERT INTO riesgo (rie_id, rie_tipo, rie_mitigacion, rie_creacion, rie_estado, fin_id) VALUES (64, 'training', 'ago', '2010-03-23', 1, 64);
INSERT INTO riesgo (rie_id, rie_tipo, rie_mitigacion, rie_creacion, rie_estado, fin_id) VALUES (65, 'fire', 'become', '2014-10-31', 1, 65);
INSERT INTO riesgo (rie_id, rie_tipo, rie_mitigacion, rie_creacion, rie_estado, fin_id) VALUES (66, 'national', 'admit', '2022-12-14', 1, 66);
INSERT INTO riesgo (rie_id, rie_tipo, rie_mitigacion, rie_creacion, rie_estado, fin_id) VALUES (67, 'hard', 'game', '1986-09-11', 0, 67);
INSERT INTO riesgo (rie_id, rie_tipo, rie_mitigacion, rie_creacion, rie_estado, fin_id) VALUES (68, 'shoulder', 'wife', '1983-09-25', 1, 68);
INSERT INTO riesgo (rie_id, rie_tipo, rie_mitigacion, rie_creacion, rie_estado, fin_id) VALUES (69, 'happen', 'try', '2011-03-03', 0, 69);
INSERT INTO riesgo (rie_id, rie_tipo, rie_mitigacion, rie_creacion, rie_estado, fin_id) VALUES (70, 'account', 'look', '1982-11-05', 0, 70);
INSERT INTO riesgo (rie_id, rie_tipo, rie_mitigacion, rie_creacion, rie_estado, fin_id) VALUES (71, 'campaign', 'example', '1984-12-25', 1, 71);
INSERT INTO riesgo (rie_id, rie_tipo, rie_mitigacion, rie_creacion, rie_estado, fin_id) VALUES (72, 'heavy', 'home', '1976-10-21', 0, 72);
INSERT INTO riesgo (rie_id, rie_tipo, rie_mitigacion, rie_creacion, rie_estado, fin_id) VALUES (73, 'artist', 'difference', '1986-03-31', 1, 73);
INSERT INTO riesgo (rie_id, rie_tipo, rie_mitigacion, rie_creacion, rie_estado, fin_id) VALUES (74, 'bar', 'similar', '1990-12-17', 1, 74);
INSERT INTO riesgo (rie_id, rie_tipo, rie_mitigacion, rie_creacion, rie_estado, fin_id) VALUES (75, 'article', 'glass', '1989-11-18', 0, 75);
INSERT INTO riesgo (rie_id, rie_tipo, rie_mitigacion, rie_creacion, rie_estado, fin_id) VALUES (76, 'relate', 'go', '2022-05-02', 1, 76);
INSERT INTO riesgo (rie_id, rie_tipo, rie_mitigacion, rie_creacion, rie_estado, fin_id) VALUES (77, 'ahead', 'find', '2023-10-08', 0, 77);
INSERT INTO riesgo (rie_id, rie_tipo, rie_mitigacion, rie_creacion, rie_estado, fin_id) VALUES (78, 'table', 'various', '2010-10-09', 0, 78);
INSERT INTO riesgo (rie_id, rie_tipo, rie_mitigacion, rie_creacion, rie_estado, fin_id) VALUES (79, 'job', 'soon', '2004-08-14', 0, 79);
INSERT INTO riesgo (rie_id, rie_tipo, rie_mitigacion, rie_creacion, rie_estado, fin_id) VALUES (80, 'whom', 'state', '2003-09-08', 0, 80);
INSERT INTO riesgo (rie_id, rie_tipo, rie_mitigacion, rie_creacion, rie_estado, fin_id) VALUES (81, 'billion', 'exactly', '1995-01-12', 1, 81);
INSERT INTO riesgo (rie_id, rie_tipo, rie_mitigacion, rie_creacion, rie_estado, fin_id) VALUES (82, 'total', 'appear', '1989-10-30', 0, 82);
INSERT INTO riesgo (rie_id, rie_tipo, rie_mitigacion, rie_creacion, rie_estado, fin_id) VALUES (83, 'physical', 'civil', '1974-03-01', 1, 83);
INSERT INTO riesgo (rie_id, rie_tipo, rie_mitigacion, rie_creacion, rie_estado, fin_id) VALUES (84, 'own', 'onto', '1979-11-28', 0, 84);
INSERT INTO riesgo (rie_id, rie_tipo, rie_mitigacion, rie_creacion, rie_estado, fin_id) VALUES (85, 'no', 'paper', '2010-07-07', 1, 85);
INSERT INTO riesgo (rie_id, rie_tipo, rie_mitigacion, rie_creacion, rie_estado, fin_id) VALUES (86, 'different', 'recognize', '1993-01-26', 0, 86);
INSERT INTO riesgo (rie_id, rie_tipo, rie_mitigacion, rie_creacion, rie_estado, fin_id) VALUES (87, 'your', 'north', '2007-11-25', 1, 87);
INSERT INTO riesgo (rie_id, rie_tipo, rie_mitigacion, rie_creacion, rie_estado, fin_id) VALUES (88, 'arrive', 'painting', '2020-05-13', 0, 88);
INSERT INTO riesgo (rie_id, rie_tipo, rie_mitigacion, rie_creacion, rie_estado, fin_id) VALUES (89, 'deal', 'shoulder', '1992-05-21', 0, 89);
INSERT INTO riesgo (rie_id, rie_tipo, rie_mitigacion, rie_creacion, rie_estado, fin_id) VALUES (90, 'investment', 'itself', '1990-11-23', 0, 90);
INSERT INTO riesgo (rie_id, rie_tipo, rie_mitigacion, rie_creacion, rie_estado, fin_id) VALUES (91, 'fund', 'budget', '2016-04-28', 0, 91);
INSERT INTO riesgo (rie_id, rie_tipo, rie_mitigacion, rie_creacion, rie_estado, fin_id) VALUES (92, 'grow', 'hear', '1997-08-28', 1, 92);
INSERT INTO riesgo (rie_id, rie_tipo, rie_mitigacion, rie_creacion, rie_estado, fin_id) VALUES (93, 'few', 'choose', '2019-07-13', 1, 93);
INSERT INTO riesgo (rie_id, rie_tipo, rie_mitigacion, rie_creacion, rie_estado, fin_id) VALUES (94, 'whole', 'international', '1970-11-03', 1, 94);
INSERT INTO riesgo (rie_id, rie_tipo, rie_mitigacion, rie_creacion, rie_estado, fin_id) VALUES (95, 'each', 'as', '1992-01-30', 1, 95);
INSERT INTO riesgo (rie_id, rie_tipo, rie_mitigacion, rie_creacion, rie_estado, fin_id) VALUES (96, 'think', 'security', '2013-05-02', 0, 96);
INSERT INTO riesgo (rie_id, rie_tipo, rie_mitigacion, rie_creacion, rie_estado, fin_id) VALUES (97, 'between', 'baby', '2002-04-10', 0, 97);
INSERT INTO riesgo (rie_id, rie_tipo, rie_mitigacion, rie_creacion, rie_estado, fin_id) VALUES (98, 'purpose', 'describe', '1981-11-19', 1, 98);
INSERT INTO riesgo (rie_id, rie_tipo, rie_mitigacion, rie_creacion, rie_estado, fin_id) VALUES (99, 'open', 'eat', '2002-12-04', 1, 99);
INSERT INTO riesgo (rie_id, rie_tipo, rie_mitigacion, rie_creacion, rie_estado, fin_id) VALUES (100, 'performance', 'treatment', '1985-10-08', 1, 100);
INSERT INTO inversiones (inv_id, fin_id, inv_tipo_inversion, inv_retorno_esperado, inv_retorno, inv_creacion, inv_estado) VALUES (1, 1, 'walk', 85.73, 42.49, '1977-11-16', 0);
INSERT INTO inversiones (inv_id, fin_id, inv_tipo_inversion, inv_retorno_esperado, inv_retorno, inv_creacion, inv_estado) VALUES (2, 2, 'face', 47.18, 18.81, '2005-05-24', 0);
INSERT INTO inversiones (inv_id, fin_id, inv_tipo_inversion, inv_retorno_esperado, inv_retorno, inv_creacion, inv_estado) VALUES (3, 3, 'happy', 13.18, 96.03, '1999-06-21', 0);
INSERT INTO inversiones (inv_id, fin_id, inv_tipo_inversion, inv_retorno_esperado, inv_retorno, inv_creacion, inv_estado) VALUES (4, 4, 'executive', 43.32, 34.48, '2009-07-16', 0);
INSERT INTO inversiones (inv_id, fin_id, inv_tipo_inversion, inv_retorno_esperado, inv_retorno, inv_creacion, inv_estado) VALUES (5, 5, 'bit', 41.47, 17.96, '2019-05-27', 0);
INSERT INTO inversiones (inv_id, fin_id, inv_tipo_inversion, inv_retorno_esperado, inv_retorno, inv_creacion, inv_estado) VALUES (6, 6, 'positive', 3.4, 58.97, '1978-10-28', 1);
INSERT INTO inversiones (inv_id, fin_id, inv_tipo_inversion, inv_retorno_esperado, inv_retorno, inv_creacion, inv_estado) VALUES (7, 7, 'last', 86.06, 70.57, '1990-05-18', 1);
INSERT INTO inversiones (inv_id, fin_id, inv_tipo_inversion, inv_retorno_esperado, inv_retorno, inv_creacion, inv_estado) VALUES (8, 8, 'probably', 21.53, 84.33, '1981-08-07', 0);
INSERT INTO inversiones (inv_id, fin_id, inv_tipo_inversion, inv_retorno_esperado, inv_retorno, inv_creacion, inv_estado) VALUES (9, 9, 'set', 29.61, 97.96, '1997-02-01', 1);
INSERT INTO inversiones (inv_id, fin_id, inv_tipo_inversion, inv_retorno_esperado, inv_retorno, inv_creacion, inv_estado) VALUES (10, 10, 'theory', 67.1, 16.83, '1996-01-17', 0);
INSERT INTO inversiones (inv_id, fin_id, inv_tipo_inversion, inv_retorno_esperado, inv_retorno, inv_creacion, inv_estado) VALUES (11, 11, 'performance', 84.9, 26.62, '2020-01-18', 1);
INSERT INTO inversiones (inv_id, fin_id, inv_tipo_inversion, inv_retorno_esperado, inv_retorno, inv_creacion, inv_estado) VALUES (12, 12, 'blue', 2.63, 16.54, '2024-01-24', 0);
INSERT INTO inversiones (inv_id, fin_id, inv_tipo_inversion, inv_retorno_esperado, inv_retorno, inv_creacion, inv_estado) VALUES (13, 13, 'despite', 8.9, 44.88, '1985-08-05', 1);
INSERT INTO inversiones (inv_id, fin_id, inv_tipo_inversion, inv_retorno_esperado, inv_retorno, inv_creacion, inv_estado) VALUES (14, 14, 'put', 8.37, 48.18, '1988-10-24', 1);
INSERT INTO inversiones (inv_id, fin_id, inv_tipo_inversion, inv_retorno_esperado, inv_retorno, inv_creacion, inv_estado) VALUES (15, 15, 'perform', 35.12, 9.46, '2016-02-20', 0);
INSERT INTO inversiones (inv_id, fin_id, inv_tipo_inversion, inv_retorno_esperado, inv_retorno, inv_creacion, inv_estado) VALUES (16, 16, 'president', 87.82, 33.35, '1995-07-14', 1);
INSERT INTO inversiones (inv_id, fin_id, inv_tipo_inversion, inv_retorno_esperado, inv_retorno, inv_creacion, inv_estado) VALUES (17, 17, 'room', 49.1, 93.43, '2022-04-17', 1);
INSERT INTO inversiones (inv_id, fin_id, inv_tipo_inversion, inv_retorno_esperado, inv_retorno, inv_creacion, inv_estado) VALUES (18, 18, 'social', 75.45, 35.35, '1993-04-01', 0);
INSERT INTO inversiones (inv_id, fin_id, inv_tipo_inversion, inv_retorno_esperado, inv_retorno, inv_creacion, inv_estado) VALUES (19, 19, 'morning', 19.1, 34.15, '2011-03-02', 0);
INSERT INTO inversiones (inv_id, fin_id, inv_tipo_inversion, inv_retorno_esperado, inv_retorno, inv_creacion, inv_estado) VALUES (20, 20, 'class', 27.7, 43.04, '2008-02-20', 0);
INSERT INTO inversiones (inv_id, fin_id, inv_tipo_inversion, inv_retorno_esperado, inv_retorno, inv_creacion, inv_estado) VALUES (21, 21, 'sometimes', 51.81, 51.86, '2000-05-16', 1);
INSERT INTO inversiones (inv_id, fin_id, inv_tipo_inversion, inv_retorno_esperado, inv_retorno, inv_creacion, inv_estado) VALUES (22, 22, 'suggest', 84.82, 31.72, '2003-10-20', 1);
INSERT INTO inversiones (inv_id, fin_id, inv_tipo_inversion, inv_retorno_esperado, inv_retorno, inv_creacion, inv_estado) VALUES (23, 23, 'form', 80.21, 6.43, '2015-02-17', 1);
INSERT INTO inversiones (inv_id, fin_id, inv_tipo_inversion, inv_retorno_esperado, inv_retorno, inv_creacion, inv_estado) VALUES (24, 24, 'sense', 76.15, 53.49, '1988-03-01', 0);
INSERT INTO inversiones (inv_id, fin_id, inv_tipo_inversion, inv_retorno_esperado, inv_retorno, inv_creacion, inv_estado) VALUES (25, 25, 'today', 12.36, 53.27, '2009-09-11', 1);
INSERT INTO inversiones (inv_id, fin_id, inv_tipo_inversion, inv_retorno_esperado, inv_retorno, inv_creacion, inv_estado) VALUES (26, 26, 'marriage', 58.41, 12.49, '1983-02-23', 0);
INSERT INTO inversiones (inv_id, fin_id, inv_tipo_inversion, inv_retorno_esperado, inv_retorno, inv_creacion, inv_estado) VALUES (27, 27, 'actually', 12.71, 79.96, '2016-08-16', 0);
INSERT INTO inversiones (inv_id, fin_id, inv_tipo_inversion, inv_retorno_esperado, inv_retorno, inv_creacion, inv_estado) VALUES (28, 28, 'like', 64.62, 7.43, '2012-05-25', 1);
INSERT INTO inversiones (inv_id, fin_id, inv_tipo_inversion, inv_retorno_esperado, inv_retorno, inv_creacion, inv_estado) VALUES (29, 29, 'her', 97.07, 68.45, '2022-10-04', 0);
INSERT INTO inversiones (inv_id, fin_id, inv_tipo_inversion, inv_retorno_esperado, inv_retorno, inv_creacion, inv_estado) VALUES (30, 30, 'discuss', 72.07, 19.38, '2004-02-03', 1);
INSERT INTO inversiones (inv_id, fin_id, inv_tipo_inversion, inv_retorno_esperado, inv_retorno, inv_creacion, inv_estado) VALUES (31, 31, 'wide', 1.04, 99.96, '1985-12-16', 1);
INSERT INTO inversiones (inv_id, fin_id, inv_tipo_inversion, inv_retorno_esperado, inv_retorno, inv_creacion, inv_estado) VALUES (32, 32, 'figure', 34.95, 24.23, '1993-06-12', 1);
INSERT INTO inversiones (inv_id, fin_id, inv_tipo_inversion, inv_retorno_esperado, inv_retorno, inv_creacion, inv_estado) VALUES (33, 33, 'together', 19.14, 36.33, '2013-03-24', 1);
INSERT INTO inversiones (inv_id, fin_id, inv_tipo_inversion, inv_retorno_esperado, inv_retorno, inv_creacion, inv_estado) VALUES (34, 34, 'environment', 67.92, 57.0, '1989-07-09', 0);
INSERT INTO inversiones (inv_id, fin_id, inv_tipo_inversion, inv_retorno_esperado, inv_retorno, inv_creacion, inv_estado) VALUES (35, 35, 'tell', 91.53, 60.8, '1984-08-18', 1);
INSERT INTO inversiones (inv_id, fin_id, inv_tipo_inversion, inv_retorno_esperado, inv_retorno, inv_creacion, inv_estado) VALUES (36, 36, 'strong', 18.68, 50.71, '2006-07-23', 1);
INSERT INTO inversiones (inv_id, fin_id, inv_tipo_inversion, inv_retorno_esperado, inv_retorno, inv_creacion, inv_estado) VALUES (37, 37, 'partner', 1.88, 6.12, '2021-10-23', 0);
INSERT INTO inversiones (inv_id, fin_id, inv_tipo_inversion, inv_retorno_esperado, inv_retorno, inv_creacion, inv_estado) VALUES (38, 38, 'less', 10.05, 35.71, '2013-12-24', 1);
INSERT INTO inversiones (inv_id, fin_id, inv_tipo_inversion, inv_retorno_esperado, inv_retorno, inv_creacion, inv_estado) VALUES (39, 39, 'billion', 24.35, 53.59, '1971-01-12', 1);
INSERT INTO inversiones (inv_id, fin_id, inv_tipo_inversion, inv_retorno_esperado, inv_retorno, inv_creacion, inv_estado) VALUES (40, 40, 'work', 76.18, 46.4, '2021-05-03', 0);
INSERT INTO inversiones (inv_id, fin_id, inv_tipo_inversion, inv_retorno_esperado, inv_retorno, inv_creacion, inv_estado) VALUES (41, 41, 'do', 11.26, 62.87, '1974-03-31', 0);
INSERT INTO inversiones (inv_id, fin_id, inv_tipo_inversion, inv_retorno_esperado, inv_retorno, inv_creacion, inv_estado) VALUES (42, 42, 'international', 79.88, 50.68, '1992-07-02', 1);
INSERT INTO inversiones (inv_id, fin_id, inv_tipo_inversion, inv_retorno_esperado, inv_retorno, inv_creacion, inv_estado) VALUES (43, 43, 'action', 30.01, 75.58, '2018-12-10', 1);
INSERT INTO inversiones (inv_id, fin_id, inv_tipo_inversion, inv_retorno_esperado, inv_retorno, inv_creacion, inv_estado) VALUES (44, 44, 'far', 61.89, 24.34, '2010-02-25', 1);
INSERT INTO inversiones (inv_id, fin_id, inv_tipo_inversion, inv_retorno_esperado, inv_retorno, inv_creacion, inv_estado) VALUES (45, 45, 'message', 49.98, 52.91, '2006-10-06', 1);
INSERT INTO inversiones (inv_id, fin_id, inv_tipo_inversion, inv_retorno_esperado, inv_retorno, inv_creacion, inv_estado) VALUES (46, 46, 'three', 17.8, 83.21, '1978-07-02', 0);
INSERT INTO inversiones (inv_id, fin_id, inv_tipo_inversion, inv_retorno_esperado, inv_retorno, inv_creacion, inv_estado) VALUES (47, 47, 'better', 87.96, 45.48, '1972-04-18', 0);
INSERT INTO inversiones (inv_id, fin_id, inv_tipo_inversion, inv_retorno_esperado, inv_retorno, inv_creacion, inv_estado) VALUES (48, 48, 'whatever', 21.54, 8.44, '1994-11-03', 0);
INSERT INTO inversiones (inv_id, fin_id, inv_tipo_inversion, inv_retorno_esperado, inv_retorno, inv_creacion, inv_estado) VALUES (49, 49, 'big', 54.8, 59.43, '1991-05-24', 1);
INSERT INTO inversiones (inv_id, fin_id, inv_tipo_inversion, inv_retorno_esperado, inv_retorno, inv_creacion, inv_estado) VALUES (50, 50, 'their', 27.01, 65.16, '2007-07-31', 1);
INSERT INTO inversiones (inv_id, fin_id, inv_tipo_inversion, inv_retorno_esperado, inv_retorno, inv_creacion, inv_estado) VALUES (51, 51, 'quickly', 45.19, 37.66, '1970-07-03', 0);
INSERT INTO inversiones (inv_id, fin_id, inv_tipo_inversion, inv_retorno_esperado, inv_retorno, inv_creacion, inv_estado) VALUES (52, 52, 'behind', 77.93, 66.0, '2013-07-30', 1);
INSERT INTO inversiones (inv_id, fin_id, inv_tipo_inversion, inv_retorno_esperado, inv_retorno, inv_creacion, inv_estado) VALUES (53, 53, 'customer', 84.08, 99.02, '2001-10-14', 1);
INSERT INTO inversiones (inv_id, fin_id, inv_tipo_inversion, inv_retorno_esperado, inv_retorno, inv_creacion, inv_estado) VALUES (54, 54, 'address', 99.07, 1.53, '2002-12-18', 1);
INSERT INTO inversiones (inv_id, fin_id, inv_tipo_inversion, inv_retorno_esperado, inv_retorno, inv_creacion, inv_estado) VALUES (55, 55, 'attention', 29.55, 18.07, '2009-11-06', 1);
INSERT INTO inversiones (inv_id, fin_id, inv_tipo_inversion, inv_retorno_esperado, inv_retorno, inv_creacion, inv_estado) VALUES (56, 56, 'letter', 89.1, 60.24, '2019-01-16', 1);
INSERT INTO inversiones (inv_id, fin_id, inv_tipo_inversion, inv_retorno_esperado, inv_retorno, inv_creacion, inv_estado) VALUES (57, 57, 'lawyer', 2.68, 12.81, '2020-10-25', 1);
INSERT INTO inversiones (inv_id, fin_id, inv_tipo_inversion, inv_retorno_esperado, inv_retorno, inv_creacion, inv_estado) VALUES (58, 58, 'into', 18.9, 45.91, '1984-10-25', 0);
INSERT INTO inversiones (inv_id, fin_id, inv_tipo_inversion, inv_retorno_esperado, inv_retorno, inv_creacion, inv_estado) VALUES (59, 59, 'father', 24.88, 46.26, '2013-09-01', 1);
INSERT INTO inversiones (inv_id, fin_id, inv_tipo_inversion, inv_retorno_esperado, inv_retorno, inv_creacion, inv_estado) VALUES (60, 60, 'economy', 36.23, 72.81, '1980-11-06', 0);
INSERT INTO inversiones (inv_id, fin_id, inv_tipo_inversion, inv_retorno_esperado, inv_retorno, inv_creacion, inv_estado) VALUES (61, 61, 'successful', 90.01, 24.55, '2020-12-05', 1);
INSERT INTO inversiones (inv_id, fin_id, inv_tipo_inversion, inv_retorno_esperado, inv_retorno, inv_creacion, inv_estado) VALUES (62, 62, 'those', 83.31, 30.52, '2011-07-15', 1);
INSERT INTO inversiones (inv_id, fin_id, inv_tipo_inversion, inv_retorno_esperado, inv_retorno, inv_creacion, inv_estado) VALUES (63, 63, 'tough', 46.03, 53.62, '2000-05-03', 1);
INSERT INTO inversiones (inv_id, fin_id, inv_tipo_inversion, inv_retorno_esperado, inv_retorno, inv_creacion, inv_estado) VALUES (64, 64, 'animal', 75.57, 83.16, '1992-03-25', 0);
INSERT INTO inversiones (inv_id, fin_id, inv_tipo_inversion, inv_retorno_esperado, inv_retorno, inv_creacion, inv_estado) VALUES (65, 65, 'body', 45.91, 81.94, '1976-08-14', 1);
INSERT INTO inversiones (inv_id, fin_id, inv_tipo_inversion, inv_retorno_esperado, inv_retorno, inv_creacion, inv_estado) VALUES (66, 66, 'song', 22.7, 85.65, '2007-01-15', 1);
INSERT INTO inversiones (inv_id, fin_id, inv_tipo_inversion, inv_retorno_esperado, inv_retorno, inv_creacion, inv_estado) VALUES (67, 67, 'upon', 79.91, 25.62, '2013-12-15', 1);
INSERT INTO inversiones (inv_id, fin_id, inv_tipo_inversion, inv_retorno_esperado, inv_retorno, inv_creacion, inv_estado) VALUES (68, 68, 'employee', 30.72, 74.78, '2011-12-20', 1);
INSERT INTO inversiones (inv_id, fin_id, inv_tipo_inversion, inv_retorno_esperado, inv_retorno, inv_creacion, inv_estado) VALUES (69, 69, 'town', 56.3, 84.62, '2016-06-06', 1);
INSERT INTO inversiones (inv_id, fin_id, inv_tipo_inversion, inv_retorno_esperado, inv_retorno, inv_creacion, inv_estado) VALUES (70, 70, 'mention', 25.77, 59.34, '1984-12-03', 0);
INSERT INTO inversiones (inv_id, fin_id, inv_tipo_inversion, inv_retorno_esperado, inv_retorno, inv_creacion, inv_estado) VALUES (71, 71, 'name', 3.94, 75.19, '1992-01-25', 0);
INSERT INTO inversiones (inv_id, fin_id, inv_tipo_inversion, inv_retorno_esperado, inv_retorno, inv_creacion, inv_estado) VALUES (72, 72, 'whose', 39.58, 48.59, '1985-05-09', 1);
INSERT INTO inversiones (inv_id, fin_id, inv_tipo_inversion, inv_retorno_esperado, inv_retorno, inv_creacion, inv_estado) VALUES (73, 73, 'movement', 27.06, 42.49, '2022-07-09', 0);
INSERT INTO inversiones (inv_id, fin_id, inv_tipo_inversion, inv_retorno_esperado, inv_retorno, inv_creacion, inv_estado) VALUES (74, 74, 'both', 70.72, 46.65, '1994-06-29', 0);
INSERT INTO inversiones (inv_id, fin_id, inv_tipo_inversion, inv_retorno_esperado, inv_retorno, inv_creacion, inv_estado) VALUES (75, 75, 'production', 4.3, 80.41, '1991-07-15', 0);
INSERT INTO inversiones (inv_id, fin_id, inv_tipo_inversion, inv_retorno_esperado, inv_retorno, inv_creacion, inv_estado) VALUES (76, 76, 'history', 85.04, 67.24, '2018-07-15', 0);
INSERT INTO inversiones (inv_id, fin_id, inv_tipo_inversion, inv_retorno_esperado, inv_retorno, inv_creacion, inv_estado) VALUES (77, 77, 'I', 89.35, 55.43, '1972-09-22', 0);
INSERT INTO inversiones (inv_id, fin_id, inv_tipo_inversion, inv_retorno_esperado, inv_retorno, inv_creacion, inv_estado) VALUES (78, 78, 'peace', 58.45, 26.95, '1973-11-29', 0);
INSERT INTO inversiones (inv_id, fin_id, inv_tipo_inversion, inv_retorno_esperado, inv_retorno, inv_creacion, inv_estado) VALUES (79, 79, 'street', 63.4, 7.03, '1985-04-07', 0);
INSERT INTO inversiones (inv_id, fin_id, inv_tipo_inversion, inv_retorno_esperado, inv_retorno, inv_creacion, inv_estado) VALUES (80, 80, 'west', 61.09, 45.58, '2015-05-20', 1);
INSERT INTO inversiones (inv_id, fin_id, inv_tipo_inversion, inv_retorno_esperado, inv_retorno, inv_creacion, inv_estado) VALUES (81, 81, 'general', 27.84, 58.7, '2016-09-04', 0);
INSERT INTO inversiones (inv_id, fin_id, inv_tipo_inversion, inv_retorno_esperado, inv_retorno, inv_creacion, inv_estado) VALUES (82, 82, 'sign', 3.33, 55.2, '1978-01-16', 1);
INSERT INTO inversiones (inv_id, fin_id, inv_tipo_inversion, inv_retorno_esperado, inv_retorno, inv_creacion, inv_estado) VALUES (83, 83, 'agreement', 23.38, 9.55, '1975-09-14', 0);
INSERT INTO inversiones (inv_id, fin_id, inv_tipo_inversion, inv_retorno_esperado, inv_retorno, inv_creacion, inv_estado) VALUES (84, 84, 'fight', 50.21, 60.13, '2009-07-03', 0);
INSERT INTO inversiones (inv_id, fin_id, inv_tipo_inversion, inv_retorno_esperado, inv_retorno, inv_creacion, inv_estado) VALUES (85, 85, 'state', 21.24, 52.84, '1992-12-13', 0);
INSERT INTO inversiones (inv_id, fin_id, inv_tipo_inversion, inv_retorno_esperado, inv_retorno, inv_creacion, inv_estado) VALUES (86, 86, 'himself', 6.05, 68.0, '2021-12-03', 1);
INSERT INTO inversiones (inv_id, fin_id, inv_tipo_inversion, inv_retorno_esperado, inv_retorno, inv_creacion, inv_estado) VALUES (87, 87, 'tell', 73.99, 12.42, '2005-03-14', 0);
INSERT INTO inversiones (inv_id, fin_id, inv_tipo_inversion, inv_retorno_esperado, inv_retorno, inv_creacion, inv_estado) VALUES (88, 88, 'get', 21.43, 87.27, '2008-09-20', 0);
INSERT INTO inversiones (inv_id, fin_id, inv_tipo_inversion, inv_retorno_esperado, inv_retorno, inv_creacion, inv_estado) VALUES (89, 89, 'task', 70.61, 1.41, '1981-01-25', 1);
INSERT INTO inversiones (inv_id, fin_id, inv_tipo_inversion, inv_retorno_esperado, inv_retorno, inv_creacion, inv_estado) VALUES (90, 90, 'police', 33.56, 44.54, '1976-07-13', 0);
INSERT INTO inversiones (inv_id, fin_id, inv_tipo_inversion, inv_retorno_esperado, inv_retorno, inv_creacion, inv_estado) VALUES (91, 91, 'help', 47.31, 17.77, '1974-01-02', 0);
INSERT INTO inversiones (inv_id, fin_id, inv_tipo_inversion, inv_retorno_esperado, inv_retorno, inv_creacion, inv_estado) VALUES (92, 92, 'how', 24.01, 6.84, '1973-04-04', 1);
INSERT INTO inversiones (inv_id, fin_id, inv_tipo_inversion, inv_retorno_esperado, inv_retorno, inv_creacion, inv_estado) VALUES (93, 93, 'cost', 7.47, 6.64, '2019-11-09', 1);
INSERT INTO inversiones (inv_id, fin_id, inv_tipo_inversion, inv_retorno_esperado, inv_retorno, inv_creacion, inv_estado) VALUES (94, 94, 'view', 85.05, 83.39, '1971-08-07', 1);
INSERT INTO inversiones (inv_id, fin_id, inv_tipo_inversion, inv_retorno_esperado, inv_retorno, inv_creacion, inv_estado) VALUES (95, 95, 'party', 14.23, 83.38, '2012-08-04', 1);
INSERT INTO inversiones (inv_id, fin_id, inv_tipo_inversion, inv_retorno_esperado, inv_retorno, inv_creacion, inv_estado) VALUES (96, 96, 'example', 73.3, 9.03, '1984-09-18', 0);
INSERT INTO inversiones (inv_id, fin_id, inv_tipo_inversion, inv_retorno_esperado, inv_retorno, inv_creacion, inv_estado) VALUES (97, 97, 'environmental', 33.33, 81.59, '1970-10-10', 0);
INSERT INTO inversiones (inv_id, fin_id, inv_tipo_inversion, inv_retorno_esperado, inv_retorno, inv_creacion, inv_estado) VALUES (98, 98, 'mention', 49.46, 58.53, '2020-09-06', 0);
INSERT INTO inversiones (inv_id, fin_id, inv_tipo_inversion, inv_retorno_esperado, inv_retorno, inv_creacion, inv_estado) VALUES (99, 99, 'style', 35.09, 75.46, '2015-10-11', 1);
INSERT INTO inversiones (inv_id, fin_id, inv_tipo_inversion, inv_retorno_esperado, inv_retorno, inv_creacion, inv_estado) VALUES (100, 100, 'region', 6.57, 69.56, '2005-07-12', 0);
INSERT INTO compra (com_id, com_descripcion, com_fecha_orden, com_creacion, com_estado, emp_id, prr_id) VALUES (1, 'seek', '1991-07-07', '1983-06-26', 1, 1, 1);
INSERT INTO compra (com_id, com_descripcion, com_fecha_orden, com_creacion, com_estado, emp_id, prr_id) VALUES (2, 'in', '1971-11-10', '1994-05-05', 1, 2, 2);
INSERT INTO compra (com_id, com_descripcion, com_fecha_orden, com_creacion, com_estado, emp_id, prr_id) VALUES (3, 'scientist', '1981-07-14', '2016-10-01', 0, 3, 3);
INSERT INTO compra (com_id, com_descripcion, com_fecha_orden, com_creacion, com_estado, emp_id, prr_id) VALUES (4, 'north', '1986-12-16', '2022-04-11', 0, 4, 4);
INSERT INTO compra (com_id, com_descripcion, com_fecha_orden, com_creacion, com_estado, emp_id, prr_id) VALUES (5, 'rock', '1981-02-20', '2006-06-12', 1, 5, 5);
INSERT INTO compra (com_id, com_descripcion, com_fecha_orden, com_creacion, com_estado, emp_id, prr_id) VALUES (6, 'success', '1971-07-30', '1970-11-28', 1, 6, 6);
INSERT INTO compra (com_id, com_descripcion, com_fecha_orden, com_creacion, com_estado, emp_id, prr_id) VALUES (7, 'bank', '1973-09-15', '2010-03-04', 0, 7, 7);
INSERT INTO compra (com_id, com_descripcion, com_fecha_orden, com_creacion, com_estado, emp_id, prr_id) VALUES (8, 'country', '1998-12-25', '1998-10-30', 1, 8, 8);
INSERT INTO compra (com_id, com_descripcion, com_fecha_orden, com_creacion, com_estado, emp_id, prr_id) VALUES (9, 'their', '2018-12-07', '1983-09-10', 1, 9, 9);
INSERT INTO compra (com_id, com_descripcion, com_fecha_orden, com_creacion, com_estado, emp_id, prr_id) VALUES (10, 'really', '1987-10-21', '1973-07-01', 0, 10, 10);
INSERT INTO compra (com_id, com_descripcion, com_fecha_orden, com_creacion, com_estado, emp_id, prr_id) VALUES (11, 'need', '2007-08-02', '1979-12-11', 0, 11, 11);
INSERT INTO compra (com_id, com_descripcion, com_fecha_orden, com_creacion, com_estado, emp_id, prr_id) VALUES (12, 'firm', '1971-04-22', '2003-01-01', 0, 12, 12);
INSERT INTO compra (com_id, com_descripcion, com_fecha_orden, com_creacion, com_estado, emp_id, prr_id) VALUES (13, 'site', '1987-02-01', '1970-06-03', 1, 13, 13);
INSERT INTO compra (com_id, com_descripcion, com_fecha_orden, com_creacion, com_estado, emp_id, prr_id) VALUES (14, 'threat', '1981-02-08', '2014-01-16', 0, 14, 14);
INSERT INTO compra (com_id, com_descripcion, com_fecha_orden, com_creacion, com_estado, emp_id, prr_id) VALUES (15, 'outside', '2001-05-06', '2007-03-05', 0, 15, 15);
INSERT INTO compra (com_id, com_descripcion, com_fecha_orden, com_creacion, com_estado, emp_id, prr_id) VALUES (16, 'would', '1999-09-22', '2002-06-22', 1, 16, 16);
INSERT INTO compra (com_id, com_descripcion, com_fecha_orden, com_creacion, com_estado, emp_id, prr_id) VALUES (17, 'change', '2014-03-19', '1997-07-23', 0, 17, 17);
INSERT INTO compra (com_id, com_descripcion, com_fecha_orden, com_creacion, com_estado, emp_id, prr_id) VALUES (18, 'tend', '1974-05-27', '1998-07-12', 0, 18, 18);
INSERT INTO compra (com_id, com_descripcion, com_fecha_orden, com_creacion, com_estado, emp_id, prr_id) VALUES (19, 'tell', '1995-07-17', '1985-09-14', 0, 19, 19);
INSERT INTO compra (com_id, com_descripcion, com_fecha_orden, com_creacion, com_estado, emp_id, prr_id) VALUES (20, 'wonder', '2001-05-12', '1985-04-09', 1, 20, 20);
INSERT INTO compra (com_id, com_descripcion, com_fecha_orden, com_creacion, com_estado, emp_id, prr_id) VALUES (21, 'last', '1980-06-02', '1997-02-28', 1, 21, 21);
INSERT INTO compra (com_id, com_descripcion, com_fecha_orden, com_creacion, com_estado, emp_id, prr_id) VALUES (22, 'agent', '1987-03-19', '2005-06-05', 0, 22, 22);
INSERT INTO compra (com_id, com_descripcion, com_fecha_orden, com_creacion, com_estado, emp_id, prr_id) VALUES (23, 'both', '1985-09-13', '1991-04-27', 1, 23, 23);
INSERT INTO compra (com_id, com_descripcion, com_fecha_orden, com_creacion, com_estado, emp_id, prr_id) VALUES (24, 'since', '2013-07-30', '2022-05-12', 1, 24, 24);
INSERT INTO compra (com_id, com_descripcion, com_fecha_orden, com_creacion, com_estado, emp_id, prr_id) VALUES (25, 'doctor', '1970-10-04', '1987-10-15', 1, 25, 25);
INSERT INTO compra (com_id, com_descripcion, com_fecha_orden, com_creacion, com_estado, emp_id, prr_id) VALUES (26, 'sure', '2015-01-11', '2013-05-10', 0, 26, 26);
INSERT INTO compra (com_id, com_descripcion, com_fecha_orden, com_creacion, com_estado, emp_id, prr_id) VALUES (27, 'some', '1975-10-07', '2000-08-12', 0, 27, 27);
INSERT INTO compra (com_id, com_descripcion, com_fecha_orden, com_creacion, com_estado, emp_id, prr_id) VALUES (28, 'reveal', '2004-06-05', '1981-04-22', 0, 28, 28);
INSERT INTO compra (com_id, com_descripcion, com_fecha_orden, com_creacion, com_estado, emp_id, prr_id) VALUES (29, 'recent', '1993-11-17', '1974-07-16', 1, 29, 29);
INSERT INTO compra (com_id, com_descripcion, com_fecha_orden, com_creacion, com_estado, emp_id, prr_id) VALUES (30, 'lot', '2011-08-08', '1974-07-30', 0, 30, 30);
INSERT INTO compra (com_id, com_descripcion, com_fecha_orden, com_creacion, com_estado, emp_id, prr_id) VALUES (31, 'interest', '1981-10-14', '2017-01-16', 1, 31, 31);
INSERT INTO compra (com_id, com_descripcion, com_fecha_orden, com_creacion, com_estado, emp_id, prr_id) VALUES (32, 'produce', '1971-04-30', '1980-08-06', 1, 32, 32);
INSERT INTO compra (com_id, com_descripcion, com_fecha_orden, com_creacion, com_estado, emp_id, prr_id) VALUES (33, 'realize', '2020-05-01', '1980-12-08', 1, 33, 33);
INSERT INTO compra (com_id, com_descripcion, com_fecha_orden, com_creacion, com_estado, emp_id, prr_id) VALUES (34, 'gun', '1997-11-30', '2007-08-19', 1, 34, 34);
INSERT INTO compra (com_id, com_descripcion, com_fecha_orden, com_creacion, com_estado, emp_id, prr_id) VALUES (35, 'road', '2017-05-10', '2011-08-04', 0, 35, 35);
INSERT INTO compra (com_id, com_descripcion, com_fecha_orden, com_creacion, com_estado, emp_id, prr_id) VALUES (36, 'feeling', '2021-07-17', '2023-11-05', 0, 36, 36);
INSERT INTO compra (com_id, com_descripcion, com_fecha_orden, com_creacion, com_estado, emp_id, prr_id) VALUES (37, 'force', '1999-08-09', '2021-12-05', 1, 37, 37);
INSERT INTO compra (com_id, com_descripcion, com_fecha_orden, com_creacion, com_estado, emp_id, prr_id) VALUES (38, 'build', '1988-12-18', '1993-05-01', 0, 38, 38);
INSERT INTO compra (com_id, com_descripcion, com_fecha_orden, com_creacion, com_estado, emp_id, prr_id) VALUES (39, 'answer', '1991-06-05', '2008-07-26', 0, 39, 39);
INSERT INTO compra (com_id, com_descripcion, com_fecha_orden, com_creacion, com_estado, emp_id, prr_id) VALUES (40, 'example', '2017-08-16', '2013-03-21', 0, 40, 40);
INSERT INTO compra (com_id, com_descripcion, com_fecha_orden, com_creacion, com_estado, emp_id, prr_id) VALUES (41, 'fight', '1973-07-26', '2022-03-07', 1, 41, 41);
INSERT INTO compra (com_id, com_descripcion, com_fecha_orden, com_creacion, com_estado, emp_id, prr_id) VALUES (42, 'management', '1986-07-24', '2022-02-02', 1, 42, 42);
INSERT INTO compra (com_id, com_descripcion, com_fecha_orden, com_creacion, com_estado, emp_id, prr_id) VALUES (43, 'style', '2020-10-30', '2016-01-02', 0, 43, 43);
INSERT INTO compra (com_id, com_descripcion, com_fecha_orden, com_creacion, com_estado, emp_id, prr_id) VALUES (44, 'college', '2010-04-09', '1997-04-13', 0, 44, 44);
INSERT INTO compra (com_id, com_descripcion, com_fecha_orden, com_creacion, com_estado, emp_id, prr_id) VALUES (45, 'note', '1996-12-15', '2021-07-15', 0, 45, 45);
INSERT INTO compra (com_id, com_descripcion, com_fecha_orden, com_creacion, com_estado, emp_id, prr_id) VALUES (46, 'student', '2009-09-17', '1981-10-27', 1, 46, 46);
INSERT INTO compra (com_id, com_descripcion, com_fecha_orden, com_creacion, com_estado, emp_id, prr_id) VALUES (47, 'agent', '2023-06-08', '1979-12-27', 0, 47, 47);
INSERT INTO compra (com_id, com_descripcion, com_fecha_orden, com_creacion, com_estado, emp_id, prr_id) VALUES (48, 'admit', '1999-03-27', '1992-02-29', 0, 48, 48);
INSERT INTO compra (com_id, com_descripcion, com_fecha_orden, com_creacion, com_estado, emp_id, prr_id) VALUES (49, 'century', '2018-03-27', '1990-04-06', 1, 49, 49);
INSERT INTO compra (com_id, com_descripcion, com_fecha_orden, com_creacion, com_estado, emp_id, prr_id) VALUES (50, 'debate', '2007-03-08', '1978-06-16', 0, 50, 50);
INSERT INTO compra (com_id, com_descripcion, com_fecha_orden, com_creacion, com_estado, emp_id, prr_id) VALUES (51, 'response', '1982-09-11', '1994-07-07', 1, 51, 51);
INSERT INTO compra (com_id, com_descripcion, com_fecha_orden, com_creacion, com_estado, emp_id, prr_id) VALUES (52, 'friend', '2019-01-26', '2023-03-26', 0, 52, 52);
INSERT INTO compra (com_id, com_descripcion, com_fecha_orden, com_creacion, com_estado, emp_id, prr_id) VALUES (53, 'that', '2001-08-23', '2015-09-21', 0, 53, 53);
INSERT INTO compra (com_id, com_descripcion, com_fecha_orden, com_creacion, com_estado, emp_id, prr_id) VALUES (54, 'check', '1993-11-07', '2016-12-15', 1, 54, 54);
INSERT INTO compra (com_id, com_descripcion, com_fecha_orden, com_creacion, com_estado, emp_id, prr_id) VALUES (55, 'yet', '2017-04-03', '1997-11-04', 0, 55, 55);
INSERT INTO compra (com_id, com_descripcion, com_fecha_orden, com_creacion, com_estado, emp_id, prr_id) VALUES (56, 'minute', '1986-09-07', '1992-08-29', 1, 56, 56);
INSERT INTO compra (com_id, com_descripcion, com_fecha_orden, com_creacion, com_estado, emp_id, prr_id) VALUES (57, 'kind', '2004-03-25', '2021-02-12', 0, 57, 57);
INSERT INTO compra (com_id, com_descripcion, com_fecha_orden, com_creacion, com_estado, emp_id, prr_id) VALUES (58, 'theory', '2019-06-03', '1994-03-29', 1, 58, 58);
INSERT INTO compra (com_id, com_descripcion, com_fecha_orden, com_creacion, com_estado, emp_id, prr_id) VALUES (59, 'population', '1980-10-03', '2010-04-03', 1, 59, 59);
INSERT INTO compra (com_id, com_descripcion, com_fecha_orden, com_creacion, com_estado, emp_id, prr_id) VALUES (60, 'choose', '1988-08-18', '2015-04-21', 0, 60, 60);
INSERT INTO compra (com_id, com_descripcion, com_fecha_orden, com_creacion, com_estado, emp_id, prr_id) VALUES (61, 'age', '1974-09-04', '1979-02-05', 0, 61, 61);
INSERT INTO compra (com_id, com_descripcion, com_fecha_orden, com_creacion, com_estado, emp_id, prr_id) VALUES (62, 'six', '1972-10-08', '2010-04-10', 0, 62, 62);
INSERT INTO compra (com_id, com_descripcion, com_fecha_orden, com_creacion, com_estado, emp_id, prr_id) VALUES (63, 'happy', '1987-08-12', '1982-06-24', 1, 63, 63);
INSERT INTO compra (com_id, com_descripcion, com_fecha_orden, com_creacion, com_estado, emp_id, prr_id) VALUES (64, 'image', '2006-10-26', '1996-08-31', 0, 64, 64);
INSERT INTO compra (com_id, com_descripcion, com_fecha_orden, com_creacion, com_estado, emp_id, prr_id) VALUES (65, 'step', '2000-05-09', '2014-07-17', 0, 65, 65);
INSERT INTO compra (com_id, com_descripcion, com_fecha_orden, com_creacion, com_estado, emp_id, prr_id) VALUES (66, 'when', '1995-05-04', '2021-07-06', 0, 66, 66);
INSERT INTO compra (com_id, com_descripcion, com_fecha_orden, com_creacion, com_estado, emp_id, prr_id) VALUES (67, 'light', '2018-11-02', '2010-09-29', 1, 67, 67);
INSERT INTO compra (com_id, com_descripcion, com_fecha_orden, com_creacion, com_estado, emp_id, prr_id) VALUES (68, 'animal', '1972-07-26', '1980-02-20', 0, 68, 68);
INSERT INTO compra (com_id, com_descripcion, com_fecha_orden, com_creacion, com_estado, emp_id, prr_id) VALUES (69, 'serious', '1984-03-30', '1999-12-31', 1, 69, 69);
INSERT INTO compra (com_id, com_descripcion, com_fecha_orden, com_creacion, com_estado, emp_id, prr_id) VALUES (70, 'forward', '1991-03-08', '2005-09-04', 1, 70, 70);
INSERT INTO compra (com_id, com_descripcion, com_fecha_orden, com_creacion, com_estado, emp_id, prr_id) VALUES (71, 'policy', '1976-08-08', '1989-08-13', 1, 71, 71);
INSERT INTO compra (com_id, com_descripcion, com_fecha_orden, com_creacion, com_estado, emp_id, prr_id) VALUES (72, 'customer', '2013-06-25', '1987-03-21', 0, 72, 72);
INSERT INTO compra (com_id, com_descripcion, com_fecha_orden, com_creacion, com_estado, emp_id, prr_id) VALUES (73, 'writer', '2012-05-16', '1978-04-18', 1, 73, 73);
INSERT INTO compra (com_id, com_descripcion, com_fecha_orden, com_creacion, com_estado, emp_id, prr_id) VALUES (74, 'gas', '2008-12-17', '1979-03-07', 0, 74, 74);
INSERT INTO compra (com_id, com_descripcion, com_fecha_orden, com_creacion, com_estado, emp_id, prr_id) VALUES (75, 'her', '1985-12-28', '1973-10-03', 1, 75, 75);
INSERT INTO compra (com_id, com_descripcion, com_fecha_orden, com_creacion, com_estado, emp_id, prr_id) VALUES (76, 'day', '1985-03-21', '2005-10-11', 0, 76, 76);
INSERT INTO compra (com_id, com_descripcion, com_fecha_orden, com_creacion, com_estado, emp_id, prr_id) VALUES (77, 'suffer', '1988-01-03', '2022-09-28', 0, 77, 77);
INSERT INTO compra (com_id, com_descripcion, com_fecha_orden, com_creacion, com_estado, emp_id, prr_id) VALUES (78, 'reflect', '1982-09-30', '1982-03-29', 0, 78, 78);
INSERT INTO compra (com_id, com_descripcion, com_fecha_orden, com_creacion, com_estado, emp_id, prr_id) VALUES (79, 'into', '2019-12-28', '2018-05-23', 1, 79, 79);
INSERT INTO compra (com_id, com_descripcion, com_fecha_orden, com_creacion, com_estado, emp_id, prr_id) VALUES (80, 'skill', '1990-10-19', '2003-04-11', 1, 80, 80);
INSERT INTO compra (com_id, com_descripcion, com_fecha_orden, com_creacion, com_estado, emp_id, prr_id) VALUES (81, 'probably', '2019-09-09', '1970-11-18', 1, 81, 81);
INSERT INTO compra (com_id, com_descripcion, com_fecha_orden, com_creacion, com_estado, emp_id, prr_id) VALUES (82, 'star', '2020-08-22', '1989-03-11', 1, 82, 82);
INSERT INTO compra (com_id, com_descripcion, com_fecha_orden, com_creacion, com_estado, emp_id, prr_id) VALUES (83, 'none', '2003-09-21', '1996-03-04', 0, 83, 83);
INSERT INTO compra (com_id, com_descripcion, com_fecha_orden, com_creacion, com_estado, emp_id, prr_id) VALUES (84, 'air', '1978-07-01', '1994-06-16', 1, 84, 84);
INSERT INTO compra (com_id, com_descripcion, com_fecha_orden, com_creacion, com_estado, emp_id, prr_id) VALUES (85, 'show', '1972-06-19', '1987-09-24', 1, 85, 85);
INSERT INTO compra (com_id, com_descripcion, com_fecha_orden, com_creacion, com_estado, emp_id, prr_id) VALUES (86, 'book', '2002-11-28', '1996-08-04', 1, 86, 86);
INSERT INTO compra (com_id, com_descripcion, com_fecha_orden, com_creacion, com_estado, emp_id, prr_id) VALUES (87, 'create', '1970-01-30', '2011-01-05', 0, 87, 87);
INSERT INTO compra (com_id, com_descripcion, com_fecha_orden, com_creacion, com_estado, emp_id, prr_id) VALUES (88, 'their', '2007-02-20', '2022-07-09', 1, 88, 88);
INSERT INTO compra (com_id, com_descripcion, com_fecha_orden, com_creacion, com_estado, emp_id, prr_id) VALUES (89, 'article', '1996-10-22', '2004-02-16', 1, 89, 89);
INSERT INTO compra (com_id, com_descripcion, com_fecha_orden, com_creacion, com_estado, emp_id, prr_id) VALUES (90, 'option', '1985-02-11', '2011-08-25', 1, 90, 90);
INSERT INTO compra (com_id, com_descripcion, com_fecha_orden, com_creacion, com_estado, emp_id, prr_id) VALUES (91, 'we', '2018-03-20', '2016-02-08', 0, 91, 91);
INSERT INTO compra (com_id, com_descripcion, com_fecha_orden, com_creacion, com_estado, emp_id, prr_id) VALUES (92, 'people', '1975-05-08', '2010-04-15', 0, 92, 92);
INSERT INTO compra (com_id, com_descripcion, com_fecha_orden, com_creacion, com_estado, emp_id, prr_id) VALUES (93, 'light', '2017-11-21', '2005-12-28', 1, 93, 93);
INSERT INTO compra (com_id, com_descripcion, com_fecha_orden, com_creacion, com_estado, emp_id, prr_id) VALUES (94, 'make', '1987-09-17', '2017-10-14', 1, 94, 94);
INSERT INTO compra (com_id, com_descripcion, com_fecha_orden, com_creacion, com_estado, emp_id, prr_id) VALUES (95, 'magazine', '1970-07-22', '1991-11-22', 1, 95, 95);
INSERT INTO compra (com_id, com_descripcion, com_fecha_orden, com_creacion, com_estado, emp_id, prr_id) VALUES (96, 'best', '2004-12-27', '2013-02-23', 0, 96, 96);
INSERT INTO compra (com_id, com_descripcion, com_fecha_orden, com_creacion, com_estado, emp_id, prr_id) VALUES (97, 'condition', '1989-10-26', '1971-03-23', 1, 97, 97);
INSERT INTO compra (com_id, com_descripcion, com_fecha_orden, com_creacion, com_estado, emp_id, prr_id) VALUES (98, 'important', '1994-02-16', '2017-07-11', 0, 98, 98);
INSERT INTO compra (com_id, com_descripcion, com_fecha_orden, com_creacion, com_estado, emp_id, prr_id) VALUES (99, 'over', '1978-05-25', '1996-09-08', 0, 99, 99);
INSERT INTO compra (com_id, com_descripcion, com_fecha_orden, com_creacion, com_estado, emp_id, prr_id) VALUES (100, 'sea', '1984-07-29', '1996-03-09', 1, 100, 100);
INSERT INTO provedor (prr_id, prr_nombre, prr_rut, prr_contacto, prr_telefono, prr_creacion, prr_estado) VALUES (1, 'ready', 'history', 'image', 'former', '2001-09-23', 0);
INSERT INTO provedor (prr_id, prr_nombre, prr_rut, prr_contacto, prr_telefono, prr_creacion, prr_estado) VALUES (2, 'end', 'yeah', 'through', 'also', '2009-01-10', 0);
INSERT INTO provedor (prr_id, prr_nombre, prr_rut, prr_contacto, prr_telefono, prr_creacion, prr_estado) VALUES (3, 'arm', 'ahead', 'federal', 'see', '2015-03-14', 1);
INSERT INTO provedor (prr_id, prr_nombre, prr_rut, prr_contacto, prr_telefono, prr_creacion, prr_estado) VALUES (4, 'day', 'section', 'improve', 'set', '1988-02-08', 0);
INSERT INTO provedor (prr_id, prr_nombre, prr_rut, prr_contacto, prr_telefono, prr_creacion, prr_estado) VALUES (5, 'easy', 'month', 'style', 'pretty', '2002-06-22', 1);
INSERT INTO provedor (prr_id, prr_nombre, prr_rut, prr_contacto, prr_telefono, prr_creacion, prr_estado) VALUES (6, 'all', 'million', 'nor', 'partner', '1999-08-22', 0);
INSERT INTO provedor (prr_id, prr_nombre, prr_rut, prr_contacto, prr_telefono, prr_creacion, prr_estado) VALUES (7, 'actually', 'physical', 'somebody', 'night', '1982-10-14', 1);
INSERT INTO provedor (prr_id, prr_nombre, prr_rut, prr_contacto, prr_telefono, prr_creacion, prr_estado) VALUES (8, 'war', 'interest', 'so', 'difficult', '1977-12-10', 1);
INSERT INTO provedor (prr_id, prr_nombre, prr_rut, prr_contacto, prr_telefono, prr_creacion, prr_estado) VALUES (9, 'different', 'edge', 'beautiful', 'degree', '2011-07-30', 1);
INSERT INTO provedor (prr_id, prr_nombre, prr_rut, prr_contacto, prr_telefono, prr_creacion, prr_estado) VALUES (10, 'create', 'you', 'into', 'law', '1983-03-12', 1);
INSERT INTO provedor (prr_id, prr_nombre, prr_rut, prr_contacto, prr_telefono, prr_creacion, prr_estado) VALUES (11, 'thus', 'site', 'about', 'member', '2005-01-11', 1);
INSERT INTO provedor (prr_id, prr_nombre, prr_rut, prr_contacto, prr_telefono, prr_creacion, prr_estado) VALUES (12, 'box', 'line', 'north', 'seem', '1996-12-15', 1);
INSERT INTO provedor (prr_id, prr_nombre, prr_rut, prr_contacto, prr_telefono, prr_creacion, prr_estado) VALUES (13, 'we', 'available', 'section', 'end', '1982-02-15', 1);
INSERT INTO provedor (prr_id, prr_nombre, prr_rut, prr_contacto, prr_telefono, prr_creacion, prr_estado) VALUES (14, 'church', 'country', 'Democrat', 'military', '1970-01-02', 0);
INSERT INTO provedor (prr_id, prr_nombre, prr_rut, prr_contacto, prr_telefono, prr_creacion, prr_estado) VALUES (15, 'leg', 'people', 'bill', 'expect', '1972-05-30', 1);
INSERT INTO provedor (prr_id, prr_nombre, prr_rut, prr_contacto, prr_telefono, prr_creacion, prr_estado) VALUES (16, 'chair', 'bag', 'drug', 'list', '1972-10-30', 0);
INSERT INTO provedor (prr_id, prr_nombre, prr_rut, prr_contacto, prr_telefono, prr_creacion, prr_estado) VALUES (17, 'hear', 'support', 'part', 'discuss', '1991-04-22', 0);
INSERT INTO provedor (prr_id, prr_nombre, prr_rut, prr_contacto, prr_telefono, prr_creacion, prr_estado) VALUES (18, 'color', 'structure', 'training', 'fire', '2021-08-05', 1);
INSERT INTO provedor (prr_id, prr_nombre, prr_rut, prr_contacto, prr_telefono, prr_creacion, prr_estado) VALUES (19, 'car', 'prevent', 'contain', 'career', '1985-06-19', 1);
INSERT INTO provedor (prr_id, prr_nombre, prr_rut, prr_contacto, prr_telefono, prr_creacion, prr_estado) VALUES (20, 'free', 'lay', 'group', 'technology', '1985-07-21', 1);
INSERT INTO provedor (prr_id, prr_nombre, prr_rut, prr_contacto, prr_telefono, prr_creacion, prr_estado) VALUES (21, 'vote', 'city', 'once', 'anything', '1973-11-05', 0);
INSERT INTO provedor (prr_id, prr_nombre, prr_rut, prr_contacto, prr_telefono, prr_creacion, prr_estado) VALUES (22, 'your', 'take', 'help', 'term', '1982-03-31', 1);
INSERT INTO provedor (prr_id, prr_nombre, prr_rut, prr_contacto, prr_telefono, prr_creacion, prr_estado) VALUES (23, 'family', 'never', 'six', 'give', '2020-09-26', 1);
INSERT INTO provedor (prr_id, prr_nombre, prr_rut, prr_contacto, prr_telefono, prr_creacion, prr_estado) VALUES (24, 'Democrat', 'poor', 'coach', 'something', '1979-03-31', 0);
INSERT INTO provedor (prr_id, prr_nombre, prr_rut, prr_contacto, prr_telefono, prr_creacion, prr_estado) VALUES (25, 'recent', 'argue', 'author', 'see', '2013-09-02', 1);
INSERT INTO provedor (prr_id, prr_nombre, prr_rut, prr_contacto, prr_telefono, prr_creacion, prr_estado) VALUES (26, 'dinner', 'mission', 'development', 'idea', '1976-07-10', 1);
INSERT INTO provedor (prr_id, prr_nombre, prr_rut, prr_contacto, prr_telefono, prr_creacion, prr_estado) VALUES (27, 'response', 'here', 'yourself', 'true', '1973-10-23', 1);
INSERT INTO provedor (prr_id, prr_nombre, prr_rut, prr_contacto, prr_telefono, prr_creacion, prr_estado) VALUES (28, 'production', 'everything', 'decade', 'administration', '2015-01-17', 1);
INSERT INTO provedor (prr_id, prr_nombre, prr_rut, prr_contacto, prr_telefono, prr_creacion, prr_estado) VALUES (29, 'pay', 'marriage', 'fight', 'help', '1998-07-09', 0);
INSERT INTO provedor (prr_id, prr_nombre, prr_rut, prr_contacto, prr_telefono, prr_creacion, prr_estado) VALUES (30, 'establish', 'data', 'share', 'box', '1979-09-09', 0);
INSERT INTO provedor (prr_id, prr_nombre, prr_rut, prr_contacto, prr_telefono, prr_creacion, prr_estado) VALUES (31, 'toward', 'single', 'daughter', 'particularly', '1998-11-10', 1);
INSERT INTO provedor (prr_id, prr_nombre, prr_rut, prr_contacto, prr_telefono, prr_creacion, prr_estado) VALUES (32, 'artist', 'community', 'best', 'kitchen', '2007-04-27', 1);
INSERT INTO provedor (prr_id, prr_nombre, prr_rut, prr_contacto, prr_telefono, prr_creacion, prr_estado) VALUES (33, 'picture', 'half', 'interview', 'technology', '2007-12-04', 0);
INSERT INTO provedor (prr_id, prr_nombre, prr_rut, prr_contacto, prr_telefono, prr_creacion, prr_estado) VALUES (34, 'type', 'image', 'theory', 'food', '2014-11-27', 0);
INSERT INTO provedor (prr_id, prr_nombre, prr_rut, prr_contacto, prr_telefono, prr_creacion, prr_estado) VALUES (35, 'special', 'dark', 'down', 'life', '1986-03-09', 1);
INSERT INTO provedor (prr_id, prr_nombre, prr_rut, prr_contacto, prr_telefono, prr_creacion, prr_estado) VALUES (36, 'chance', 'feeling', 'pressure', 'foreign', '1994-12-27', 0);
INSERT INTO provedor (prr_id, prr_nombre, prr_rut, prr_contacto, prr_telefono, prr_creacion, prr_estado) VALUES (37, 'include', 'memory', 'indicate', 'morning', '2023-12-20', 1);
INSERT INTO provedor (prr_id, prr_nombre, prr_rut, prr_contacto, prr_telefono, prr_creacion, prr_estado) VALUES (38, 'arrive', 'visit', 'author', 'foot', '2015-02-21', 1);
INSERT INTO provedor (prr_id, prr_nombre, prr_rut, prr_contacto, prr_telefono, prr_creacion, prr_estado) VALUES (39, 'artist', 'area', 'choice', 'clearly', '2017-11-16', 1);
INSERT INTO provedor (prr_id, prr_nombre, prr_rut, prr_contacto, prr_telefono, prr_creacion, prr_estado) VALUES (40, 'heart', 'indicate', 'treat', 'position', '1994-03-03', 0);
INSERT INTO provedor (prr_id, prr_nombre, prr_rut, prr_contacto, prr_telefono, prr_creacion, prr_estado) VALUES (41, 'positive', 'listen', 'tend', 'write', '2017-09-28', 0);
INSERT INTO provedor (prr_id, prr_nombre, prr_rut, prr_contacto, prr_telefono, prr_creacion, prr_estado) VALUES (42, 'go', 'only', 'ability', 'behavior', '1972-02-25', 1);
INSERT INTO provedor (prr_id, prr_nombre, prr_rut, prr_contacto, prr_telefono, prr_creacion, prr_estado) VALUES (43, 'movement', 'agreement', 'whether', 'question', '2023-07-21', 1);
INSERT INTO provedor (prr_id, prr_nombre, prr_rut, prr_contacto, prr_telefono, prr_creacion, prr_estado) VALUES (44, 'company', 'sing', 'sell', 'short', '2022-01-01', 0);
INSERT INTO provedor (prr_id, prr_nombre, prr_rut, prr_contacto, prr_telefono, prr_creacion, prr_estado) VALUES (45, 'style', 'society', 'tree', 'single', '2003-03-25', 1);
INSERT INTO provedor (prr_id, prr_nombre, prr_rut, prr_contacto, prr_telefono, prr_creacion, prr_estado) VALUES (46, 'tough', 'society', 'scene', 'born', '1980-08-24', 0);
INSERT INTO provedor (prr_id, prr_nombre, prr_rut, prr_contacto, prr_telefono, prr_creacion, prr_estado) VALUES (47, 'occur', 'Congress', 'project', 'fly', '1976-03-01', 0);
INSERT INTO provedor (prr_id, prr_nombre, prr_rut, prr_contacto, prr_telefono, prr_creacion, prr_estado) VALUES (48, 'arm', 'operation', 'surface', 'that', '2003-10-02', 0);
INSERT INTO provedor (prr_id, prr_nombre, prr_rut, prr_contacto, prr_telefono, prr_creacion, prr_estado) VALUES (49, 'reduce', 'region', 'approach', 'become', '2019-11-07', 1);
INSERT INTO provedor (prr_id, prr_nombre, prr_rut, prr_contacto, prr_telefono, prr_creacion, prr_estado) VALUES (50, 'reach', 'we', 'push', 'opportunity', '1979-12-07', 1);
INSERT INTO provedor (prr_id, prr_nombre, prr_rut, prr_contacto, prr_telefono, prr_creacion, prr_estado) VALUES (51, 'name', 'leg', 'professional', 'head', '2012-04-20', 0);
INSERT INTO provedor (prr_id, prr_nombre, prr_rut, prr_contacto, prr_telefono, prr_creacion, prr_estado) VALUES (52, 'wall', 'small', 'common', 'respond', '1986-01-19', 1);
INSERT INTO provedor (prr_id, prr_nombre, prr_rut, prr_contacto, prr_telefono, prr_creacion, prr_estado) VALUES (53, 'especially', 'money', 'action', 'color', '2013-06-16', 1);
INSERT INTO provedor (prr_id, prr_nombre, prr_rut, prr_contacto, prr_telefono, prr_creacion, prr_estado) VALUES (54, 'economic', 'husband', 'eight', 'contain', '1985-02-06', 0);
INSERT INTO provedor (prr_id, prr_nombre, prr_rut, prr_contacto, prr_telefono, prr_creacion, prr_estado) VALUES (55, 'leader', 'human', 'will', 'them', '1989-11-14', 0);
INSERT INTO provedor (prr_id, prr_nombre, prr_rut, prr_contacto, prr_telefono, prr_creacion, prr_estado) VALUES (56, 'indicate', 'teach', 'week', 'area', '2011-08-25', 0);
INSERT INTO provedor (prr_id, prr_nombre, prr_rut, prr_contacto, prr_telefono, prr_creacion, prr_estado) VALUES (57, 'unit', 'decade', 'picture', 'weight', '2021-07-27', 0);
INSERT INTO provedor (prr_id, prr_nombre, prr_rut, prr_contacto, prr_telefono, prr_creacion, prr_estado) VALUES (58, 'while', 'must', 'skin', 'range', '2022-04-14', 1);
INSERT INTO provedor (prr_id, prr_nombre, prr_rut, prr_contacto, prr_telefono, prr_creacion, prr_estado) VALUES (59, 'worker', 'occur', 'girl', 'such', '2014-12-18', 0);
INSERT INTO provedor (prr_id, prr_nombre, prr_rut, prr_contacto, prr_telefono, prr_creacion, prr_estado) VALUES (60, 'scene', 'music', 'mind', 'work', '1995-09-09', 0);
INSERT INTO provedor (prr_id, prr_nombre, prr_rut, prr_contacto, prr_telefono, prr_creacion, prr_estado) VALUES (61, 'smile', 'before', 'phone', 'rate', '2002-08-02', 0);
INSERT INTO provedor (prr_id, prr_nombre, prr_rut, prr_contacto, prr_telefono, prr_creacion, prr_estado) VALUES (62, 'anything', 'military', 'unit', 'true', '2012-06-28', 1);
INSERT INTO provedor (prr_id, prr_nombre, prr_rut, prr_contacto, prr_telefono, prr_creacion, prr_estado) VALUES (63, 'capital', 'maintain', 'individual', 'else', '1986-01-26', 1);
INSERT INTO provedor (prr_id, prr_nombre, prr_rut, prr_contacto, prr_telefono, prr_creacion, prr_estado) VALUES (64, 'up', 'power', 'enough', 'entire', '2018-07-24', 0);
INSERT INTO provedor (prr_id, prr_nombre, prr_rut, prr_contacto, prr_telefono, prr_creacion, prr_estado) VALUES (65, 'rest', 'help', 'study', 'read', '2022-10-05', 0);
INSERT INTO provedor (prr_id, prr_nombre, prr_rut, prr_contacto, prr_telefono, prr_creacion, prr_estado) VALUES (66, 'similar', 'ok', 'hand', 'somebody', '1995-07-28', 0);
INSERT INTO provedor (prr_id, prr_nombre, prr_rut, prr_contacto, prr_telefono, prr_creacion, prr_estado) VALUES (67, 'appear', 'down', 'not', 'American', '1985-01-26', 0);
INSERT INTO provedor (prr_id, prr_nombre, prr_rut, prr_contacto, prr_telefono, prr_creacion, prr_estado) VALUES (68, 'newspaper', 'station', 'according', 'spend', '2021-07-15', 1);
INSERT INTO provedor (prr_id, prr_nombre, prr_rut, prr_contacto, prr_telefono, prr_creacion, prr_estado) VALUES (69, 'traditional', 'final', 'send', 'information', '1978-07-11', 1);
INSERT INTO provedor (prr_id, prr_nombre, prr_rut, prr_contacto, prr_telefono, prr_creacion, prr_estado) VALUES (70, 'address', 'push', 'bag', 'everything', '2023-07-18', 0);
INSERT INTO provedor (prr_id, prr_nombre, prr_rut, prr_contacto, prr_telefono, prr_creacion, prr_estado) VALUES (71, 'nearly', 'he', 'wear', 'happen', '2018-09-18', 0);
INSERT INTO provedor (prr_id, prr_nombre, prr_rut, prr_contacto, prr_telefono, prr_creacion, prr_estado) VALUES (72, 'health', 'also', 'nothing', 'different', '2012-10-20', 0);
INSERT INTO provedor (prr_id, prr_nombre, prr_rut, prr_contacto, prr_telefono, prr_creacion, prr_estado) VALUES (73, 'put', 'she', 'push', 'medical', '2003-05-06', 1);
INSERT INTO provedor (prr_id, prr_nombre, prr_rut, prr_contacto, prr_telefono, prr_creacion, prr_estado) VALUES (74, 'available', 'admit', 'artist', 'degree', '1994-05-14', 0);
INSERT INTO provedor (prr_id, prr_nombre, prr_rut, prr_contacto, prr_telefono, prr_creacion, prr_estado) VALUES (75, 'technology', 'author', 'detail', 'rate', '2002-08-03', 0);
INSERT INTO provedor (prr_id, prr_nombre, prr_rut, prr_contacto, prr_telefono, prr_creacion, prr_estado) VALUES (76, 'book', 'believe', 'impact', 'mind', '2016-11-05', 0);
INSERT INTO provedor (prr_id, prr_nombre, prr_rut, prr_contacto, prr_telefono, prr_creacion, prr_estado) VALUES (77, 'student', 'learn', 'agreement', 'any', '2013-11-30', 0);
INSERT INTO provedor (prr_id, prr_nombre, prr_rut, prr_contacto, prr_telefono, prr_creacion, prr_estado) VALUES (78, 'arm', 'bring', 'structure', 'sea', '2024-03-26', 0);
INSERT INTO provedor (prr_id, prr_nombre, prr_rut, prr_contacto, prr_telefono, prr_creacion, prr_estado) VALUES (79, 'product', 'many', 'begin', 'daughter', '1980-12-24', 0);
INSERT INTO provedor (prr_id, prr_nombre, prr_rut, prr_contacto, prr_telefono, prr_creacion, prr_estado) VALUES (80, 'require', 'it', 'possible', 'statement', '1997-11-01', 1);
INSERT INTO provedor (prr_id, prr_nombre, prr_rut, prr_contacto, prr_telefono, prr_creacion, prr_estado) VALUES (81, 'TV', 'test', 'style', 'remember', '1988-02-20', 1);
INSERT INTO provedor (prr_id, prr_nombre, prr_rut, prr_contacto, prr_telefono, prr_creacion, prr_estado) VALUES (82, 'employee', 'central', 'top', 'six', '2016-11-06', 1);
INSERT INTO provedor (prr_id, prr_nombre, prr_rut, prr_contacto, prr_telefono, prr_creacion, prr_estado) VALUES (83, 'arrive', 'three', 'poor', 'method', '1984-12-25', 1);
INSERT INTO provedor (prr_id, prr_nombre, prr_rut, prr_contacto, prr_telefono, prr_creacion, prr_estado) VALUES (84, 'discussion', 'trade', 'today', 'top', '1971-07-09', 0);
INSERT INTO provedor (prr_id, prr_nombre, prr_rut, prr_contacto, prr_telefono, prr_creacion, prr_estado) VALUES (85, 'too', 'available', 'author', 'trial', '2004-04-03', 0);
INSERT INTO provedor (prr_id, prr_nombre, prr_rut, prr_contacto, prr_telefono, prr_creacion, prr_estado) VALUES (86, 'top', 'inside', 'front', 'fear', '1988-01-13', 0);
INSERT INTO provedor (prr_id, prr_nombre, prr_rut, prr_contacto, prr_telefono, prr_creacion, prr_estado) VALUES (87, 'our', 'organization', 'scientist', 'concern', '1978-05-29', 1);
INSERT INTO provedor (prr_id, prr_nombre, prr_rut, prr_contacto, prr_telefono, prr_creacion, prr_estado) VALUES (88, 'similar', 'more', 'guess', 'skin', '1977-12-17', 0);
INSERT INTO provedor (prr_id, prr_nombre, prr_rut, prr_contacto, prr_telefono, prr_creacion, prr_estado) VALUES (89, 'during', 'old', 'especially', 'work', '1979-01-04', 0);
INSERT INTO provedor (prr_id, prr_nombre, prr_rut, prr_contacto, prr_telefono, prr_creacion, prr_estado) VALUES (90, 'amount', 'organization', 'plant', 'lot', '1983-02-14', 1);
INSERT INTO provedor (prr_id, prr_nombre, prr_rut, prr_contacto, prr_telefono, prr_creacion, prr_estado) VALUES (91, 'hard', 'card', 'the', 'tough', '1983-06-29', 1);
INSERT INTO provedor (prr_id, prr_nombre, prr_rut, prr_contacto, prr_telefono, prr_creacion, prr_estado) VALUES (92, 'material', 'fact', 'professional', 'commercial', '2010-08-17', 1);
INSERT INTO provedor (prr_id, prr_nombre, prr_rut, prr_contacto, prr_telefono, prr_creacion, prr_estado) VALUES (93, 'share', 'certainly', 'company', 'nature', '1998-03-22', 1);
INSERT INTO provedor (prr_id, prr_nombre, prr_rut, prr_contacto, prr_telefono, prr_creacion, prr_estado) VALUES (94, 'stock', 'meeting', 'behavior', 'exist', '1988-02-05', 0);
INSERT INTO provedor (prr_id, prr_nombre, prr_rut, prr_contacto, prr_telefono, prr_creacion, prr_estado) VALUES (95, 'somebody', 'young', 'financial', 'process', '1994-10-06', 1);
INSERT INTO provedor (prr_id, prr_nombre, prr_rut, prr_contacto, prr_telefono, prr_creacion, prr_estado) VALUES (96, 'find', 'how', 'heavy', 'represent', '2015-11-11', 0);
INSERT INTO provedor (prr_id, prr_nombre, prr_rut, prr_contacto, prr_telefono, prr_creacion, prr_estado) VALUES (97, 'reduce', 'price', 'five', 'activity', '2023-10-17', 1);
INSERT INTO provedor (prr_id, prr_nombre, prr_rut, prr_contacto, prr_telefono, prr_creacion, prr_estado) VALUES (98, 'continue', 'public', 'finish', 'drug', '1998-11-26', 1);
INSERT INTO provedor (prr_id, prr_nombre, prr_rut, prr_contacto, prr_telefono, prr_creacion, prr_estado) VALUES (99, 'must', 'item', 'need', 'college', '1993-12-15', 0);
INSERT INTO provedor (prr_id, prr_nombre, prr_rut, prr_contacto, prr_telefono, prr_creacion, prr_estado) VALUES (100, 'nearly', 'policy', 'decade', 'drop', '1981-04-30', 1);
INSERT INTO orden_compra (orc_id, orc_cantidad, orc_creacion, orc_estado, com_id, fac_id) VALUES (1, 1, '1985-11-28', 1, 1, 1);
INSERT INTO orden_compra (orc_id, orc_cantidad, orc_creacion, orc_estado, com_id, fac_id) VALUES (2, 2, '2008-11-06', 0, 2, 2);
INSERT INTO orden_compra (orc_id, orc_cantidad, orc_creacion, orc_estado, com_id, fac_id) VALUES (3, 3, '2002-03-11', 1, 3, 3);
INSERT INTO orden_compra (orc_id, orc_cantidad, orc_creacion, orc_estado, com_id, fac_id) VALUES (4, 4, '1997-12-29', 1, 4, 4);
INSERT INTO orden_compra (orc_id, orc_cantidad, orc_creacion, orc_estado, com_id, fac_id) VALUES (5, 5, '2008-01-13', 0, 5, 5);
INSERT INTO orden_compra (orc_id, orc_cantidad, orc_creacion, orc_estado, com_id, fac_id) VALUES (6, 6, '1976-03-28', 1, 6, 6);
INSERT INTO orden_compra (orc_id, orc_cantidad, orc_creacion, orc_estado, com_id, fac_id) VALUES (7, 7, '1973-08-05', 0, 7, 7);
INSERT INTO orden_compra (orc_id, orc_cantidad, orc_creacion, orc_estado, com_id, fac_id) VALUES (8, 8, '1987-05-13', 1, 8, 8);
INSERT INTO orden_compra (orc_id, orc_cantidad, orc_creacion, orc_estado, com_id, fac_id) VALUES (9, 9, '2023-09-13', 1, 9, 9);
INSERT INTO orden_compra (orc_id, orc_cantidad, orc_creacion, orc_estado, com_id, fac_id) VALUES (10, 10, '1976-09-28', 1, 10, 10);
INSERT INTO orden_compra (orc_id, orc_cantidad, orc_creacion, orc_estado, com_id, fac_id) VALUES (11, 11, '2022-01-04', 0, 11, 11);
INSERT INTO orden_compra (orc_id, orc_cantidad, orc_creacion, orc_estado, com_id, fac_id) VALUES (12, 12, '1980-05-13', 0, 12, 12);
INSERT INTO orden_compra (orc_id, orc_cantidad, orc_creacion, orc_estado, com_id, fac_id) VALUES (13, 13, '1999-06-15', 0, 13, 13);
INSERT INTO orden_compra (orc_id, orc_cantidad, orc_creacion, orc_estado, com_id, fac_id) VALUES (14, 14, '2019-05-29', 1, 14, 14);
INSERT INTO orden_compra (orc_id, orc_cantidad, orc_creacion, orc_estado, com_id, fac_id) VALUES (15, 15, '1995-06-23', 1, 15, 15);
INSERT INTO orden_compra (orc_id, orc_cantidad, orc_creacion, orc_estado, com_id, fac_id) VALUES (16, 16, '2009-05-05', 0, 16, 16);
INSERT INTO orden_compra (orc_id, orc_cantidad, orc_creacion, orc_estado, com_id, fac_id) VALUES (17, 17, '2007-01-04', 1, 17, 17);
INSERT INTO orden_compra (orc_id, orc_cantidad, orc_creacion, orc_estado, com_id, fac_id) VALUES (18, 18, '2002-03-17', 1, 18, 18);
INSERT INTO orden_compra (orc_id, orc_cantidad, orc_creacion, orc_estado, com_id, fac_id) VALUES (19, 19, '1995-05-03', 1, 19, 19);
INSERT INTO orden_compra (orc_id, orc_cantidad, orc_creacion, orc_estado, com_id, fac_id) VALUES (20, 20, '1987-06-26', 0, 20, 20);
INSERT INTO orden_compra (orc_id, orc_cantidad, orc_creacion, orc_estado, com_id, fac_id) VALUES (21, 21, '2001-01-13', 1, 21, 21);
INSERT INTO orden_compra (orc_id, orc_cantidad, orc_creacion, orc_estado, com_id, fac_id) VALUES (22, 22, '2004-12-17', 0, 22, 22);
INSERT INTO orden_compra (orc_id, orc_cantidad, orc_creacion, orc_estado, com_id, fac_id) VALUES (23, 23, '1972-11-23', 1, 23, 23);
INSERT INTO orden_compra (orc_id, orc_cantidad, orc_creacion, orc_estado, com_id, fac_id) VALUES (24, 24, '1971-05-29', 0, 24, 24);
INSERT INTO orden_compra (orc_id, orc_cantidad, orc_creacion, orc_estado, com_id, fac_id) VALUES (25, 25, '2009-10-29', 1, 25, 25);
INSERT INTO orden_compra (orc_id, orc_cantidad, orc_creacion, orc_estado, com_id, fac_id) VALUES (26, 26, '1995-09-30', 0, 26, 26);
INSERT INTO orden_compra (orc_id, orc_cantidad, orc_creacion, orc_estado, com_id, fac_id) VALUES (27, 27, '1991-05-14', 1, 27, 27);
INSERT INTO orden_compra (orc_id, orc_cantidad, orc_creacion, orc_estado, com_id, fac_id) VALUES (28, 28, '1993-03-14', 0, 28, 28);
INSERT INTO orden_compra (orc_id, orc_cantidad, orc_creacion, orc_estado, com_id, fac_id) VALUES (29, 29, '1999-10-20', 1, 29, 29);
INSERT INTO orden_compra (orc_id, orc_cantidad, orc_creacion, orc_estado, com_id, fac_id) VALUES (30, 30, '1979-12-28', 0, 30, 30);
INSERT INTO orden_compra (orc_id, orc_cantidad, orc_creacion, orc_estado, com_id, fac_id) VALUES (31, 31, '1975-03-10', 1, 31, 31);
INSERT INTO orden_compra (orc_id, orc_cantidad, orc_creacion, orc_estado, com_id, fac_id) VALUES (32, 32, '2018-05-11', 1, 32, 32);
INSERT INTO orden_compra (orc_id, orc_cantidad, orc_creacion, orc_estado, com_id, fac_id) VALUES (33, 33, '1994-11-22', 0, 33, 33);
INSERT INTO orden_compra (orc_id, orc_cantidad, orc_creacion, orc_estado, com_id, fac_id) VALUES (34, 34, '2021-05-16', 0, 34, 34);
INSERT INTO orden_compra (orc_id, orc_cantidad, orc_creacion, orc_estado, com_id, fac_id) VALUES (35, 35, '2024-04-18', 0, 35, 35);
INSERT INTO orden_compra (orc_id, orc_cantidad, orc_creacion, orc_estado, com_id, fac_id) VALUES (36, 36, '2019-12-27', 0, 36, 36);
INSERT INTO orden_compra (orc_id, orc_cantidad, orc_creacion, orc_estado, com_id, fac_id) VALUES (37, 37, '1997-12-18', 1, 37, 37);
INSERT INTO orden_compra (orc_id, orc_cantidad, orc_creacion, orc_estado, com_id, fac_id) VALUES (38, 38, '2012-08-07', 1, 38, 38);
INSERT INTO orden_compra (orc_id, orc_cantidad, orc_creacion, orc_estado, com_id, fac_id) VALUES (39, 39, '1972-09-18', 1, 39, 39);
INSERT INTO orden_compra (orc_id, orc_cantidad, orc_creacion, orc_estado, com_id, fac_id) VALUES (40, 40, '1992-04-20', 0, 40, 40);
INSERT INTO orden_compra (orc_id, orc_cantidad, orc_creacion, orc_estado, com_id, fac_id) VALUES (41, 41, '1971-04-21', 0, 41, 41);
INSERT INTO orden_compra (orc_id, orc_cantidad, orc_creacion, orc_estado, com_id, fac_id) VALUES (42, 42, '1998-02-13', 1, 42, 42);
INSERT INTO orden_compra (orc_id, orc_cantidad, orc_creacion, orc_estado, com_id, fac_id) VALUES (43, 43, '2016-07-17', 1, 43, 43);
INSERT INTO orden_compra (orc_id, orc_cantidad, orc_creacion, orc_estado, com_id, fac_id) VALUES (44, 44, '2002-09-28', 0, 44, 44);
INSERT INTO orden_compra (orc_id, orc_cantidad, orc_creacion, orc_estado, com_id, fac_id) VALUES (45, 45, '2019-12-20', 0, 45, 45);
INSERT INTO orden_compra (orc_id, orc_cantidad, orc_creacion, orc_estado, com_id, fac_id) VALUES (46, 46, '2000-03-02', 0, 46, 46);
INSERT INTO orden_compra (orc_id, orc_cantidad, orc_creacion, orc_estado, com_id, fac_id) VALUES (47, 47, '1971-04-17', 1, 47, 47);
INSERT INTO orden_compra (orc_id, orc_cantidad, orc_creacion, orc_estado, com_id, fac_id) VALUES (48, 48, '1990-12-09', 1, 48, 48);
INSERT INTO orden_compra (orc_id, orc_cantidad, orc_creacion, orc_estado, com_id, fac_id) VALUES (49, 49, '1989-07-11', 1, 49, 49);
INSERT INTO orden_compra (orc_id, orc_cantidad, orc_creacion, orc_estado, com_id, fac_id) VALUES (50, 50, '1970-06-13', 0, 50, 50);
INSERT INTO orden_compra (orc_id, orc_cantidad, orc_creacion, orc_estado, com_id, fac_id) VALUES (51, 51, '1972-11-15', 1, 51, 51);
INSERT INTO orden_compra (orc_id, orc_cantidad, orc_creacion, orc_estado, com_id, fac_id) VALUES (52, 52, '1988-09-01', 0, 52, 52);
INSERT INTO orden_compra (orc_id, orc_cantidad, orc_creacion, orc_estado, com_id, fac_id) VALUES (53, 53, '1970-03-13', 1, 53, 53);
INSERT INTO orden_compra (orc_id, orc_cantidad, orc_creacion, orc_estado, com_id, fac_id) VALUES (54, 54, '1980-06-14', 0, 54, 54);
INSERT INTO orden_compra (orc_id, orc_cantidad, orc_creacion, orc_estado, com_id, fac_id) VALUES (55, 55, '1981-10-28', 1, 55, 55);
INSERT INTO orden_compra (orc_id, orc_cantidad, orc_creacion, orc_estado, com_id, fac_id) VALUES (56, 56, '1998-12-17', 0, 56, 56);
INSERT INTO orden_compra (orc_id, orc_cantidad, orc_creacion, orc_estado, com_id, fac_id) VALUES (57, 57, '2006-03-08', 1, 57, 57);
INSERT INTO orden_compra (orc_id, orc_cantidad, orc_creacion, orc_estado, com_id, fac_id) VALUES (58, 58, '1994-07-29', 0, 58, 58);
INSERT INTO orden_compra (orc_id, orc_cantidad, orc_creacion, orc_estado, com_id, fac_id) VALUES (59, 59, '2009-09-08', 0, 59, 59);
INSERT INTO orden_compra (orc_id, orc_cantidad, orc_creacion, orc_estado, com_id, fac_id) VALUES (60, 60, '1997-11-09', 1, 60, 60);
INSERT INTO orden_compra (orc_id, orc_cantidad, orc_creacion, orc_estado, com_id, fac_id) VALUES (61, 61, '1972-11-26', 1, 61, 61);
INSERT INTO orden_compra (orc_id, orc_cantidad, orc_creacion, orc_estado, com_id, fac_id) VALUES (62, 62, '1971-10-14', 0, 62, 62);
INSERT INTO orden_compra (orc_id, orc_cantidad, orc_creacion, orc_estado, com_id, fac_id) VALUES (63, 63, '2001-07-24', 1, 63, 63);
INSERT INTO orden_compra (orc_id, orc_cantidad, orc_creacion, orc_estado, com_id, fac_id) VALUES (64, 64, '2000-01-08', 1, 64, 64);
INSERT INTO orden_compra (orc_id, orc_cantidad, orc_creacion, orc_estado, com_id, fac_id) VALUES (65, 65, '2010-04-24', 1, 65, 65);
INSERT INTO orden_compra (orc_id, orc_cantidad, orc_creacion, orc_estado, com_id, fac_id) VALUES (66, 66, '2020-06-26', 1, 66, 66);
INSERT INTO orden_compra (orc_id, orc_cantidad, orc_creacion, orc_estado, com_id, fac_id) VALUES (67, 67, '1984-08-30', 1, 67, 67);
INSERT INTO orden_compra (orc_id, orc_cantidad, orc_creacion, orc_estado, com_id, fac_id) VALUES (68, 68, '1994-12-03', 1, 68, 68);
INSERT INTO orden_compra (orc_id, orc_cantidad, orc_creacion, orc_estado, com_id, fac_id) VALUES (69, 69, '2006-02-18', 1, 69, 69);
INSERT INTO orden_compra (orc_id, orc_cantidad, orc_creacion, orc_estado, com_id, fac_id) VALUES (70, 70, '2001-11-22', 1, 70, 70);
INSERT INTO orden_compra (orc_id, orc_cantidad, orc_creacion, orc_estado, com_id, fac_id) VALUES (71, 71, '2019-08-17', 1, 71, 71);
INSERT INTO orden_compra (orc_id, orc_cantidad, orc_creacion, orc_estado, com_id, fac_id) VALUES (72, 72, '1983-05-15', 0, 72, 72);
INSERT INTO orden_compra (orc_id, orc_cantidad, orc_creacion, orc_estado, com_id, fac_id) VALUES (73, 73, '2020-11-16', 0, 73, 73);
INSERT INTO orden_compra (orc_id, orc_cantidad, orc_creacion, orc_estado, com_id, fac_id) VALUES (74, 74, '2007-01-18', 1, 74, 74);
INSERT INTO orden_compra (orc_id, orc_cantidad, orc_creacion, orc_estado, com_id, fac_id) VALUES (75, 75, '2009-02-09', 1, 75, 75);
INSERT INTO orden_compra (orc_id, orc_cantidad, orc_creacion, orc_estado, com_id, fac_id) VALUES (76, 76, '1978-08-22', 0, 76, 76);
INSERT INTO orden_compra (orc_id, orc_cantidad, orc_creacion, orc_estado, com_id, fac_id) VALUES (77, 77, '1981-09-09', 0, 77, 77);
INSERT INTO orden_compra (orc_id, orc_cantidad, orc_creacion, orc_estado, com_id, fac_id) VALUES (78, 78, '1976-11-19', 0, 78, 78);
INSERT INTO orden_compra (orc_id, orc_cantidad, orc_creacion, orc_estado, com_id, fac_id) VALUES (79, 79, '2006-06-03', 0, 79, 79);
INSERT INTO orden_compra (orc_id, orc_cantidad, orc_creacion, orc_estado, com_id, fac_id) VALUES (80, 80, '1997-02-16', 1, 80, 80);
INSERT INTO orden_compra (orc_id, orc_cantidad, orc_creacion, orc_estado, com_id, fac_id) VALUES (81, 81, '2000-05-05', 1, 81, 81);
INSERT INTO orden_compra (orc_id, orc_cantidad, orc_creacion, orc_estado, com_id, fac_id) VALUES (82, 82, '1970-12-23', 1, 82, 82);
INSERT INTO orden_compra (orc_id, orc_cantidad, orc_creacion, orc_estado, com_id, fac_id) VALUES (83, 83, '1994-01-06', 1, 83, 83);
INSERT INTO orden_compra (orc_id, orc_cantidad, orc_creacion, orc_estado, com_id, fac_id) VALUES (84, 84, '2003-12-17', 0, 84, 84);
INSERT INTO orden_compra (orc_id, orc_cantidad, orc_creacion, orc_estado, com_id, fac_id) VALUES (85, 85, '2016-01-18', 0, 85, 85);
INSERT INTO orden_compra (orc_id, orc_cantidad, orc_creacion, orc_estado, com_id, fac_id) VALUES (86, 86, '2013-11-03', 1, 86, 86);
INSERT INTO orden_compra (orc_id, orc_cantidad, orc_creacion, orc_estado, com_id, fac_id) VALUES (87, 87, '2002-03-11', 0, 87, 87);
INSERT INTO orden_compra (orc_id, orc_cantidad, orc_creacion, orc_estado, com_id, fac_id) VALUES (88, 88, '1982-12-16', 1, 88, 88);
INSERT INTO orden_compra (orc_id, orc_cantidad, orc_creacion, orc_estado, com_id, fac_id) VALUES (89, 89, '2010-05-05', 1, 89, 89);
INSERT INTO orden_compra (orc_id, orc_cantidad, orc_creacion, orc_estado, com_id, fac_id) VALUES (90, 90, '2017-02-12', 0, 90, 90);
INSERT INTO orden_compra (orc_id, orc_cantidad, orc_creacion, orc_estado, com_id, fac_id) VALUES (91, 91, '1998-06-03', 1, 91, 91);
INSERT INTO orden_compra (orc_id, orc_cantidad, orc_creacion, orc_estado, com_id, fac_id) VALUES (92, 92, '1972-05-05', 1, 92, 92);
INSERT INTO orden_compra (orc_id, orc_cantidad, orc_creacion, orc_estado, com_id, fac_id) VALUES (93, 93, '2009-01-28', 0, 93, 93);
INSERT INTO orden_compra (orc_id, orc_cantidad, orc_creacion, orc_estado, com_id, fac_id) VALUES (94, 94, '1998-02-06', 0, 94, 94);
INSERT INTO orden_compra (orc_id, orc_cantidad, orc_creacion, orc_estado, com_id, fac_id) VALUES (95, 95, '1983-06-07', 0, 95, 95);
INSERT INTO orden_compra (orc_id, orc_cantidad, orc_creacion, orc_estado, com_id, fac_id) VALUES (96, 96, '1971-10-22', 1, 96, 96);
INSERT INTO orden_compra (orc_id, orc_cantidad, orc_creacion, orc_estado, com_id, fac_id) VALUES (97, 97, '2013-11-10', 0, 97, 97);
INSERT INTO orden_compra (orc_id, orc_cantidad, orc_creacion, orc_estado, com_id, fac_id) VALUES (98, 98, '2000-06-08', 0, 98, 98);
INSERT INTO orden_compra (orc_id, orc_cantidad, orc_creacion, orc_estado, com_id, fac_id) VALUES (99, 99, '1976-10-21', 0, 99, 99);
INSERT INTO orden_compra (orc_id, orc_cantidad, orc_creacion, orc_estado, com_id, fac_id) VALUES (100, 100, '2013-07-25', 1, 100, 100);
INSERT INTO orden_producto (pro_id, orc_id) VALUES (1, 1);
INSERT INTO orden_producto (pro_id, orc_id) VALUES (2, 2);
INSERT INTO orden_producto (pro_id, orc_id) VALUES (3, 3);
INSERT INTO orden_producto (pro_id, orc_id) VALUES (4, 4);
INSERT INTO orden_producto (pro_id, orc_id) VALUES (5, 5);
INSERT INTO orden_producto (pro_id, orc_id) VALUES (6, 6);
INSERT INTO orden_producto (pro_id, orc_id) VALUES (7, 7);
INSERT INTO orden_producto (pro_id, orc_id) VALUES (8, 8);
INSERT INTO orden_producto (pro_id, orc_id) VALUES (9, 9);
INSERT INTO orden_producto (pro_id, orc_id) VALUES (10, 10);
INSERT INTO orden_producto (pro_id, orc_id) VALUES (11, 11);
INSERT INTO orden_producto (pro_id, orc_id) VALUES (12, 12);
INSERT INTO orden_producto (pro_id, orc_id) VALUES (13, 13);
INSERT INTO orden_producto (pro_id, orc_id) VALUES (14, 14);
INSERT INTO orden_producto (pro_id, orc_id) VALUES (15, 15);
INSERT INTO orden_producto (pro_id, orc_id) VALUES (16, 16);
INSERT INTO orden_producto (pro_id, orc_id) VALUES (17, 17);
INSERT INTO orden_producto (pro_id, orc_id) VALUES (18, 18);
INSERT INTO orden_producto (pro_id, orc_id) VALUES (19, 19);
INSERT INTO orden_producto (pro_id, orc_id) VALUES (20, 20);
INSERT INTO orden_producto (pro_id, orc_id) VALUES (21, 21);
INSERT INTO orden_producto (pro_id, orc_id) VALUES (22, 22);
INSERT INTO orden_producto (pro_id, orc_id) VALUES (23, 23);
INSERT INTO orden_producto (pro_id, orc_id) VALUES (24, 24);
INSERT INTO orden_producto (pro_id, orc_id) VALUES (25, 25);
INSERT INTO orden_producto (pro_id, orc_id) VALUES (26, 26);
INSERT INTO orden_producto (pro_id, orc_id) VALUES (27, 27);
INSERT INTO orden_producto (pro_id, orc_id) VALUES (28, 28);
INSERT INTO orden_producto (pro_id, orc_id) VALUES (29, 29);
INSERT INTO orden_producto (pro_id, orc_id) VALUES (30, 30);
INSERT INTO orden_producto (pro_id, orc_id) VALUES (31, 31);
INSERT INTO orden_producto (pro_id, orc_id) VALUES (32, 32);
INSERT INTO orden_producto (pro_id, orc_id) VALUES (33, 33);
INSERT INTO orden_producto (pro_id, orc_id) VALUES (34, 34);
INSERT INTO orden_producto (pro_id, orc_id) VALUES (35, 35);
INSERT INTO orden_producto (pro_id, orc_id) VALUES (36, 36);
INSERT INTO orden_producto (pro_id, orc_id) VALUES (37, 37);
INSERT INTO orden_producto (pro_id, orc_id) VALUES (38, 38);
INSERT INTO orden_producto (pro_id, orc_id) VALUES (39, 39);
INSERT INTO orden_producto (pro_id, orc_id) VALUES (40, 40);
INSERT INTO orden_producto (pro_id, orc_id) VALUES (41, 41);
INSERT INTO orden_producto (pro_id, orc_id) VALUES (42, 42);
INSERT INTO orden_producto (pro_id, orc_id) VALUES (43, 43);
INSERT INTO orden_producto (pro_id, orc_id) VALUES (44, 44);
INSERT INTO orden_producto (pro_id, orc_id) VALUES (45, 45);
INSERT INTO orden_producto (pro_id, orc_id) VALUES (46, 46);
INSERT INTO orden_producto (pro_id, orc_id) VALUES (47, 47);
INSERT INTO orden_producto (pro_id, orc_id) VALUES (48, 48);
INSERT INTO orden_producto (pro_id, orc_id) VALUES (49, 49);
INSERT INTO orden_producto (pro_id, orc_id) VALUES (50, 50);
INSERT INTO orden_producto (pro_id, orc_id) VALUES (51, 51);
INSERT INTO orden_producto (pro_id, orc_id) VALUES (52, 52);
INSERT INTO orden_producto (pro_id, orc_id) VALUES (53, 53);
INSERT INTO orden_producto (pro_id, orc_id) VALUES (54, 54);
INSERT INTO orden_producto (pro_id, orc_id) VALUES (55, 55);
INSERT INTO orden_producto (pro_id, orc_id) VALUES (56, 56);
INSERT INTO orden_producto (pro_id, orc_id) VALUES (57, 57);
INSERT INTO orden_producto (pro_id, orc_id) VALUES (58, 58);
INSERT INTO orden_producto (pro_id, orc_id) VALUES (59, 59);
INSERT INTO orden_producto (pro_id, orc_id) VALUES (60, 60);
INSERT INTO orden_producto (pro_id, orc_id) VALUES (61, 61);
INSERT INTO orden_producto (pro_id, orc_id) VALUES (62, 62);
INSERT INTO orden_producto (pro_id, orc_id) VALUES (63, 63);
INSERT INTO orden_producto (pro_id, orc_id) VALUES (64, 64);
INSERT INTO orden_producto (pro_id, orc_id) VALUES (65, 65);
INSERT INTO orden_producto (pro_id, orc_id) VALUES (66, 66);
INSERT INTO orden_producto (pro_id, orc_id) VALUES (67, 67);
INSERT INTO orden_producto (pro_id, orc_id) VALUES (68, 68);
INSERT INTO orden_producto (pro_id, orc_id) VALUES (69, 69);
INSERT INTO orden_producto (pro_id, orc_id) VALUES (70, 70);
INSERT INTO orden_producto (pro_id, orc_id) VALUES (71, 71);
INSERT INTO orden_producto (pro_id, orc_id) VALUES (72, 72);
INSERT INTO orden_producto (pro_id, orc_id) VALUES (73, 73);
INSERT INTO orden_producto (pro_id, orc_id) VALUES (74, 74);
INSERT INTO orden_producto (pro_id, orc_id) VALUES (75, 75);
INSERT INTO orden_producto (pro_id, orc_id) VALUES (76, 76);
INSERT INTO orden_producto (pro_id, orc_id) VALUES (77, 77);
INSERT INTO orden_producto (pro_id, orc_id) VALUES (78, 78);
INSERT INTO orden_producto (pro_id, orc_id) VALUES (79, 79);
INSERT INTO orden_producto (pro_id, orc_id) VALUES (80, 80);
INSERT INTO orden_producto (pro_id, orc_id) VALUES (81, 81);
INSERT INTO orden_producto (pro_id, orc_id) VALUES (82, 82);
INSERT INTO orden_producto (pro_id, orc_id) VALUES (83, 83);
INSERT INTO orden_producto (pro_id, orc_id) VALUES (84, 84);
INSERT INTO orden_producto (pro_id, orc_id) VALUES (85, 85);
INSERT INTO orden_producto (pro_id, orc_id) VALUES (86, 86);
INSERT INTO orden_producto (pro_id, orc_id) VALUES (87, 87);
INSERT INTO orden_producto (pro_id, orc_id) VALUES (88, 88);
INSERT INTO orden_producto (pro_id, orc_id) VALUES (89, 89);
INSERT INTO orden_producto (pro_id, orc_id) VALUES (90, 90);
INSERT INTO orden_producto (pro_id, orc_id) VALUES (91, 91);
INSERT INTO orden_producto (pro_id, orc_id) VALUES (92, 92);
INSERT INTO orden_producto (pro_id, orc_id) VALUES (93, 93);
INSERT INTO orden_producto (pro_id, orc_id) VALUES (94, 94);
INSERT INTO orden_producto (pro_id, orc_id) VALUES (95, 95);
INSERT INTO orden_producto (pro_id, orc_id) VALUES (96, 96);
INSERT INTO orden_producto (pro_id, orc_id) VALUES (97, 97);
INSERT INTO orden_producto (pro_id, orc_id) VALUES (98, 98);
INSERT INTO orden_producto (pro_id, orc_id) VALUES (99, 99);
INSERT INTO orden_producto (pro_id, orc_id) VALUES (100, 100);
INSERT INTO venta (ven_id, ven_num, ven_total, ven_create, emp_id, cli_id) VALUES (1, 84, 66.78, '2016-06-15', 1, 1);
INSERT INTO venta (ven_id, ven_num, ven_total, ven_create, emp_id, cli_id) VALUES (2, 96, 25.03, '1974-05-08', 2, 2);
INSERT INTO venta (ven_id, ven_num, ven_total, ven_create, emp_id, cli_id) VALUES (3, 60, 62.25, '2006-08-31', 3, 3);
INSERT INTO venta (ven_id, ven_num, ven_total, ven_create, emp_id, cli_id) VALUES (4, 38, 71.11, '2006-08-09', 4, 4);
INSERT INTO venta (ven_id, ven_num, ven_total, ven_create, emp_id, cli_id) VALUES (5, 36, 24.86, '2015-05-12', 5, 5);
INSERT INTO venta (ven_id, ven_num, ven_total, ven_create, emp_id, cli_id) VALUES (6, 69, 75.85, '1982-01-07', 6, 6);
INSERT INTO venta (ven_id, ven_num, ven_total, ven_create, emp_id, cli_id) VALUES (7, 55, 21.0, '1989-02-23', 7, 7);
INSERT INTO venta (ven_id, ven_num, ven_total, ven_create, emp_id, cli_id) VALUES (8, 66, 46.62, '2014-08-05', 8, 8);
INSERT INTO venta (ven_id, ven_num, ven_total, ven_create, emp_id, cli_id) VALUES (9, 67, 93.76, '2010-05-30', 9, 9);
INSERT INTO venta (ven_id, ven_num, ven_total, ven_create, emp_id, cli_id) VALUES (10, 9, 54.02, '2019-12-31', 10, 10);
INSERT INTO venta (ven_id, ven_num, ven_total, ven_create, emp_id, cli_id) VALUES (11, 83, 19.79, '2000-12-11', 11, 11);
INSERT INTO venta (ven_id, ven_num, ven_total, ven_create, emp_id, cli_id) VALUES (12, 89, 13.91, '2018-06-14', 12, 12);
INSERT INTO venta (ven_id, ven_num, ven_total, ven_create, emp_id, cli_id) VALUES (13, 23, 95.63, '1992-11-04', 13, 13);
INSERT INTO venta (ven_id, ven_num, ven_total, ven_create, emp_id, cli_id) VALUES (14, 63, 13.99, '2000-05-19', 14, 14);
INSERT INTO venta (ven_id, ven_num, ven_total, ven_create, emp_id, cli_id) VALUES (15, 72, 71.46, '1983-04-20', 15, 15);
INSERT INTO venta (ven_id, ven_num, ven_total, ven_create, emp_id, cli_id) VALUES (16, 41, 15.38, '2000-09-07', 16, 16);
INSERT INTO venta (ven_id, ven_num, ven_total, ven_create, emp_id, cli_id) VALUES (17, 27, 39.98, '2003-06-01', 17, 17);
INSERT INTO venta (ven_id, ven_num, ven_total, ven_create, emp_id, cli_id) VALUES (18, 23, 6.92, '2006-08-14', 18, 18);
INSERT INTO venta (ven_id, ven_num, ven_total, ven_create, emp_id, cli_id) VALUES (19, 6, 21.0, '2009-09-02', 19, 19);
INSERT INTO venta (ven_id, ven_num, ven_total, ven_create, emp_id, cli_id) VALUES (20, 40, 97.54, '1990-06-17', 20, 20);
INSERT INTO venta (ven_id, ven_num, ven_total, ven_create, emp_id, cli_id) VALUES (21, 100, 77.42, '2008-05-19', 21, 21);
INSERT INTO venta (ven_id, ven_num, ven_total, ven_create, emp_id, cli_id) VALUES (22, 85, 43.97, '1974-03-22', 22, 22);
INSERT INTO venta (ven_id, ven_num, ven_total, ven_create, emp_id, cli_id) VALUES (23, 23, 96.79, '2005-10-19', 23, 23);
INSERT INTO venta (ven_id, ven_num, ven_total, ven_create, emp_id, cli_id) VALUES (24, 45, 70.95, '2022-09-16', 24, 24);
INSERT INTO venta (ven_id, ven_num, ven_total, ven_create, emp_id, cli_id) VALUES (25, 62, 11.14, '1984-12-04', 25, 25);
INSERT INTO venta (ven_id, ven_num, ven_total, ven_create, emp_id, cli_id) VALUES (26, 71, 86.42, '2020-12-16', 26, 26);
INSERT INTO venta (ven_id, ven_num, ven_total, ven_create, emp_id, cli_id) VALUES (27, 26, 82.03, '1994-02-23', 27, 27);
INSERT INTO venta (ven_id, ven_num, ven_total, ven_create, emp_id, cli_id) VALUES (28, 99, 3.3, '1994-12-28', 28, 28);
INSERT INTO venta (ven_id, ven_num, ven_total, ven_create, emp_id, cli_id) VALUES (29, 90, 99.65, '1974-04-21', 29, 29);
INSERT INTO venta (ven_id, ven_num, ven_total, ven_create, emp_id, cli_id) VALUES (30, 16, 35.44, '2006-03-18', 30, 30);
INSERT INTO venta (ven_id, ven_num, ven_total, ven_create, emp_id, cli_id) VALUES (31, 70, 61.58, '1993-08-20', 31, 31);
INSERT INTO venta (ven_id, ven_num, ven_total, ven_create, emp_id, cli_id) VALUES (32, 97, 43.31, '2017-12-13', 32, 32);
INSERT INTO venta (ven_id, ven_num, ven_total, ven_create, emp_id, cli_id) VALUES (33, 56, 64.77, '2019-03-18', 33, 33);
INSERT INTO venta (ven_id, ven_num, ven_total, ven_create, emp_id, cli_id) VALUES (34, 55, 38.51, '1974-06-06', 34, 34);
INSERT INTO venta (ven_id, ven_num, ven_total, ven_create, emp_id, cli_id) VALUES (35, 15, 6.28, '2005-05-12', 35, 35);
INSERT INTO venta (ven_id, ven_num, ven_total, ven_create, emp_id, cli_id) VALUES (36, 79, 71.15, '2017-03-18', 36, 36);
INSERT INTO venta (ven_id, ven_num, ven_total, ven_create, emp_id, cli_id) VALUES (37, 23, 57.1, '1989-10-02', 37, 37);
INSERT INTO venta (ven_id, ven_num, ven_total, ven_create, emp_id, cli_id) VALUES (38, 75, 42.73, '2005-05-04', 38, 38);
INSERT INTO venta (ven_id, ven_num, ven_total, ven_create, emp_id, cli_id) VALUES (39, 61, 84.68, '1993-04-04', 39, 39);
INSERT INTO venta (ven_id, ven_num, ven_total, ven_create, emp_id, cli_id) VALUES (40, 83, 11.44, '2009-05-19', 40, 40);
INSERT INTO venta (ven_id, ven_num, ven_total, ven_create, emp_id, cli_id) VALUES (41, 53, 58.11, '2004-01-18', 41, 41);
INSERT INTO venta (ven_id, ven_num, ven_total, ven_create, emp_id, cli_id) VALUES (42, 72, 65.87, '2009-06-20', 42, 42);
INSERT INTO venta (ven_id, ven_num, ven_total, ven_create, emp_id, cli_id) VALUES (43, 72, 63.49, '2009-09-10', 43, 43);
INSERT INTO venta (ven_id, ven_num, ven_total, ven_create, emp_id, cli_id) VALUES (44, 71, 92.25, '2006-11-23', 44, 44);
INSERT INTO venta (ven_id, ven_num, ven_total, ven_create, emp_id, cli_id) VALUES (45, 31, 23.24, '1988-01-25', 45, 45);
INSERT INTO venta (ven_id, ven_num, ven_total, ven_create, emp_id, cli_id) VALUES (46, 55, 75.17, '2013-12-11', 46, 46);
INSERT INTO venta (ven_id, ven_num, ven_total, ven_create, emp_id, cli_id) VALUES (47, 64, 37.82, '1990-10-22', 47, 47);
INSERT INTO venta (ven_id, ven_num, ven_total, ven_create, emp_id, cli_id) VALUES (48, 54, 31.25, '1989-11-28', 48, 48);
INSERT INTO venta (ven_id, ven_num, ven_total, ven_create, emp_id, cli_id) VALUES (49, 39, 91.58, '1976-07-10', 49, 49);
INSERT INTO venta (ven_id, ven_num, ven_total, ven_create, emp_id, cli_id) VALUES (50, 3, 52.8, '2004-06-02', 50, 50);
INSERT INTO venta (ven_id, ven_num, ven_total, ven_create, emp_id, cli_id) VALUES (51, 23, 86.15, '1973-02-19', 51, 51);
INSERT INTO venta (ven_id, ven_num, ven_total, ven_create, emp_id, cli_id) VALUES (52, 16, 15.12, '1980-05-09', 52, 52);
INSERT INTO venta (ven_id, ven_num, ven_total, ven_create, emp_id, cli_id) VALUES (53, 46, 74.92, '2015-01-20', 53, 53);
INSERT INTO venta (ven_id, ven_num, ven_total, ven_create, emp_id, cli_id) VALUES (54, 87, 7.46, '2017-08-04', 54, 54);
INSERT INTO venta (ven_id, ven_num, ven_total, ven_create, emp_id, cli_id) VALUES (55, 92, 25.4, '2006-06-01', 55, 55);
INSERT INTO venta (ven_id, ven_num, ven_total, ven_create, emp_id, cli_id) VALUES (56, 52, 25.02, '2010-11-21', 56, 56);
INSERT INTO venta (ven_id, ven_num, ven_total, ven_create, emp_id, cli_id) VALUES (57, 49, 56.45, '1988-06-22', 57, 57);
INSERT INTO venta (ven_id, ven_num, ven_total, ven_create, emp_id, cli_id) VALUES (58, 18, 60.16, '1986-11-22', 58, 58);
INSERT INTO venta (ven_id, ven_num, ven_total, ven_create, emp_id, cli_id) VALUES (59, 35, 24.28, '2004-08-11', 59, 59);
INSERT INTO venta (ven_id, ven_num, ven_total, ven_create, emp_id, cli_id) VALUES (60, 62, 32.22, '1975-04-11', 60, 60);
INSERT INTO venta (ven_id, ven_num, ven_total, ven_create, emp_id, cli_id) VALUES (61, 4, 16.61, '2018-05-22', 61, 61);
INSERT INTO venta (ven_id, ven_num, ven_total, ven_create, emp_id, cli_id) VALUES (62, 68, 24.01, '1986-11-03', 62, 62);
INSERT INTO venta (ven_id, ven_num, ven_total, ven_create, emp_id, cli_id) VALUES (63, 50, 23.66, '1986-09-03', 63, 63);
INSERT INTO venta (ven_id, ven_num, ven_total, ven_create, emp_id, cli_id) VALUES (64, 52, 93.47, '1999-12-12', 64, 64);
INSERT INTO venta (ven_id, ven_num, ven_total, ven_create, emp_id, cli_id) VALUES (65, 22, 9.92, '2001-10-21', 65, 65);
INSERT INTO venta (ven_id, ven_num, ven_total, ven_create, emp_id, cli_id) VALUES (66, 11, 10.0, '1979-07-04', 66, 66);
INSERT INTO venta (ven_id, ven_num, ven_total, ven_create, emp_id, cli_id) VALUES (67, 58, 12.29, '1993-09-16', 67, 67);
INSERT INTO venta (ven_id, ven_num, ven_total, ven_create, emp_id, cli_id) VALUES (68, 87, 50.76, '1983-10-11', 68, 68);
INSERT INTO venta (ven_id, ven_num, ven_total, ven_create, emp_id, cli_id) VALUES (69, 1, 59.58, '2022-04-22', 69, 69);
INSERT INTO venta (ven_id, ven_num, ven_total, ven_create, emp_id, cli_id) VALUES (70, 40, 26.01, '1976-10-08', 70, 70);
INSERT INTO venta (ven_id, ven_num, ven_total, ven_create, emp_id, cli_id) VALUES (71, 79, 84.28, '1999-01-27', 71, 71);
INSERT INTO venta (ven_id, ven_num, ven_total, ven_create, emp_id, cli_id) VALUES (72, 62, 60.78, '1981-02-18', 72, 72);
INSERT INTO venta (ven_id, ven_num, ven_total, ven_create, emp_id, cli_id) VALUES (73, 52, 77.08, '1974-01-26', 73, 73);
INSERT INTO venta (ven_id, ven_num, ven_total, ven_create, emp_id, cli_id) VALUES (74, 16, 75.41, '2015-11-06', 74, 74);
INSERT INTO venta (ven_id, ven_num, ven_total, ven_create, emp_id, cli_id) VALUES (75, 16, 44.06, '1978-07-15', 75, 75);
INSERT INTO venta (ven_id, ven_num, ven_total, ven_create, emp_id, cli_id) VALUES (76, 44, 9.22, '2004-02-01', 76, 76);
INSERT INTO venta (ven_id, ven_num, ven_total, ven_create, emp_id, cli_id) VALUES (77, 4, 5.49, '1978-10-10', 77, 77);
INSERT INTO venta (ven_id, ven_num, ven_total, ven_create, emp_id, cli_id) VALUES (78, 74, 71.63, '2018-05-06', 78, 78);
INSERT INTO venta (ven_id, ven_num, ven_total, ven_create, emp_id, cli_id) VALUES (79, 23, 99.18, '1989-07-13', 79, 79);
INSERT INTO venta (ven_id, ven_num, ven_total, ven_create, emp_id, cli_id) VALUES (80, 83, 24.9, '1990-11-14', 80, 80);
INSERT INTO venta (ven_id, ven_num, ven_total, ven_create, emp_id, cli_id) VALUES (81, 92, 92.07, '1990-09-01', 81, 81);
INSERT INTO venta (ven_id, ven_num, ven_total, ven_create, emp_id, cli_id) VALUES (82, 94, 39.27, '2003-08-21', 82, 82);
INSERT INTO venta (ven_id, ven_num, ven_total, ven_create, emp_id, cli_id) VALUES (83, 29, 8.28, '1983-11-27', 83, 83);
INSERT INTO venta (ven_id, ven_num, ven_total, ven_create, emp_id, cli_id) VALUES (84, 30, 24.66, '1994-01-24', 84, 84);
INSERT INTO venta (ven_id, ven_num, ven_total, ven_create, emp_id, cli_id) VALUES (85, 100, 56.23, '1987-06-27', 85, 85);
INSERT INTO venta (ven_id, ven_num, ven_total, ven_create, emp_id, cli_id) VALUES (86, 37, 18.92, '2014-10-16', 86, 86);
INSERT INTO venta (ven_id, ven_num, ven_total, ven_create, emp_id, cli_id) VALUES (87, 82, 18.77, '2016-12-31', 87, 87);
INSERT INTO venta (ven_id, ven_num, ven_total, ven_create, emp_id, cli_id) VALUES (88, 25, 93.63, '2017-05-04', 88, 88);
INSERT INTO venta (ven_id, ven_num, ven_total, ven_create, emp_id, cli_id) VALUES (89, 48, 48.88, '2009-10-12', 89, 89);
INSERT INTO venta (ven_id, ven_num, ven_total, ven_create, emp_id, cli_id) VALUES (90, 97, 14.49, '2007-12-24', 90, 90);
INSERT INTO venta (ven_id, ven_num, ven_total, ven_create, emp_id, cli_id) VALUES (91, 45, 70.71, '1976-02-22', 91, 91);
INSERT INTO venta (ven_id, ven_num, ven_total, ven_create, emp_id, cli_id) VALUES (92, 13, 55.51, '1973-11-29', 92, 92);
INSERT INTO venta (ven_id, ven_num, ven_total, ven_create, emp_id, cli_id) VALUES (93, 33, 83.29, '1979-09-29', 93, 93);
INSERT INTO venta (ven_id, ven_num, ven_total, ven_create, emp_id, cli_id) VALUES (94, 6, 58.13, '1998-07-04', 94, 94);
INSERT INTO venta (ven_id, ven_num, ven_total, ven_create, emp_id, cli_id) VALUES (95, 20, 83.98, '2015-10-29', 95, 95);
INSERT INTO venta (ven_id, ven_num, ven_total, ven_create, emp_id, cli_id) VALUES (96, 76, 20.53, '1988-01-07', 96, 96);
INSERT INTO venta (ven_id, ven_num, ven_total, ven_create, emp_id, cli_id) VALUES (97, 68, 22.16, '1980-07-04', 97, 97);
INSERT INTO venta (ven_id, ven_num, ven_total, ven_create, emp_id, cli_id) VALUES (98, 84, 84.48, '2002-01-28', 98, 98);
INSERT INTO venta (ven_id, ven_num, ven_total, ven_create, emp_id, cli_id) VALUES (99, 69, 52.44, '1986-10-01', 99, 99);
INSERT INTO venta (ven_id, ven_num, ven_total, ven_create, emp_id, cli_id) VALUES (100, 75, 7.45, '2006-05-25', 100, 100);
INSERT INTO venta_producto (ven_id, pro_id, vep_cantidad, vep_precio, vep_creacion, vep_estado) VALUES (1, 1, 1, 73.03, '1978-05-26', 1);
INSERT INTO venta_producto (ven_id, pro_id, vep_cantidad, vep_precio, vep_creacion, vep_estado) VALUES (2, 2, 2, 49.45, '2007-05-29', 0);
INSERT INTO venta_producto (ven_id, pro_id, vep_cantidad, vep_precio, vep_creacion, vep_estado) VALUES (3, 3, 3, 59.9, '1983-03-22', 1);
INSERT INTO venta_producto (ven_id, pro_id, vep_cantidad, vep_precio, vep_creacion, vep_estado) VALUES (4, 4, 4, 6.25, '1972-03-12', 1);
INSERT INTO venta_producto (ven_id, pro_id, vep_cantidad, vep_precio, vep_creacion, vep_estado) VALUES (5, 5, 5, 42.62, '2015-02-24', 1);
INSERT INTO venta_producto (ven_id, pro_id, vep_cantidad, vep_precio, vep_creacion, vep_estado) VALUES (6, 6, 6, 73.02, '2021-04-11', 0);
INSERT INTO venta_producto (ven_id, pro_id, vep_cantidad, vep_precio, vep_creacion, vep_estado) VALUES (7, 7, 7, 11.37, '1982-07-03', 1);
INSERT INTO venta_producto (ven_id, pro_id, vep_cantidad, vep_precio, vep_creacion, vep_estado) VALUES (8, 8, 8, 92.29, '2015-10-05', 1);
INSERT INTO venta_producto (ven_id, pro_id, vep_cantidad, vep_precio, vep_creacion, vep_estado) VALUES (9, 9, 9, 67.87, '1978-09-06', 1);
INSERT INTO venta_producto (ven_id, pro_id, vep_cantidad, vep_precio, vep_creacion, vep_estado) VALUES (10, 10, 10, 53.7, '1977-06-23', 0);
INSERT INTO venta_producto (ven_id, pro_id, vep_cantidad, vep_precio, vep_creacion, vep_estado) VALUES (11, 11, 11, 4.37, '1970-06-21', 1);
INSERT INTO venta_producto (ven_id, pro_id, vep_cantidad, vep_precio, vep_creacion, vep_estado) VALUES (12, 12, 12, 95.22, '2019-12-19', 0);
INSERT INTO venta_producto (ven_id, pro_id, vep_cantidad, vep_precio, vep_creacion, vep_estado) VALUES (13, 13, 13, 89.54, '2011-06-10', 1);
INSERT INTO venta_producto (ven_id, pro_id, vep_cantidad, vep_precio, vep_creacion, vep_estado) VALUES (14, 14, 14, 79.65, '2014-04-25', 1);
INSERT INTO venta_producto (ven_id, pro_id, vep_cantidad, vep_precio, vep_creacion, vep_estado) VALUES (15, 15, 15, 27.23, '1995-09-09', 0);
INSERT INTO venta_producto (ven_id, pro_id, vep_cantidad, vep_precio, vep_creacion, vep_estado) VALUES (16, 16, 16, 9.31, '2017-05-31', 1);
INSERT INTO venta_producto (ven_id, pro_id, vep_cantidad, vep_precio, vep_creacion, vep_estado) VALUES (17, 17, 17, 90.29, '2017-09-07', 1);
INSERT INTO venta_producto (ven_id, pro_id, vep_cantidad, vep_precio, vep_creacion, vep_estado) VALUES (18, 18, 18, 30.96, '1989-12-23', 0);
INSERT INTO venta_producto (ven_id, pro_id, vep_cantidad, vep_precio, vep_creacion, vep_estado) VALUES (19, 19, 19, 96.2, '1979-06-28', 1);
INSERT INTO venta_producto (ven_id, pro_id, vep_cantidad, vep_precio, vep_creacion, vep_estado) VALUES (20, 20, 20, 57.75, '2009-01-29', 0);
INSERT INTO venta_producto (ven_id, pro_id, vep_cantidad, vep_precio, vep_creacion, vep_estado) VALUES (21, 21, 21, 15.22, '2002-03-12', 0);
INSERT INTO venta_producto (ven_id, pro_id, vep_cantidad, vep_precio, vep_creacion, vep_estado) VALUES (22, 22, 22, 44.28, '2008-06-23', 1);
INSERT INTO venta_producto (ven_id, pro_id, vep_cantidad, vep_precio, vep_creacion, vep_estado) VALUES (23, 23, 23, 42.6, '2004-08-12', 1);
INSERT INTO venta_producto (ven_id, pro_id, vep_cantidad, vep_precio, vep_creacion, vep_estado) VALUES (24, 24, 24, 14.34, '2009-10-08', 0);
INSERT INTO venta_producto (ven_id, pro_id, vep_cantidad, vep_precio, vep_creacion, vep_estado) VALUES (25, 25, 25, 83.96, '2012-08-13', 0);
INSERT INTO venta_producto (ven_id, pro_id, vep_cantidad, vep_precio, vep_creacion, vep_estado) VALUES (26, 26, 26, 5.44, '2015-07-05', 1);
INSERT INTO venta_producto (ven_id, pro_id, vep_cantidad, vep_precio, vep_creacion, vep_estado) VALUES (27, 27, 27, 58.67, '1985-06-28', 0);
INSERT INTO venta_producto (ven_id, pro_id, vep_cantidad, vep_precio, vep_creacion, vep_estado) VALUES (28, 28, 28, 44.4, '2018-01-15', 1);
INSERT INTO venta_producto (ven_id, pro_id, vep_cantidad, vep_precio, vep_creacion, vep_estado) VALUES (29, 29, 29, 19.43, '1995-10-11', 1);
INSERT INTO venta_producto (ven_id, pro_id, vep_cantidad, vep_precio, vep_creacion, vep_estado) VALUES (30, 30, 30, 34.89, '2001-11-19', 0);
INSERT INTO venta_producto (ven_id, pro_id, vep_cantidad, vep_precio, vep_creacion, vep_estado) VALUES (31, 31, 31, 62.97, '1988-03-23', 1);
INSERT INTO venta_producto (ven_id, pro_id, vep_cantidad, vep_precio, vep_creacion, vep_estado) VALUES (32, 32, 32, 85.98, '2013-08-22', 0);
INSERT INTO venta_producto (ven_id, pro_id, vep_cantidad, vep_precio, vep_creacion, vep_estado) VALUES (33, 33, 33, 77.8, '2023-09-22', 0);
INSERT INTO venta_producto (ven_id, pro_id, vep_cantidad, vep_precio, vep_creacion, vep_estado) VALUES (34, 34, 34, 24.48, '1984-03-20', 1);
INSERT INTO venta_producto (ven_id, pro_id, vep_cantidad, vep_precio, vep_creacion, vep_estado) VALUES (35, 35, 35, 5.98, '1994-11-17', 0);
INSERT INTO venta_producto (ven_id, pro_id, vep_cantidad, vep_precio, vep_creacion, vep_estado) VALUES (36, 36, 36, 40.4, '2008-08-18', 1);
INSERT INTO venta_producto (ven_id, pro_id, vep_cantidad, vep_precio, vep_creacion, vep_estado) VALUES (37, 37, 37, 99.09, '1975-12-19', 1);
INSERT INTO venta_producto (ven_id, pro_id, vep_cantidad, vep_precio, vep_creacion, vep_estado) VALUES (38, 38, 38, 80.23, '2019-10-16', 1);
INSERT INTO venta_producto (ven_id, pro_id, vep_cantidad, vep_precio, vep_creacion, vep_estado) VALUES (39, 39, 39, 13.36, '2003-08-03', 0);
INSERT INTO venta_producto (ven_id, pro_id, vep_cantidad, vep_precio, vep_creacion, vep_estado) VALUES (40, 40, 40, 47.58, '1998-11-17', 1);
INSERT INTO venta_producto (ven_id, pro_id, vep_cantidad, vep_precio, vep_creacion, vep_estado) VALUES (41, 41, 41, 77.97, '1987-07-27', 1);
INSERT INTO venta_producto (ven_id, pro_id, vep_cantidad, vep_precio, vep_creacion, vep_estado) VALUES (42, 42, 42, 81.23, '1997-01-22', 0);
INSERT INTO venta_producto (ven_id, pro_id, vep_cantidad, vep_precio, vep_creacion, vep_estado) VALUES (43, 43, 43, 78.42, '2015-05-27', 1);
INSERT INTO venta_producto (ven_id, pro_id, vep_cantidad, vep_precio, vep_creacion, vep_estado) VALUES (44, 44, 44, 8.57, '2019-02-14', 0);
INSERT INTO venta_producto (ven_id, pro_id, vep_cantidad, vep_precio, vep_creacion, vep_estado) VALUES (45, 45, 45, 84.28, '1989-08-06', 0);
INSERT INTO venta_producto (ven_id, pro_id, vep_cantidad, vep_precio, vep_creacion, vep_estado) VALUES (46, 46, 46, 46.77, '2017-07-23', 0);
INSERT INTO venta_producto (ven_id, pro_id, vep_cantidad, vep_precio, vep_creacion, vep_estado) VALUES (47, 47, 47, 65.46, '2012-08-29', 1);
INSERT INTO venta_producto (ven_id, pro_id, vep_cantidad, vep_precio, vep_creacion, vep_estado) VALUES (48, 48, 48, 84.45, '1973-05-15', 1);
INSERT INTO venta_producto (ven_id, pro_id, vep_cantidad, vep_precio, vep_creacion, vep_estado) VALUES (49, 49, 49, 18.79, '1991-12-24', 0);
INSERT INTO venta_producto (ven_id, pro_id, vep_cantidad, vep_precio, vep_creacion, vep_estado) VALUES (50, 50, 50, 80.97, '1980-10-10', 1);
INSERT INTO venta_producto (ven_id, pro_id, vep_cantidad, vep_precio, vep_creacion, vep_estado) VALUES (51, 51, 51, 71.29, '1984-06-12', 1);
INSERT INTO venta_producto (ven_id, pro_id, vep_cantidad, vep_precio, vep_creacion, vep_estado) VALUES (52, 52, 52, 7.66, '2009-05-11', 1);
INSERT INTO venta_producto (ven_id, pro_id, vep_cantidad, vep_precio, vep_creacion, vep_estado) VALUES (53, 53, 53, 82.44, '2010-11-17', 0);
INSERT INTO venta_producto (ven_id, pro_id, vep_cantidad, vep_precio, vep_creacion, vep_estado) VALUES (54, 54, 54, 70.17, '2019-03-02', 1);
INSERT INTO venta_producto (ven_id, pro_id, vep_cantidad, vep_precio, vep_creacion, vep_estado) VALUES (55, 55, 55, 20.94, '1979-01-08', 1);
INSERT INTO venta_producto (ven_id, pro_id, vep_cantidad, vep_precio, vep_creacion, vep_estado) VALUES (56, 56, 56, 7.05, '2018-10-21', 1);
INSERT INTO venta_producto (ven_id, pro_id, vep_cantidad, vep_precio, vep_creacion, vep_estado) VALUES (57, 57, 57, 44.36, '1970-12-29', 0);
INSERT INTO venta_producto (ven_id, pro_id, vep_cantidad, vep_precio, vep_creacion, vep_estado) VALUES (58, 58, 58, 58.58, '2013-10-29', 0);
INSERT INTO venta_producto (ven_id, pro_id, vep_cantidad, vep_precio, vep_creacion, vep_estado) VALUES (59, 59, 59, 43.5, '2010-03-28', 0);
INSERT INTO venta_producto (ven_id, pro_id, vep_cantidad, vep_precio, vep_creacion, vep_estado) VALUES (60, 60, 60, 33.96, '1978-05-27', 1);
INSERT INTO venta_producto (ven_id, pro_id, vep_cantidad, vep_precio, vep_creacion, vep_estado) VALUES (61, 61, 61, 81.23, '2003-03-26', 1);
INSERT INTO venta_producto (ven_id, pro_id, vep_cantidad, vep_precio, vep_creacion, vep_estado) VALUES (62, 62, 62, 98.33, '2010-06-01', 0);
INSERT INTO venta_producto (ven_id, pro_id, vep_cantidad, vep_precio, vep_creacion, vep_estado) VALUES (63, 63, 63, 14.98, '2016-04-03', 1);
INSERT INTO venta_producto (ven_id, pro_id, vep_cantidad, vep_precio, vep_creacion, vep_estado) VALUES (64, 64, 64, 71.03, '1985-01-07', 1);
INSERT INTO venta_producto (ven_id, pro_id, vep_cantidad, vep_precio, vep_creacion, vep_estado) VALUES (65, 65, 65, 15.93, '2015-03-02', 1);
INSERT INTO venta_producto (ven_id, pro_id, vep_cantidad, vep_precio, vep_creacion, vep_estado) VALUES (66, 66, 66, 12.59, '2022-01-05', 0);
INSERT INTO venta_producto (ven_id, pro_id, vep_cantidad, vep_precio, vep_creacion, vep_estado) VALUES (67, 67, 67, 14.49, '2011-12-20', 1);
INSERT INTO venta_producto (ven_id, pro_id, vep_cantidad, vep_precio, vep_creacion, vep_estado) VALUES (68, 68, 68, 70.71, '1990-08-12', 0);
INSERT INTO venta_producto (ven_id, pro_id, vep_cantidad, vep_precio, vep_creacion, vep_estado) VALUES (69, 69, 69, 51.38, '1996-10-03', 0);
INSERT INTO venta_producto (ven_id, pro_id, vep_cantidad, vep_precio, vep_creacion, vep_estado) VALUES (70, 70, 70, 41.91, '2002-08-20', 1);
INSERT INTO venta_producto (ven_id, pro_id, vep_cantidad, vep_precio, vep_creacion, vep_estado) VALUES (71, 71, 71, 70.41, '1976-10-26', 1);
INSERT INTO venta_producto (ven_id, pro_id, vep_cantidad, vep_precio, vep_creacion, vep_estado) VALUES (72, 72, 72, 87.89, '1991-02-20', 0);
INSERT INTO venta_producto (ven_id, pro_id, vep_cantidad, vep_precio, vep_creacion, vep_estado) VALUES (73, 73, 73, 80.83, '1999-05-20', 1);
INSERT INTO venta_producto (ven_id, pro_id, vep_cantidad, vep_precio, vep_creacion, vep_estado) VALUES (74, 74, 74, 28.16, '2001-05-21', 1);
INSERT INTO venta_producto (ven_id, pro_id, vep_cantidad, vep_precio, vep_creacion, vep_estado) VALUES (75, 75, 75, 81.98, '1989-05-02', 1);
INSERT INTO venta_producto (ven_id, pro_id, vep_cantidad, vep_precio, vep_creacion, vep_estado) VALUES (76, 76, 76, 31.28, '1994-12-22', 1);
INSERT INTO venta_producto (ven_id, pro_id, vep_cantidad, vep_precio, vep_creacion, vep_estado) VALUES (77, 77, 77, 67.07, '1997-10-29', 0);
INSERT INTO venta_producto (ven_id, pro_id, vep_cantidad, vep_precio, vep_creacion, vep_estado) VALUES (78, 78, 78, 46.44, '2004-06-29', 1);
INSERT INTO venta_producto (ven_id, pro_id, vep_cantidad, vep_precio, vep_creacion, vep_estado) VALUES (79, 79, 79, 31.69, '2022-12-07', 0);
INSERT INTO venta_producto (ven_id, pro_id, vep_cantidad, vep_precio, vep_creacion, vep_estado) VALUES (80, 80, 80, 42.2, '1991-02-05', 1);
INSERT INTO venta_producto (ven_id, pro_id, vep_cantidad, vep_precio, vep_creacion, vep_estado) VALUES (81, 81, 81, 90.36, '2019-05-04', 1);
INSERT INTO venta_producto (ven_id, pro_id, vep_cantidad, vep_precio, vep_creacion, vep_estado) VALUES (82, 82, 82, 81.05, '2017-05-06', 1);
INSERT INTO venta_producto (ven_id, pro_id, vep_cantidad, vep_precio, vep_creacion, vep_estado) VALUES (83, 83, 83, 46.8, '2003-01-08', 0);
INSERT INTO venta_producto (ven_id, pro_id, vep_cantidad, vep_precio, vep_creacion, vep_estado) VALUES (84, 84, 84, 9.12, '2019-03-10', 0);
INSERT INTO venta_producto (ven_id, pro_id, vep_cantidad, vep_precio, vep_creacion, vep_estado) VALUES (85, 85, 85, 51.7, '1989-08-25', 0);
INSERT INTO venta_producto (ven_id, pro_id, vep_cantidad, vep_precio, vep_creacion, vep_estado) VALUES (86, 86, 86, 51.05, '2014-09-18', 0);
INSERT INTO venta_producto (ven_id, pro_id, vep_cantidad, vep_precio, vep_creacion, vep_estado) VALUES (87, 87, 87, 50.22, '2013-10-06', 1);
INSERT INTO venta_producto (ven_id, pro_id, vep_cantidad, vep_precio, vep_creacion, vep_estado) VALUES (88, 88, 88, 75.61, '1977-06-01', 1);
INSERT INTO venta_producto (ven_id, pro_id, vep_cantidad, vep_precio, vep_creacion, vep_estado) VALUES (89, 89, 89, 16.72, '1978-01-20', 0);
INSERT INTO venta_producto (ven_id, pro_id, vep_cantidad, vep_precio, vep_creacion, vep_estado) VALUES (90, 90, 90, 94.22, '2010-03-10', 0);
INSERT INTO venta_producto (ven_id, pro_id, vep_cantidad, vep_precio, vep_creacion, vep_estado) VALUES (91, 91, 91, 17.9, '2017-09-03', 0);
INSERT INTO venta_producto (ven_id, pro_id, vep_cantidad, vep_precio, vep_creacion, vep_estado) VALUES (92, 92, 92, 47.22, '2009-09-18', 1);
INSERT INTO venta_producto (ven_id, pro_id, vep_cantidad, vep_precio, vep_creacion, vep_estado) VALUES (93, 93, 93, 23.22, '2004-12-22', 1);
INSERT INTO venta_producto (ven_id, pro_id, vep_cantidad, vep_precio, vep_creacion, vep_estado) VALUES (94, 94, 94, 67.98, '1978-09-11', 0);
INSERT INTO venta_producto (ven_id, pro_id, vep_cantidad, vep_precio, vep_creacion, vep_estado) VALUES (95, 95, 95, 87.95, '1970-07-17', 1);
INSERT INTO venta_producto (ven_id, pro_id, vep_cantidad, vep_precio, vep_creacion, vep_estado) VALUES (96, 96, 96, 72.4, '1986-08-16', 1);
INSERT INTO venta_producto (ven_id, pro_id, vep_cantidad, vep_precio, vep_creacion, vep_estado) VALUES (97, 97, 97, 52.01, '2009-06-27', 0);
INSERT INTO venta_producto (ven_id, pro_id, vep_cantidad, vep_precio, vep_creacion, vep_estado) VALUES (98, 98, 98, 88.93, '2016-10-04', 1);
INSERT INTO venta_producto (ven_id, pro_id, vep_cantidad, vep_precio, vep_creacion, vep_estado) VALUES (99, 99, 99, 20.86, '2013-10-28', 1);
INSERT INTO venta_producto (ven_id, pro_id, vep_cantidad, vep_precio, vep_creacion, vep_estado) VALUES (100, 100, 100, 47.46, '2021-11-19', 1);
INSERT INTO venta_servicio (ser_id, ven_id, ves_cantidad, ves_precio, ves_cracion, ves_estado) VALUES (1, 1, 1, 32.83, '1983-08-04', 0);
INSERT INTO venta_servicio (ser_id, ven_id, ves_cantidad, ves_precio, ves_cracion, ves_estado) VALUES (2, 2, 2, 48.02, '1976-05-09', 0);
INSERT INTO venta_servicio (ser_id, ven_id, ves_cantidad, ves_precio, ves_cracion, ves_estado) VALUES (3, 3, 3, 70.14, '1985-08-25', 1);
INSERT INTO venta_servicio (ser_id, ven_id, ves_cantidad, ves_precio, ves_cracion, ves_estado) VALUES (4, 4, 4, 46.22, '1977-02-04', 0);
INSERT INTO venta_servicio (ser_id, ven_id, ves_cantidad, ves_precio, ves_cracion, ves_estado) VALUES (5, 5, 5, 46.13, '2000-05-09', 0);
INSERT INTO venta_servicio (ser_id, ven_id, ves_cantidad, ves_precio, ves_cracion, ves_estado) VALUES (6, 6, 6, 32.09, '2001-07-05', 1);
INSERT INTO venta_servicio (ser_id, ven_id, ves_cantidad, ves_precio, ves_cracion, ves_estado) VALUES (7, 7, 7, 36.55, '1978-02-18', 1);
INSERT INTO venta_servicio (ser_id, ven_id, ves_cantidad, ves_precio, ves_cracion, ves_estado) VALUES (8, 8, 8, 86.32, '1971-03-30', 1);
INSERT INTO venta_servicio (ser_id, ven_id, ves_cantidad, ves_precio, ves_cracion, ves_estado) VALUES (9, 9, 9, 1.07, '2004-05-23', 1);
INSERT INTO venta_servicio (ser_id, ven_id, ves_cantidad, ves_precio, ves_cracion, ves_estado) VALUES (10, 10, 10, 2.15, '1995-11-24', 0);
INSERT INTO venta_servicio (ser_id, ven_id, ves_cantidad, ves_precio, ves_cracion, ves_estado) VALUES (11, 11, 11, 20.25, '2014-08-16', 1);
INSERT INTO venta_servicio (ser_id, ven_id, ves_cantidad, ves_precio, ves_cracion, ves_estado) VALUES (12, 12, 12, 77.74, '1976-08-08', 0);
INSERT INTO venta_servicio (ser_id, ven_id, ves_cantidad, ves_precio, ves_cracion, ves_estado) VALUES (13, 13, 13, 29.68, '1991-07-07', 1);
INSERT INTO venta_servicio (ser_id, ven_id, ves_cantidad, ves_precio, ves_cracion, ves_estado) VALUES (14, 14, 14, 82.91, '1984-06-14', 1);
INSERT INTO venta_servicio (ser_id, ven_id, ves_cantidad, ves_precio, ves_cracion, ves_estado) VALUES (15, 15, 15, 55.67, '2003-05-18', 1);
INSERT INTO venta_servicio (ser_id, ven_id, ves_cantidad, ves_precio, ves_cracion, ves_estado) VALUES (16, 16, 16, 14.87, '2024-01-15', 1);
INSERT INTO venta_servicio (ser_id, ven_id, ves_cantidad, ves_precio, ves_cracion, ves_estado) VALUES (17, 17, 17, 9.7, '2014-12-16', 0);
INSERT INTO venta_servicio (ser_id, ven_id, ves_cantidad, ves_precio, ves_cracion, ves_estado) VALUES (18, 18, 18, 86.2, '2011-09-02', 1);
INSERT INTO venta_servicio (ser_id, ven_id, ves_cantidad, ves_precio, ves_cracion, ves_estado) VALUES (19, 19, 19, 60.7, '2015-04-03', 0);
INSERT INTO venta_servicio (ser_id, ven_id, ves_cantidad, ves_precio, ves_cracion, ves_estado) VALUES (20, 20, 20, 66.47, '1971-03-14', 1);
INSERT INTO venta_servicio (ser_id, ven_id, ves_cantidad, ves_precio, ves_cracion, ves_estado) VALUES (21, 21, 21, 55.99, '1993-10-14', 1);
INSERT INTO venta_servicio (ser_id, ven_id, ves_cantidad, ves_precio, ves_cracion, ves_estado) VALUES (22, 22, 22, 47.82, '1970-11-03', 1);
INSERT INTO venta_servicio (ser_id, ven_id, ves_cantidad, ves_precio, ves_cracion, ves_estado) VALUES (23, 23, 23, 76.99, '1981-07-21', 1);
INSERT INTO venta_servicio (ser_id, ven_id, ves_cantidad, ves_precio, ves_cracion, ves_estado) VALUES (24, 24, 24, 47.04, '2012-05-08', 0);
INSERT INTO venta_servicio (ser_id, ven_id, ves_cantidad, ves_precio, ves_cracion, ves_estado) VALUES (25, 25, 25, 85.41, '2020-05-10', 1);
INSERT INTO venta_servicio (ser_id, ven_id, ves_cantidad, ves_precio, ves_cracion, ves_estado) VALUES (26, 26, 26, 24.79, '1989-03-15', 0);
INSERT INTO venta_servicio (ser_id, ven_id, ves_cantidad, ves_precio, ves_cracion, ves_estado) VALUES (27, 27, 27, 35.02, '1984-12-29', 1);
INSERT INTO venta_servicio (ser_id, ven_id, ves_cantidad, ves_precio, ves_cracion, ves_estado) VALUES (28, 28, 28, 86.85, '2019-01-20', 1);
INSERT INTO venta_servicio (ser_id, ven_id, ves_cantidad, ves_precio, ves_cracion, ves_estado) VALUES (29, 29, 29, 56.48, '1971-10-21', 1);
INSERT INTO venta_servicio (ser_id, ven_id, ves_cantidad, ves_precio, ves_cracion, ves_estado) VALUES (30, 30, 30, 49.38, '2019-02-09', 0);
INSERT INTO venta_servicio (ser_id, ven_id, ves_cantidad, ves_precio, ves_cracion, ves_estado) VALUES (31, 31, 31, 77.93, '1991-06-02', 1);
INSERT INTO venta_servicio (ser_id, ven_id, ves_cantidad, ves_precio, ves_cracion, ves_estado) VALUES (32, 32, 32, 98.05, '1989-11-28', 0);
INSERT INTO venta_servicio (ser_id, ven_id, ves_cantidad, ves_precio, ves_cracion, ves_estado) VALUES (33, 33, 33, 45.33, '1996-11-07', 0);
INSERT INTO venta_servicio (ser_id, ven_id, ves_cantidad, ves_precio, ves_cracion, ves_estado) VALUES (34, 34, 34, 96.09, '2020-10-01', 0);
INSERT INTO venta_servicio (ser_id, ven_id, ves_cantidad, ves_precio, ves_cracion, ves_estado) VALUES (35, 35, 35, 41.15, '2017-10-01', 1);
INSERT INTO venta_servicio (ser_id, ven_id, ves_cantidad, ves_precio, ves_cracion, ves_estado) VALUES (36, 36, 36, 31.68, '2000-01-11', 1);
INSERT INTO venta_servicio (ser_id, ven_id, ves_cantidad, ves_precio, ves_cracion, ves_estado) VALUES (37, 37, 37, 29.41, '2001-05-24', 0);
INSERT INTO venta_servicio (ser_id, ven_id, ves_cantidad, ves_precio, ves_cracion, ves_estado) VALUES (38, 38, 38, 73.15, '1974-06-28', 1);
INSERT INTO venta_servicio (ser_id, ven_id, ves_cantidad, ves_precio, ves_cracion, ves_estado) VALUES (39, 39, 39, 60.94, '1986-01-16', 0);
INSERT INTO venta_servicio (ser_id, ven_id, ves_cantidad, ves_precio, ves_cracion, ves_estado) VALUES (40, 40, 40, 2.74, '1985-02-12', 0);
INSERT INTO venta_servicio (ser_id, ven_id, ves_cantidad, ves_precio, ves_cracion, ves_estado) VALUES (41, 41, 41, 16.59, '2005-12-09', 0);
INSERT INTO venta_servicio (ser_id, ven_id, ves_cantidad, ves_precio, ves_cracion, ves_estado) VALUES (42, 42, 42, 40.12, '2018-01-03', 0);
INSERT INTO venta_servicio (ser_id, ven_id, ves_cantidad, ves_precio, ves_cracion, ves_estado) VALUES (43, 43, 43, 4.41, '1982-09-02', 0);
INSERT INTO venta_servicio (ser_id, ven_id, ves_cantidad, ves_precio, ves_cracion, ves_estado) VALUES (44, 44, 44, 44.2, '2013-05-19', 1);
INSERT INTO venta_servicio (ser_id, ven_id, ves_cantidad, ves_precio, ves_cracion, ves_estado) VALUES (45, 45, 45, 65.97, '2017-09-07', 1);
INSERT INTO venta_servicio (ser_id, ven_id, ves_cantidad, ves_precio, ves_cracion, ves_estado) VALUES (46, 46, 46, 77.8, '1971-10-27', 1);
INSERT INTO venta_servicio (ser_id, ven_id, ves_cantidad, ves_precio, ves_cracion, ves_estado) VALUES (47, 47, 47, 82.21, '1997-12-02', 1);
INSERT INTO venta_servicio (ser_id, ven_id, ves_cantidad, ves_precio, ves_cracion, ves_estado) VALUES (48, 48, 48, 48.31, '1981-01-10', 1);
INSERT INTO venta_servicio (ser_id, ven_id, ves_cantidad, ves_precio, ves_cracion, ves_estado) VALUES (49, 49, 49, 82.05, '1976-01-25', 1);
INSERT INTO venta_servicio (ser_id, ven_id, ves_cantidad, ves_precio, ves_cracion, ves_estado) VALUES (50, 50, 50, 47.27, '2017-05-27', 1);
INSERT INTO venta_servicio (ser_id, ven_id, ves_cantidad, ves_precio, ves_cracion, ves_estado) VALUES (51, 51, 51, 59.95, '2004-04-24', 1);
INSERT INTO venta_servicio (ser_id, ven_id, ves_cantidad, ves_precio, ves_cracion, ves_estado) VALUES (52, 52, 52, 6.67, '2012-12-17', 1);
INSERT INTO venta_servicio (ser_id, ven_id, ves_cantidad, ves_precio, ves_cracion, ves_estado) VALUES (53, 53, 53, 61.69, '1989-09-03', 0);
INSERT INTO venta_servicio (ser_id, ven_id, ves_cantidad, ves_precio, ves_cracion, ves_estado) VALUES (54, 54, 54, 64.43, '2014-01-23', 0);
INSERT INTO venta_servicio (ser_id, ven_id, ves_cantidad, ves_precio, ves_cracion, ves_estado) VALUES (55, 55, 55, 90.47, '2014-05-26', 0);
INSERT INTO venta_servicio (ser_id, ven_id, ves_cantidad, ves_precio, ves_cracion, ves_estado) VALUES (56, 56, 56, 72.02, '2004-10-16', 0);
INSERT INTO venta_servicio (ser_id, ven_id, ves_cantidad, ves_precio, ves_cracion, ves_estado) VALUES (57, 57, 57, 1.39, '1971-10-08', 1);
INSERT INTO venta_servicio (ser_id, ven_id, ves_cantidad, ves_precio, ves_cracion, ves_estado) VALUES (58, 58, 58, 52.15, '2017-07-16', 0);
INSERT INTO venta_servicio (ser_id, ven_id, ves_cantidad, ves_precio, ves_cracion, ves_estado) VALUES (59, 59, 59, 44.32, '1995-08-30', 0);
INSERT INTO venta_servicio (ser_id, ven_id, ves_cantidad, ves_precio, ves_cracion, ves_estado) VALUES (60, 60, 60, 96.27, '1989-02-15', 1);
INSERT INTO venta_servicio (ser_id, ven_id, ves_cantidad, ves_precio, ves_cracion, ves_estado) VALUES (61, 61, 61, 9.04, '2018-10-19', 1);
INSERT INTO venta_servicio (ser_id, ven_id, ves_cantidad, ves_precio, ves_cracion, ves_estado) VALUES (62, 62, 62, 20.61, '1993-02-04', 0);
INSERT INTO venta_servicio (ser_id, ven_id, ves_cantidad, ves_precio, ves_cracion, ves_estado) VALUES (63, 63, 63, 34.83, '1976-10-22', 1);
INSERT INTO venta_servicio (ser_id, ven_id, ves_cantidad, ves_precio, ves_cracion, ves_estado) VALUES (64, 64, 64, 92.32, '2008-10-09', 0);
INSERT INTO venta_servicio (ser_id, ven_id, ves_cantidad, ves_precio, ves_cracion, ves_estado) VALUES (65, 65, 65, 25.37, '2016-01-24', 1);
INSERT INTO venta_servicio (ser_id, ven_id, ves_cantidad, ves_precio, ves_cracion, ves_estado) VALUES (66, 66, 66, 25.04, '2024-06-16', 1);
INSERT INTO venta_servicio (ser_id, ven_id, ves_cantidad, ves_precio, ves_cracion, ves_estado) VALUES (67, 67, 67, 45.34, '1991-01-09', 0);
INSERT INTO venta_servicio (ser_id, ven_id, ves_cantidad, ves_precio, ves_cracion, ves_estado) VALUES (68, 68, 68, 24.8, '1999-02-11', 1);
INSERT INTO venta_servicio (ser_id, ven_id, ves_cantidad, ves_precio, ves_cracion, ves_estado) VALUES (69, 69, 69, 21.86, '2001-06-21', 0);
INSERT INTO venta_servicio (ser_id, ven_id, ves_cantidad, ves_precio, ves_cracion, ves_estado) VALUES (70, 70, 70, 5.52, '1992-10-28', 0);
INSERT INTO venta_servicio (ser_id, ven_id, ves_cantidad, ves_precio, ves_cracion, ves_estado) VALUES (71, 71, 71, 12.88, '2015-06-01', 1);
INSERT INTO venta_servicio (ser_id, ven_id, ves_cantidad, ves_precio, ves_cracion, ves_estado) VALUES (72, 72, 72, 92.01, '1972-06-06', 0);
INSERT INTO venta_servicio (ser_id, ven_id, ves_cantidad, ves_precio, ves_cracion, ves_estado) VALUES (73, 73, 73, 30.23, '1982-10-25', 0);
INSERT INTO venta_servicio (ser_id, ven_id, ves_cantidad, ves_precio, ves_cracion, ves_estado) VALUES (74, 74, 74, 42.72, '1983-10-30', 0);
INSERT INTO venta_servicio (ser_id, ven_id, ves_cantidad, ves_precio, ves_cracion, ves_estado) VALUES (75, 75, 75, 70.15, '2015-09-03', 0);
INSERT INTO venta_servicio (ser_id, ven_id, ves_cantidad, ves_precio, ves_cracion, ves_estado) VALUES (76, 76, 76, 11.77, '2019-05-29', 1);
INSERT INTO venta_servicio (ser_id, ven_id, ves_cantidad, ves_precio, ves_cracion, ves_estado) VALUES (77, 77, 77, 20.72, '2017-08-25', 1);
INSERT INTO venta_servicio (ser_id, ven_id, ves_cantidad, ves_precio, ves_cracion, ves_estado) VALUES (78, 78, 78, 46.47, '2021-09-28', 1);
INSERT INTO venta_servicio (ser_id, ven_id, ves_cantidad, ves_precio, ves_cracion, ves_estado) VALUES (79, 79, 79, 96.74, '2009-04-15', 1);
INSERT INTO venta_servicio (ser_id, ven_id, ves_cantidad, ves_precio, ves_cracion, ves_estado) VALUES (80, 80, 80, 32.35, '1998-10-17', 1);
INSERT INTO venta_servicio (ser_id, ven_id, ves_cantidad, ves_precio, ves_cracion, ves_estado) VALUES (81, 81, 81, 94.25, '1985-08-01', 1);
INSERT INTO venta_servicio (ser_id, ven_id, ves_cantidad, ves_precio, ves_cracion, ves_estado) VALUES (82, 82, 82, 77.66, '2013-12-21', 1);
INSERT INTO venta_servicio (ser_id, ven_id, ves_cantidad, ves_precio, ves_cracion, ves_estado) VALUES (83, 83, 83, 47.02, '1983-07-15', 0);
INSERT INTO venta_servicio (ser_id, ven_id, ves_cantidad, ves_precio, ves_cracion, ves_estado) VALUES (84, 84, 84, 27.73, '2016-03-15', 1);
INSERT INTO venta_servicio (ser_id, ven_id, ves_cantidad, ves_precio, ves_cracion, ves_estado) VALUES (85, 85, 85, 90.22, '1999-04-10', 1);
INSERT INTO venta_servicio (ser_id, ven_id, ves_cantidad, ves_precio, ves_cracion, ves_estado) VALUES (86, 86, 86, 51.57, '2008-08-20', 1);
INSERT INTO venta_servicio (ser_id, ven_id, ves_cantidad, ves_precio, ves_cracion, ves_estado) VALUES (87, 87, 87, 54.64, '1971-01-01', 1);
INSERT INTO venta_servicio (ser_id, ven_id, ves_cantidad, ves_precio, ves_cracion, ves_estado) VALUES (88, 88, 88, 53.72, '2011-09-28', 1);
INSERT INTO venta_servicio (ser_id, ven_id, ves_cantidad, ves_precio, ves_cracion, ves_estado) VALUES (89, 89, 89, 14.5, '1970-09-13', 0);
INSERT INTO venta_servicio (ser_id, ven_id, ves_cantidad, ves_precio, ves_cracion, ves_estado) VALUES (90, 90, 90, 87.48, '1981-05-16', 1);
INSERT INTO venta_servicio (ser_id, ven_id, ves_cantidad, ves_precio, ves_cracion, ves_estado) VALUES (91, 91, 91, 83.84, '2013-09-23', 0);
INSERT INTO venta_servicio (ser_id, ven_id, ves_cantidad, ves_precio, ves_cracion, ves_estado) VALUES (92, 92, 92, 50.38, '1983-08-31', 0);
INSERT INTO venta_servicio (ser_id, ven_id, ves_cantidad, ves_precio, ves_cracion, ves_estado) VALUES (93, 93, 93, 5.91, '1981-10-26', 1);
INSERT INTO venta_servicio (ser_id, ven_id, ves_cantidad, ves_precio, ves_cracion, ves_estado) VALUES (94, 94, 94, 66.79, '2017-06-13', 1);
INSERT INTO venta_servicio (ser_id, ven_id, ves_cantidad, ves_precio, ves_cracion, ves_estado) VALUES (95, 95, 95, 29.98, '2007-08-19', 1);
INSERT INTO venta_servicio (ser_id, ven_id, ves_cantidad, ves_precio, ves_cracion, ves_estado) VALUES (96, 96, 96, 87.23, '2000-06-15', 0);
INSERT INTO venta_servicio (ser_id, ven_id, ves_cantidad, ves_precio, ves_cracion, ves_estado) VALUES (97, 97, 97, 25.91, '2005-03-24', 1);
INSERT INTO venta_servicio (ser_id, ven_id, ves_cantidad, ves_precio, ves_cracion, ves_estado) VALUES (98, 98, 98, 28.19, '2009-05-16', 1);
INSERT INTO venta_servicio (ser_id, ven_id, ves_cantidad, ves_precio, ves_cracion, ves_estado) VALUES (99, 99, 99, 31.83, '2018-09-02', 0);
INSERT INTO venta_servicio (ser_id, ven_id, ves_cantidad, ves_precio, ves_cracion, ves_estado) VALUES (100, 100, 100, 75.68, '2021-11-20', 0);
INSERT INTO cliente (cli_id, cli_nombre, cli_direccion, cli_telefono) VALUES (1, 'Republican', 'hotel', 'computer');
INSERT INTO cliente (cli_id, cli_nombre, cli_direccion, cli_telefono) VALUES (2, 'face', 'coach', 'ten');
INSERT INTO cliente (cli_id, cli_nombre, cli_direccion, cli_telefono) VALUES (3, 'open', 'unit', 'loss');
INSERT INTO cliente (cli_id, cli_nombre, cli_direccion, cli_telefono) VALUES (4, 'throw', 'form', 'source');
INSERT INTO cliente (cli_id, cli_nombre, cli_direccion, cli_telefono) VALUES (5, 'around', 'save', 'value');
INSERT INTO cliente (cli_id, cli_nombre, cli_direccion, cli_telefono) VALUES (6, 'source', 'training', 'she');
INSERT INTO cliente (cli_id, cli_nombre, cli_direccion, cli_telefono) VALUES (7, 'interesting', 'across', 'west');
INSERT INTO cliente (cli_id, cli_nombre, cli_direccion, cli_telefono) VALUES (8, 'between', 'large', 'physical');
INSERT INTO cliente (cli_id, cli_nombre, cli_direccion, cli_telefono) VALUES (9, 'manager', 'message', 'still');
INSERT INTO cliente (cli_id, cli_nombre, cli_direccion, cli_telefono) VALUES (10, 'agree', 'thousand', 'baby');
INSERT INTO cliente (cli_id, cli_nombre, cli_direccion, cli_telefono) VALUES (11, 'cause', 'too', 'around');
INSERT INTO cliente (cli_id, cli_nombre, cli_direccion, cli_telefono) VALUES (12, 'sometimes', 'former', 'discussion');
INSERT INTO cliente (cli_id, cli_nombre, cli_direccion, cli_telefono) VALUES (13, 'trade', 'we', 'off');
INSERT INTO cliente (cli_id, cli_nombre, cli_direccion, cli_telefono) VALUES (14, 'true', 'arrive', 'image');
INSERT INTO cliente (cli_id, cli_nombre, cli_direccion, cli_telefono) VALUES (15, 'church', 'social', 'threat');
INSERT INTO cliente (cli_id, cli_nombre, cli_direccion, cli_telefono) VALUES (16, 'hard', 'born', 'yard');
INSERT INTO cliente (cli_id, cli_nombre, cli_direccion, cli_telefono) VALUES (17, 'customer', 'artist', 'nearly');
INSERT INTO cliente (cli_id, cli_nombre, cli_direccion, cli_telefono) VALUES (18, 'several', 'pay', 'however');
INSERT INTO cliente (cli_id, cli_nombre, cli_direccion, cli_telefono) VALUES (19, 'kitchen', 'understand', 'around');
INSERT INTO cliente (cli_id, cli_nombre, cli_direccion, cli_telefono) VALUES (20, 'wrong', 'house', 'my');
INSERT INTO cliente (cli_id, cli_nombre, cli_direccion, cli_telefono) VALUES (21, 'less', 'world', 'source');
INSERT INTO cliente (cli_id, cli_nombre, cli_direccion, cli_telefono) VALUES (22, 'threat', 'hair', 'stand');
INSERT INTO cliente (cli_id, cli_nombre, cli_direccion, cli_telefono) VALUES (23, 'near', 'assume', 'agent');
INSERT INTO cliente (cli_id, cli_nombre, cli_direccion, cli_telefono) VALUES (24, 'expect', 'parent', 'no');
INSERT INTO cliente (cli_id, cli_nombre, cli_direccion, cli_telefono) VALUES (25, 'risk', 'begin', 'ground');
INSERT INTO cliente (cli_id, cli_nombre, cli_direccion, cli_telefono) VALUES (26, 'everybody', 'organization', 'upon');
INSERT INTO cliente (cli_id, cli_nombre, cli_direccion, cli_telefono) VALUES (27, 'girl', 'there', 'hand');
INSERT INTO cliente (cli_id, cli_nombre, cli_direccion, cli_telefono) VALUES (28, 'process', 'animal', 'seat');
INSERT INTO cliente (cli_id, cli_nombre, cli_direccion, cli_telefono) VALUES (29, 'wrong', 'at', 'garden');
INSERT INTO cliente (cli_id, cli_nombre, cli_direccion, cli_telefono) VALUES (30, 'their', 'allow', 'skin');
INSERT INTO cliente (cli_id, cli_nombre, cli_direccion, cli_telefono) VALUES (31, 'ready', 'wife', 'black');
INSERT INTO cliente (cli_id, cli_nombre, cli_direccion, cli_telefono) VALUES (32, 'citizen', 'man', 'number');
INSERT INTO cliente (cli_id, cli_nombre, cli_direccion, cli_telefono) VALUES (33, 'something', 'instead', 'a');
INSERT INTO cliente (cli_id, cli_nombre, cli_direccion, cli_telefono) VALUES (34, 'shoulder', 'especially', 'agreement');
INSERT INTO cliente (cli_id, cli_nombre, cli_direccion, cli_telefono) VALUES (35, 'scene', 'fire', 'center');
INSERT INTO cliente (cli_id, cli_nombre, cli_direccion, cli_telefono) VALUES (36, 'test', 'nothing', 'all');
INSERT INTO cliente (cli_id, cli_nombre, cli_direccion, cli_telefono) VALUES (37, 'side', 'treatment', 'popular');
INSERT INTO cliente (cli_id, cli_nombre, cli_direccion, cli_telefono) VALUES (38, 'home', 'arm', 'suffer');
INSERT INTO cliente (cli_id, cli_nombre, cli_direccion, cli_telefono) VALUES (39, 'month', 'three', 'staff');
INSERT INTO cliente (cli_id, cli_nombre, cli_direccion, cli_telefono) VALUES (40, 'know', 'peace', 'yard');
INSERT INTO cliente (cli_id, cli_nombre, cli_direccion, cli_telefono) VALUES (41, 'themselves', 'citizen', 'such');
INSERT INTO cliente (cli_id, cli_nombre, cli_direccion, cli_telefono) VALUES (42, 'alone', 'around', 'she');
INSERT INTO cliente (cli_id, cli_nombre, cli_direccion, cli_telefono) VALUES (43, 'military', 'quite', 'quickly');
INSERT INTO cliente (cli_id, cli_nombre, cli_direccion, cli_telefono) VALUES (44, 'build', 'wide', 'yard');
INSERT INTO cliente (cli_id, cli_nombre, cli_direccion, cli_telefono) VALUES (45, 'prevent', 'course', 'high');
INSERT INTO cliente (cli_id, cli_nombre, cli_direccion, cli_telefono) VALUES (46, 'only', 'they', 'practice');
INSERT INTO cliente (cli_id, cli_nombre, cli_direccion, cli_telefono) VALUES (47, 'send', 'its', 'pattern');
INSERT INTO cliente (cli_id, cli_nombre, cli_direccion, cli_telefono) VALUES (48, 'tend', 'make', 'site');
INSERT INTO cliente (cli_id, cli_nombre, cli_direccion, cli_telefono) VALUES (49, 'sure', 'once', 'oil');
INSERT INTO cliente (cli_id, cli_nombre, cli_direccion, cli_telefono) VALUES (50, 'its', 'interest', 'explain');
INSERT INTO cliente (cli_id, cli_nombre, cli_direccion, cli_telefono) VALUES (51, 'vote', 'task', 'study');
INSERT INTO cliente (cli_id, cli_nombre, cli_direccion, cli_telefono) VALUES (52, 'blood', 'tax', 'lead');
INSERT INTO cliente (cli_id, cli_nombre, cli_direccion, cli_telefono) VALUES (53, 'political', 'news', 'big');
INSERT INTO cliente (cli_id, cli_nombre, cli_direccion, cli_telefono) VALUES (54, 'finally', 'gas', 'study');
INSERT INTO cliente (cli_id, cli_nombre, cli_direccion, cli_telefono) VALUES (55, 'need', 'mouth', 'religious');
INSERT INTO cliente (cli_id, cli_nombre, cli_direccion, cli_telefono) VALUES (56, 'anyone', 'month', 'actually');
INSERT INTO cliente (cli_id, cli_nombre, cli_direccion, cli_telefono) VALUES (57, 'firm', 'series', 'almost');
INSERT INTO cliente (cli_id, cli_nombre, cli_direccion, cli_telefono) VALUES (58, 'energy', 'look', 'past');
INSERT INTO cliente (cli_id, cli_nombre, cli_direccion, cli_telefono) VALUES (59, 'federal', 'card', 'value');
INSERT INTO cliente (cli_id, cli_nombre, cli_direccion, cli_telefono) VALUES (60, 'white', 'add', 'age');
INSERT INTO cliente (cli_id, cli_nombre, cli_direccion, cli_telefono) VALUES (61, 'quality', 'ten', 'various');
INSERT INTO cliente (cli_id, cli_nombre, cli_direccion, cli_telefono) VALUES (62, 'ahead', 'degree', 'foreign');
INSERT INTO cliente (cli_id, cli_nombre, cli_direccion, cli_telefono) VALUES (63, 'avoid', 'owner', 'pretty');
INSERT INTO cliente (cli_id, cli_nombre, cli_direccion, cli_telefono) VALUES (64, 'project', 'agency', 'something');
INSERT INTO cliente (cli_id, cli_nombre, cli_direccion, cli_telefono) VALUES (65, 'long', 'upon', 'responsibility');
INSERT INTO cliente (cli_id, cli_nombre, cli_direccion, cli_telefono) VALUES (66, 'still', 'boy', 'something');
INSERT INTO cliente (cli_id, cli_nombre, cli_direccion, cli_telefono) VALUES (67, 'already', 'compare', 'development');
INSERT INTO cliente (cli_id, cli_nombre, cli_direccion, cli_telefono) VALUES (68, 'might', 'believe', 'century');
INSERT INTO cliente (cli_id, cli_nombre, cli_direccion, cli_telefono) VALUES (69, 'risk', 'record', 'either');
INSERT INTO cliente (cli_id, cli_nombre, cli_direccion, cli_telefono) VALUES (70, 'voice', 'understand', 'treatment');
INSERT INTO cliente (cli_id, cli_nombre, cli_direccion, cli_telefono) VALUES (71, 'them', 'return', 'should');
INSERT INTO cliente (cli_id, cli_nombre, cli_direccion, cli_telefono) VALUES (72, 'all', 'sea', 'development');
INSERT INTO cliente (cli_id, cli_nombre, cli_direccion, cli_telefono) VALUES (73, 'size', 'win', 'pattern');
INSERT INTO cliente (cli_id, cli_nombre, cli_direccion, cli_telefono) VALUES (74, 'ahead', 'cell', 'difficult');
INSERT INTO cliente (cli_id, cli_nombre, cli_direccion, cli_telefono) VALUES (75, 'especially', 'option', 'indicate');
INSERT INTO cliente (cli_id, cli_nombre, cli_direccion, cli_telefono) VALUES (76, 'least', 'require', 'our');
INSERT INTO cliente (cli_id, cli_nombre, cli_direccion, cli_telefono) VALUES (77, 'pattern', 'laugh', 'build');
INSERT INTO cliente (cli_id, cli_nombre, cli_direccion, cli_telefono) VALUES (78, 'answer', 'sure', 'season');
INSERT INTO cliente (cli_id, cli_nombre, cli_direccion, cli_telefono) VALUES (79, 'individual', 'land', 'their');
INSERT INTO cliente (cli_id, cli_nombre, cli_direccion, cli_telefono) VALUES (80, 'race', 'model', 'ask');
INSERT INTO cliente (cli_id, cli_nombre, cli_direccion, cli_telefono) VALUES (81, 'raise', 'find', 'eight');
INSERT INTO cliente (cli_id, cli_nombre, cli_direccion, cli_telefono) VALUES (82, 'choice', 'national', 'name');
INSERT INTO cliente (cli_id, cli_nombre, cli_direccion, cli_telefono) VALUES (83, 'hotel', 'behind', 'against');
INSERT INTO cliente (cli_id, cli_nombre, cli_direccion, cli_telefono) VALUES (84, 'student', 'where', 'customer');
INSERT INTO cliente (cli_id, cli_nombre, cli_direccion, cli_telefono) VALUES (85, 'American', 'investment', 'run');
INSERT INTO cliente (cli_id, cli_nombre, cli_direccion, cli_telefono) VALUES (86, 'campaign', 'statement', 'team');
INSERT INTO cliente (cli_id, cli_nombre, cli_direccion, cli_telefono) VALUES (87, 'fight', 'dog', 'in');
INSERT INTO cliente (cli_id, cli_nombre, cli_direccion, cli_telefono) VALUES (88, 'north', 'song', 'your');
INSERT INTO cliente (cli_id, cli_nombre, cli_direccion, cli_telefono) VALUES (89, 'popular', 'base', 'over');
INSERT INTO cliente (cli_id, cli_nombre, cli_direccion, cli_telefono) VALUES (90, 'somebody', 'miss', 'hand');
INSERT INTO cliente (cli_id, cli_nombre, cli_direccion, cli_telefono) VALUES (91, 'building', 'church', 'story');
INSERT INTO cliente (cli_id, cli_nombre, cli_direccion, cli_telefono) VALUES (92, 'stay', 'customer', 'service');
INSERT INTO cliente (cli_id, cli_nombre, cli_direccion, cli_telefono) VALUES (93, 'suggest', 'put', 'learn');
INSERT INTO cliente (cli_id, cli_nombre, cli_direccion, cli_telefono) VALUES (94, 'however', 'exactly', 'network');
INSERT INTO cliente (cli_id, cli_nombre, cli_direccion, cli_telefono) VALUES (95, 'I', 'lead', 'either');
INSERT INTO cliente (cli_id, cli_nombre, cli_direccion, cli_telefono) VALUES (96, 'act', 'tough', 'great');
INSERT INTO cliente (cli_id, cli_nombre, cli_direccion, cli_telefono) VALUES (97, 'surface', 'alone', 'billion');
INSERT INTO cliente (cli_id, cli_nombre, cli_direccion, cli_telefono) VALUES (98, 'else', 'than', 'book');
INSERT INTO cliente (cli_id, cli_nombre, cli_direccion, cli_telefono) VALUES (99, 'race', 'these', 'even');
INSERT INTO cliente (cli_id, cli_nombre, cli_direccion, cli_telefono) VALUES (100, 'quality', 'offer', 'look');
INSERT INTO orden_trabajo (ort_id, ort_fecha_ini, ort_fecha_fin, ort_total, ort_creacion, ort_estado, emp_id, veh_id, cli_id, suc_id) VALUES (1, '2007-06-30', '2007-04-05', 82.74, '2017-12-18', 0, 1, 1, 1, 1);
INSERT INTO orden_trabajo (ort_id, ort_fecha_ini, ort_fecha_fin, ort_total, ort_creacion, ort_estado, emp_id, veh_id, cli_id, suc_id) VALUES (2, '1979-06-12', '1985-10-26', 18.63, '1995-06-26', 1, 2, 2, 2, 2);
INSERT INTO orden_trabajo (ort_id, ort_fecha_ini, ort_fecha_fin, ort_total, ort_creacion, ort_estado, emp_id, veh_id, cli_id, suc_id) VALUES (3, '2008-03-16', '1984-05-05', 28.58, '2017-09-26', 0, 3, 3, 3, 3);
INSERT INTO orden_trabajo (ort_id, ort_fecha_ini, ort_fecha_fin, ort_total, ort_creacion, ort_estado, emp_id, veh_id, cli_id, suc_id) VALUES (4, '1970-03-31', '1976-07-31', 48.35, '1988-11-01', 0, 4, 4, 4, 4);
INSERT INTO orden_trabajo (ort_id, ort_fecha_ini, ort_fecha_fin, ort_total, ort_creacion, ort_estado, emp_id, veh_id, cli_id, suc_id) VALUES (5, '1989-06-30', '1999-08-14', 54.67, '1983-09-18', 1, 5, 5, 5, 5);
INSERT INTO orden_trabajo (ort_id, ort_fecha_ini, ort_fecha_fin, ort_total, ort_creacion, ort_estado, emp_id, veh_id, cli_id, suc_id) VALUES (6, '2013-02-24', '2013-01-12', 66.61, '2013-11-30', 0, 6, 6, 6, 6);
INSERT INTO orden_trabajo (ort_id, ort_fecha_ini, ort_fecha_fin, ort_total, ort_creacion, ort_estado, emp_id, veh_id, cli_id, suc_id) VALUES (7, '2021-02-06', '1981-07-21', 58.51, '1982-03-06', 1, 7, 7, 7, 7);
INSERT INTO orden_trabajo (ort_id, ort_fecha_ini, ort_fecha_fin, ort_total, ort_creacion, ort_estado, emp_id, veh_id, cli_id, suc_id) VALUES (8, '1970-01-01', '2019-01-25', 6.98, '1998-05-06', 0, 8, 8, 8, 8);
INSERT INTO orden_trabajo (ort_id, ort_fecha_ini, ort_fecha_fin, ort_total, ort_creacion, ort_estado, emp_id, veh_id, cli_id, suc_id) VALUES (9, '2018-06-22', '2009-01-16', 99.04, '2003-08-07', 0, 9, 9, 9, 9);
INSERT INTO orden_trabajo (ort_id, ort_fecha_ini, ort_fecha_fin, ort_total, ort_creacion, ort_estado, emp_id, veh_id, cli_id, suc_id) VALUES (10, '2014-03-01', '1974-03-09', 95.25, '2015-08-04', 0, 10, 10, 10, 10);
INSERT INTO orden_trabajo (ort_id, ort_fecha_ini, ort_fecha_fin, ort_total, ort_creacion, ort_estado, emp_id, veh_id, cli_id, suc_id) VALUES (11, '1989-07-05', '1986-12-24', 55.36, '1972-11-13', 1, 11, 11, 11, 11);
INSERT INTO orden_trabajo (ort_id, ort_fecha_ini, ort_fecha_fin, ort_total, ort_creacion, ort_estado, emp_id, veh_id, cli_id, suc_id) VALUES (12, '1983-07-08', '1970-02-22', 20.94, '1983-10-16', 0, 12, 12, 12, 12);
INSERT INTO orden_trabajo (ort_id, ort_fecha_ini, ort_fecha_fin, ort_total, ort_creacion, ort_estado, emp_id, veh_id, cli_id, suc_id) VALUES (13, '1976-04-20', '2014-03-08', 18.84, '1980-02-04', 1, 13, 13, 13, 13);
INSERT INTO orden_trabajo (ort_id, ort_fecha_ini, ort_fecha_fin, ort_total, ort_creacion, ort_estado, emp_id, veh_id, cli_id, suc_id) VALUES (14, '2011-06-20', '2021-01-24', 85.59, '2016-05-26', 1, 14, 14, 14, 14);
INSERT INTO orden_trabajo (ort_id, ort_fecha_ini, ort_fecha_fin, ort_total, ort_creacion, ort_estado, emp_id, veh_id, cli_id, suc_id) VALUES (15, '2012-02-01', '2007-05-29', 13.7, '2016-12-08', 1, 15, 15, 15, 15);
INSERT INTO orden_trabajo (ort_id, ort_fecha_ini, ort_fecha_fin, ort_total, ort_creacion, ort_estado, emp_id, veh_id, cli_id, suc_id) VALUES (16, '2005-07-21', '2021-09-25', 49.6, '1990-09-25', 0, 16, 16, 16, 16);
INSERT INTO orden_trabajo (ort_id, ort_fecha_ini, ort_fecha_fin, ort_total, ort_creacion, ort_estado, emp_id, veh_id, cli_id, suc_id) VALUES (17, '2021-03-12', '1981-04-07', 45.14, '1997-02-18', 1, 17, 17, 17, 17);
INSERT INTO orden_trabajo (ort_id, ort_fecha_ini, ort_fecha_fin, ort_total, ort_creacion, ort_estado, emp_id, veh_id, cli_id, suc_id) VALUES (18, '1985-05-31', '1988-12-25', 70.93, '2007-11-08', 0, 18, 18, 18, 18);
INSERT INTO orden_trabajo (ort_id, ort_fecha_ini, ort_fecha_fin, ort_total, ort_creacion, ort_estado, emp_id, veh_id, cli_id, suc_id) VALUES (19, '1999-08-24', '1973-02-23', 19.3, '1987-04-11', 1, 19, 19, 19, 19);
INSERT INTO orden_trabajo (ort_id, ort_fecha_ini, ort_fecha_fin, ort_total, ort_creacion, ort_estado, emp_id, veh_id, cli_id, suc_id) VALUES (20, '2017-08-10', '1979-04-02', 49.33, '1990-02-18', 1, 20, 20, 20, 20);
INSERT INTO orden_trabajo (ort_id, ort_fecha_ini, ort_fecha_fin, ort_total, ort_creacion, ort_estado, emp_id, veh_id, cli_id, suc_id) VALUES (21, '2006-08-31', '2018-12-01', 69.47, '1970-10-27', 1, 21, 21, 21, 21);
INSERT INTO orden_trabajo (ort_id, ort_fecha_ini, ort_fecha_fin, ort_total, ort_creacion, ort_estado, emp_id, veh_id, cli_id, suc_id) VALUES (22, '2001-10-27', '1998-04-11', 70.48, '2021-08-07', 1, 22, 22, 22, 22);
INSERT INTO orden_trabajo (ort_id, ort_fecha_ini, ort_fecha_fin, ort_total, ort_creacion, ort_estado, emp_id, veh_id, cli_id, suc_id) VALUES (23, '1973-11-08', '2009-01-31', 32.35, '1997-08-26', 0, 23, 23, 23, 23);
INSERT INTO orden_trabajo (ort_id, ort_fecha_ini, ort_fecha_fin, ort_total, ort_creacion, ort_estado, emp_id, veh_id, cli_id, suc_id) VALUES (24, '1978-02-03', '1990-12-10', 59.68, '1986-12-24', 0, 24, 24, 24, 24);
INSERT INTO orden_trabajo (ort_id, ort_fecha_ini, ort_fecha_fin, ort_total, ort_creacion, ort_estado, emp_id, veh_id, cli_id, suc_id) VALUES (25, '1987-04-06', '1991-05-13', 14.38, '2000-03-15', 1, 25, 25, 25, 25);
INSERT INTO orden_trabajo (ort_id, ort_fecha_ini, ort_fecha_fin, ort_total, ort_creacion, ort_estado, emp_id, veh_id, cli_id, suc_id) VALUES (26, '1970-07-05', '2016-09-10', 44.75, '1970-11-03', 1, 26, 26, 26, 26);
INSERT INTO orden_trabajo (ort_id, ort_fecha_ini, ort_fecha_fin, ort_total, ort_creacion, ort_estado, emp_id, veh_id, cli_id, suc_id) VALUES (27, '1999-04-19', '2024-01-22', 51.76, '2019-10-15', 1, 27, 27, 27, 27);
INSERT INTO orden_trabajo (ort_id, ort_fecha_ini, ort_fecha_fin, ort_total, ort_creacion, ort_estado, emp_id, veh_id, cli_id, suc_id) VALUES (28, '1971-04-15', '1971-08-30', 20.18, '1999-07-20', 1, 28, 28, 28, 28);
INSERT INTO orden_trabajo (ort_id, ort_fecha_ini, ort_fecha_fin, ort_total, ort_creacion, ort_estado, emp_id, veh_id, cli_id, suc_id) VALUES (29, '1976-03-24', '1995-02-25', 45.51, '2009-12-02', 1, 29, 29, 29, 29);
INSERT INTO orden_trabajo (ort_id, ort_fecha_ini, ort_fecha_fin, ort_total, ort_creacion, ort_estado, emp_id, veh_id, cli_id, suc_id) VALUES (30, '1991-05-27', '1972-11-20', 18.94, '2012-03-31', 1, 30, 30, 30, 30);
INSERT INTO orden_trabajo (ort_id, ort_fecha_ini, ort_fecha_fin, ort_total, ort_creacion, ort_estado, emp_id, veh_id, cli_id, suc_id) VALUES (31, '2020-11-19', '2021-03-04', 78.06, '2019-10-21', 0, 31, 31, 31, 31);
INSERT INTO orden_trabajo (ort_id, ort_fecha_ini, ort_fecha_fin, ort_total, ort_creacion, ort_estado, emp_id, veh_id, cli_id, suc_id) VALUES (32, '1983-04-08', '2007-04-05', 63.27, '2008-06-19', 0, 32, 32, 32, 32);
INSERT INTO orden_trabajo (ort_id, ort_fecha_ini, ort_fecha_fin, ort_total, ort_creacion, ort_estado, emp_id, veh_id, cli_id, suc_id) VALUES (33, '2002-02-02', '1980-11-16', 21.82, '1971-09-26', 1, 33, 33, 33, 33);
INSERT INTO orden_trabajo (ort_id, ort_fecha_ini, ort_fecha_fin, ort_total, ort_creacion, ort_estado, emp_id, veh_id, cli_id, suc_id) VALUES (34, '2019-06-16', '1983-09-16', 71.67, '1988-09-19', 1, 34, 34, 34, 34);
INSERT INTO orden_trabajo (ort_id, ort_fecha_ini, ort_fecha_fin, ort_total, ort_creacion, ort_estado, emp_id, veh_id, cli_id, suc_id) VALUES (35, '1973-05-31', '1975-02-15', 35.31, '2011-12-24', 0, 35, 35, 35, 35);
INSERT INTO orden_trabajo (ort_id, ort_fecha_ini, ort_fecha_fin, ort_total, ort_creacion, ort_estado, emp_id, veh_id, cli_id, suc_id) VALUES (36, '1993-06-29', '1993-09-02', 29.55, '2006-07-23', 1, 36, 36, 36, 36);
INSERT INTO orden_trabajo (ort_id, ort_fecha_ini, ort_fecha_fin, ort_total, ort_creacion, ort_estado, emp_id, veh_id, cli_id, suc_id) VALUES (37, '1995-02-17', '1996-01-31', 16.38, '1972-11-19', 1, 37, 37, 37, 37);
INSERT INTO orden_trabajo (ort_id, ort_fecha_ini, ort_fecha_fin, ort_total, ort_creacion, ort_estado, emp_id, veh_id, cli_id, suc_id) VALUES (38, '1975-09-19', '1972-03-15', 71.83, '2013-09-07', 0, 38, 38, 38, 38);
INSERT INTO orden_trabajo (ort_id, ort_fecha_ini, ort_fecha_fin, ort_total, ort_creacion, ort_estado, emp_id, veh_id, cli_id, suc_id) VALUES (39, '2004-06-22', '2019-08-27', 16.27, '1999-01-25', 1, 39, 39, 39, 39);
INSERT INTO orden_trabajo (ort_id, ort_fecha_ini, ort_fecha_fin, ort_total, ort_creacion, ort_estado, emp_id, veh_id, cli_id, suc_id) VALUES (40, '2011-01-09', '1999-06-14', 64.91, '2010-02-10', 0, 40, 40, 40, 40);
INSERT INTO orden_trabajo (ort_id, ort_fecha_ini, ort_fecha_fin, ort_total, ort_creacion, ort_estado, emp_id, veh_id, cli_id, suc_id) VALUES (41, '1972-04-05', '2022-10-29', 79.77, '1990-07-05', 0, 41, 41, 41, 41);
INSERT INTO orden_trabajo (ort_id, ort_fecha_ini, ort_fecha_fin, ort_total, ort_creacion, ort_estado, emp_id, veh_id, cli_id, suc_id) VALUES (42, '1999-03-09', '1986-08-06', 79.25, '1997-12-06', 1, 42, 42, 42, 42);
INSERT INTO orden_trabajo (ort_id, ort_fecha_ini, ort_fecha_fin, ort_total, ort_creacion, ort_estado, emp_id, veh_id, cli_id, suc_id) VALUES (43, '2001-03-01', '2016-04-16', 83.6, '1987-12-19', 1, 43, 43, 43, 43);
INSERT INTO orden_trabajo (ort_id, ort_fecha_ini, ort_fecha_fin, ort_total, ort_creacion, ort_estado, emp_id, veh_id, cli_id, suc_id) VALUES (44, '1978-07-13', '2010-09-16', 86.12, '1972-06-06', 0, 44, 44, 44, 44);
INSERT INTO orden_trabajo (ort_id, ort_fecha_ini, ort_fecha_fin, ort_total, ort_creacion, ort_estado, emp_id, veh_id, cli_id, suc_id) VALUES (45, '2003-10-27', '1977-09-13', 81.03, '2006-04-09', 0, 45, 45, 45, 45);
INSERT INTO orden_trabajo (ort_id, ort_fecha_ini, ort_fecha_fin, ort_total, ort_creacion, ort_estado, emp_id, veh_id, cli_id, suc_id) VALUES (46, '1979-08-16', '1976-11-30', 56.51, '2022-01-13', 0, 46, 46, 46, 46);
INSERT INTO orden_trabajo (ort_id, ort_fecha_ini, ort_fecha_fin, ort_total, ort_creacion, ort_estado, emp_id, veh_id, cli_id, suc_id) VALUES (47, '2022-11-11', '2020-05-06', 98.96, '1979-01-02', 0, 47, 47, 47, 47);
INSERT INTO orden_trabajo (ort_id, ort_fecha_ini, ort_fecha_fin, ort_total, ort_creacion, ort_estado, emp_id, veh_id, cli_id, suc_id) VALUES (48, '2016-01-18', '2018-08-12', 73.11, '2019-11-24', 0, 48, 48, 48, 48);
INSERT INTO orden_trabajo (ort_id, ort_fecha_ini, ort_fecha_fin, ort_total, ort_creacion, ort_estado, emp_id, veh_id, cli_id, suc_id) VALUES (49, '1997-03-13', '1971-08-12', 17.79, '1990-04-13', 1, 49, 49, 49, 49);
INSERT INTO orden_trabajo (ort_id, ort_fecha_ini, ort_fecha_fin, ort_total, ort_creacion, ort_estado, emp_id, veh_id, cli_id, suc_id) VALUES (50, '2017-02-18', '1983-03-12', 16.6, '2010-11-08', 1, 50, 50, 50, 50);
INSERT INTO orden_trabajo (ort_id, ort_fecha_ini, ort_fecha_fin, ort_total, ort_creacion, ort_estado, emp_id, veh_id, cli_id, suc_id) VALUES (51, '2021-03-23', '2016-04-06', 72.12, '2019-09-24', 1, 51, 51, 51, 51);
INSERT INTO orden_trabajo (ort_id, ort_fecha_ini, ort_fecha_fin, ort_total, ort_creacion, ort_estado, emp_id, veh_id, cli_id, suc_id) VALUES (52, '2008-07-15', '1980-06-22', 62.36, '1999-10-03', 0, 52, 52, 52, 52);
INSERT INTO orden_trabajo (ort_id, ort_fecha_ini, ort_fecha_fin, ort_total, ort_creacion, ort_estado, emp_id, veh_id, cli_id, suc_id) VALUES (53, '2009-09-27', '1999-09-05', 90.29, '1972-03-28', 0, 53, 53, 53, 53);
INSERT INTO orden_trabajo (ort_id, ort_fecha_ini, ort_fecha_fin, ort_total, ort_creacion, ort_estado, emp_id, veh_id, cli_id, suc_id) VALUES (54, '2014-02-06', '1993-01-04', 56.37, '1974-07-22', 1, 54, 54, 54, 54);
INSERT INTO orden_trabajo (ort_id, ort_fecha_ini, ort_fecha_fin, ort_total, ort_creacion, ort_estado, emp_id, veh_id, cli_id, suc_id) VALUES (55, '2015-05-13', '1991-05-16', 74.02, '1987-07-28', 1, 55, 55, 55, 55);
INSERT INTO orden_trabajo (ort_id, ort_fecha_ini, ort_fecha_fin, ort_total, ort_creacion, ort_estado, emp_id, veh_id, cli_id, suc_id) VALUES (56, '2001-04-14', '2018-01-19', 89.81, '1996-07-04', 0, 56, 56, 56, 56);
INSERT INTO orden_trabajo (ort_id, ort_fecha_ini, ort_fecha_fin, ort_total, ort_creacion, ort_estado, emp_id, veh_id, cli_id, suc_id) VALUES (57, '1999-04-19', '2011-12-14', 18.34, '2019-01-11', 1, 57, 57, 57, 57);
INSERT INTO orden_trabajo (ort_id, ort_fecha_ini, ort_fecha_fin, ort_total, ort_creacion, ort_estado, emp_id, veh_id, cli_id, suc_id) VALUES (58, '1990-12-04', '2006-11-19', 83.04, '2004-04-29', 1, 58, 58, 58, 58);
INSERT INTO orden_trabajo (ort_id, ort_fecha_ini, ort_fecha_fin, ort_total, ort_creacion, ort_estado, emp_id, veh_id, cli_id, suc_id) VALUES (59, '1978-02-02', '2017-07-30', 57.02, '1977-09-16', 1, 59, 59, 59, 59);
INSERT INTO orden_trabajo (ort_id, ort_fecha_ini, ort_fecha_fin, ort_total, ort_creacion, ort_estado, emp_id, veh_id, cli_id, suc_id) VALUES (60, '1979-07-26', '2013-12-13', 69.61, '1975-08-04', 1, 60, 60, 60, 60);
INSERT INTO orden_trabajo (ort_id, ort_fecha_ini, ort_fecha_fin, ort_total, ort_creacion, ort_estado, emp_id, veh_id, cli_id, suc_id) VALUES (61, '1988-06-06', '2005-04-28', 59.17, '1980-08-24', 1, 61, 61, 61, 61);
INSERT INTO orden_trabajo (ort_id, ort_fecha_ini, ort_fecha_fin, ort_total, ort_creacion, ort_estado, emp_id, veh_id, cli_id, suc_id) VALUES (62, '1972-01-10', '1971-04-23', 87.0, '1991-01-25', 1, 62, 62, 62, 62);
INSERT INTO orden_trabajo (ort_id, ort_fecha_ini, ort_fecha_fin, ort_total, ort_creacion, ort_estado, emp_id, veh_id, cli_id, suc_id) VALUES (63, '2002-04-09', '1980-01-31', 76.85, '1989-03-21', 0, 63, 63, 63, 63);
INSERT INTO orden_trabajo (ort_id, ort_fecha_ini, ort_fecha_fin, ort_total, ort_creacion, ort_estado, emp_id, veh_id, cli_id, suc_id) VALUES (64, '1998-07-24', '1970-02-08', 96.71, '2017-07-15', 1, 64, 64, 64, 64);
INSERT INTO orden_trabajo (ort_id, ort_fecha_ini, ort_fecha_fin, ort_total, ort_creacion, ort_estado, emp_id, veh_id, cli_id, suc_id) VALUES (65, '1991-10-15', '1977-11-21', 85.3, '1980-11-07', 1, 65, 65, 65, 65);
INSERT INTO orden_trabajo (ort_id, ort_fecha_ini, ort_fecha_fin, ort_total, ort_creacion, ort_estado, emp_id, veh_id, cli_id, suc_id) VALUES (66, '2003-11-06', '2009-06-17', 7.47, '1977-09-15', 1, 66, 66, 66, 66);
INSERT INTO orden_trabajo (ort_id, ort_fecha_ini, ort_fecha_fin, ort_total, ort_creacion, ort_estado, emp_id, veh_id, cli_id, suc_id) VALUES (67, '2015-04-28', '1988-12-29', 34.23, '2016-11-23', 1, 67, 67, 67, 67);
INSERT INTO orden_trabajo (ort_id, ort_fecha_ini, ort_fecha_fin, ort_total, ort_creacion, ort_estado, emp_id, veh_id, cli_id, suc_id) VALUES (68, '1996-12-19', '2011-02-04', 38.29, '2004-12-11', 0, 68, 68, 68, 68);
INSERT INTO orden_trabajo (ort_id, ort_fecha_ini, ort_fecha_fin, ort_total, ort_creacion, ort_estado, emp_id, veh_id, cli_id, suc_id) VALUES (69, '1998-10-17', '1981-03-31', 13.24, '1972-06-29', 0, 69, 69, 69, 69);
INSERT INTO orden_trabajo (ort_id, ort_fecha_ini, ort_fecha_fin, ort_total, ort_creacion, ort_estado, emp_id, veh_id, cli_id, suc_id) VALUES (70, '2007-07-23', '1982-03-31', 51.14, '1996-09-29', 1, 70, 70, 70, 70);
INSERT INTO orden_trabajo (ort_id, ort_fecha_ini, ort_fecha_fin, ort_total, ort_creacion, ort_estado, emp_id, veh_id, cli_id, suc_id) VALUES (71, '1975-09-17', '2000-03-13', 7.81, '1989-09-17', 0, 71, 71, 71, 71);
INSERT INTO orden_trabajo (ort_id, ort_fecha_ini, ort_fecha_fin, ort_total, ort_creacion, ort_estado, emp_id, veh_id, cli_id, suc_id) VALUES (72, '1996-05-20', '1972-09-27', 29.67, '1988-12-03', 0, 72, 72, 72, 72);
INSERT INTO orden_trabajo (ort_id, ort_fecha_ini, ort_fecha_fin, ort_total, ort_creacion, ort_estado, emp_id, veh_id, cli_id, suc_id) VALUES (73, '2012-07-16', '1990-02-06', 28.79, '2019-04-29', 1, 73, 73, 73, 73);
INSERT INTO orden_trabajo (ort_id, ort_fecha_ini, ort_fecha_fin, ort_total, ort_creacion, ort_estado, emp_id, veh_id, cli_id, suc_id) VALUES (74, '1990-01-03', '2003-05-08', 61.58, '1981-05-24', 1, 74, 74, 74, 74);
INSERT INTO orden_trabajo (ort_id, ort_fecha_ini, ort_fecha_fin, ort_total, ort_creacion, ort_estado, emp_id, veh_id, cli_id, suc_id) VALUES (75, '2002-03-03', '1984-08-31', 24.67, '2000-11-23', 0, 75, 75, 75, 75);
INSERT INTO orden_trabajo (ort_id, ort_fecha_ini, ort_fecha_fin, ort_total, ort_creacion, ort_estado, emp_id, veh_id, cli_id, suc_id) VALUES (76, '2012-11-19', '1978-11-04', 54.73, '2005-05-08', 1, 76, 76, 76, 76);
INSERT INTO orden_trabajo (ort_id, ort_fecha_ini, ort_fecha_fin, ort_total, ort_creacion, ort_estado, emp_id, veh_id, cli_id, suc_id) VALUES (77, '2007-01-02', '2004-03-27', 81.31, '1999-10-24', 1, 77, 77, 77, 77);
INSERT INTO orden_trabajo (ort_id, ort_fecha_ini, ort_fecha_fin, ort_total, ort_creacion, ort_estado, emp_id, veh_id, cli_id, suc_id) VALUES (78, '1973-05-20', '1975-05-01', 6.07, '1998-03-09', 1, 78, 78, 78, 78);
INSERT INTO orden_trabajo (ort_id, ort_fecha_ini, ort_fecha_fin, ort_total, ort_creacion, ort_estado, emp_id, veh_id, cli_id, suc_id) VALUES (79, '1977-07-02', '2004-05-28', 35.94, '2006-01-07', 1, 79, 79, 79, 79);
INSERT INTO orden_trabajo (ort_id, ort_fecha_ini, ort_fecha_fin, ort_total, ort_creacion, ort_estado, emp_id, veh_id, cli_id, suc_id) VALUES (80, '1971-04-11', '1976-03-15', 17.62, '2009-09-23', 1, 80, 80, 80, 80);
INSERT INTO orden_trabajo (ort_id, ort_fecha_ini, ort_fecha_fin, ort_total, ort_creacion, ort_estado, emp_id, veh_id, cli_id, suc_id) VALUES (81, '1980-03-07', '1979-06-25', 91.86, '1975-08-30', 0, 81, 81, 81, 81);
INSERT INTO orden_trabajo (ort_id, ort_fecha_ini, ort_fecha_fin, ort_total, ort_creacion, ort_estado, emp_id, veh_id, cli_id, suc_id) VALUES (82, '1998-10-11', '1986-11-26', 78.65, '1999-10-29', 0, 82, 82, 82, 82);
INSERT INTO orden_trabajo (ort_id, ort_fecha_ini, ort_fecha_fin, ort_total, ort_creacion, ort_estado, emp_id, veh_id, cli_id, suc_id) VALUES (83, '2008-09-05', '1982-05-18', 94.07, '1971-12-20', 1, 83, 83, 83, 83);
INSERT INTO orden_trabajo (ort_id, ort_fecha_ini, ort_fecha_fin, ort_total, ort_creacion, ort_estado, emp_id, veh_id, cli_id, suc_id) VALUES (84, '2002-12-10', '1990-08-17', 84.82, '1996-05-23', 0, 84, 84, 84, 84);
INSERT INTO orden_trabajo (ort_id, ort_fecha_ini, ort_fecha_fin, ort_total, ort_creacion, ort_estado, emp_id, veh_id, cli_id, suc_id) VALUES (85, '2003-09-23', '2001-11-09', 26.75, '1971-03-19', 0, 85, 85, 85, 85);
INSERT INTO orden_trabajo (ort_id, ort_fecha_ini, ort_fecha_fin, ort_total, ort_creacion, ort_estado, emp_id, veh_id, cli_id, suc_id) VALUES (86, '2023-09-24', '1996-03-19', 41.24, '1978-06-14', 1, 86, 86, 86, 86);
INSERT INTO orden_trabajo (ort_id, ort_fecha_ini, ort_fecha_fin, ort_total, ort_creacion, ort_estado, emp_id, veh_id, cli_id, suc_id) VALUES (87, '1997-07-16', '1974-09-15', 37.15, '2017-08-14', 1, 87, 87, 87, 87);
INSERT INTO orden_trabajo (ort_id, ort_fecha_ini, ort_fecha_fin, ort_total, ort_creacion, ort_estado, emp_id, veh_id, cli_id, suc_id) VALUES (88, '1997-11-14', '2004-04-03', 88.62, '1997-05-09', 1, 88, 88, 88, 88);
INSERT INTO orden_trabajo (ort_id, ort_fecha_ini, ort_fecha_fin, ort_total, ort_creacion, ort_estado, emp_id, veh_id, cli_id, suc_id) VALUES (89, '1971-03-01', '1980-01-09', 28.44, '1983-02-12', 1, 89, 89, 89, 89);
INSERT INTO orden_trabajo (ort_id, ort_fecha_ini, ort_fecha_fin, ort_total, ort_creacion, ort_estado, emp_id, veh_id, cli_id, suc_id) VALUES (90, '1994-04-10', '1991-03-25', 15.98, '2007-08-12', 0, 90, 90, 90, 90);
INSERT INTO orden_trabajo (ort_id, ort_fecha_ini, ort_fecha_fin, ort_total, ort_creacion, ort_estado, emp_id, veh_id, cli_id, suc_id) VALUES (91, '2015-04-09', '2021-01-02', 50.12, '2015-11-08', 1, 91, 91, 91, 91);
INSERT INTO orden_trabajo (ort_id, ort_fecha_ini, ort_fecha_fin, ort_total, ort_creacion, ort_estado, emp_id, veh_id, cli_id, suc_id) VALUES (92, '2012-04-05', '1999-01-03', 4.41, '2016-10-01', 1, 92, 92, 92, 92);
INSERT INTO orden_trabajo (ort_id, ort_fecha_ini, ort_fecha_fin, ort_total, ort_creacion, ort_estado, emp_id, veh_id, cli_id, suc_id) VALUES (93, '1988-06-04', '1986-07-13', 66.39, '2012-06-10', 0, 93, 93, 93, 93);
INSERT INTO orden_trabajo (ort_id, ort_fecha_ini, ort_fecha_fin, ort_total, ort_creacion, ort_estado, emp_id, veh_id, cli_id, suc_id) VALUES (94, '2009-12-14', '2000-01-06', 19.0, '1973-06-26', 0, 94, 94, 94, 94);
INSERT INTO orden_trabajo (ort_id, ort_fecha_ini, ort_fecha_fin, ort_total, ort_creacion, ort_estado, emp_id, veh_id, cli_id, suc_id) VALUES (95, '1971-11-17', '1991-08-03', 28.48, '1989-07-15', 1, 95, 95, 95, 95);
INSERT INTO orden_trabajo (ort_id, ort_fecha_ini, ort_fecha_fin, ort_total, ort_creacion, ort_estado, emp_id, veh_id, cli_id, suc_id) VALUES (96, '2005-05-11', '1976-04-15', 19.23, '2003-10-14', 0, 96, 96, 96, 96);
INSERT INTO orden_trabajo (ort_id, ort_fecha_ini, ort_fecha_fin, ort_total, ort_creacion, ort_estado, emp_id, veh_id, cli_id, suc_id) VALUES (97, '1973-09-20', '2015-02-23', 32.95, '2004-11-17', 0, 97, 97, 97, 97);
INSERT INTO orden_trabajo (ort_id, ort_fecha_ini, ort_fecha_fin, ort_total, ort_creacion, ort_estado, emp_id, veh_id, cli_id, suc_id) VALUES (98, '2013-09-18', '1975-08-04', 27.68, '1993-11-19', 0, 98, 98, 98, 98);
INSERT INTO orden_trabajo (ort_id, ort_fecha_ini, ort_fecha_fin, ort_total, ort_creacion, ort_estado, emp_id, veh_id, cli_id, suc_id) VALUES (99, '2015-05-09', '2023-12-30', 65.89, '1987-07-10', 0, 99, 99, 99, 99);
INSERT INTO orden_trabajo (ort_id, ort_fecha_ini, ort_fecha_fin, ort_total, ort_creacion, ort_estado, emp_id, veh_id, cli_id, suc_id) VALUES (100, '1980-01-09', '1996-02-19', 23.79, '2008-10-23', 0, 100, 100, 100, 100);
INSERT INTO trabajo_producto (ort_id, pro_id, trp_cantidad, trp_precio, trp_creacion, trp_estado) VALUES (1, 1, 1, 94.12, '2013-10-03', 1);
INSERT INTO trabajo_producto (ort_id, pro_id, trp_cantidad, trp_precio, trp_creacion, trp_estado) VALUES (2, 2, 2, 21.7, '1975-05-08', 0);
INSERT INTO trabajo_producto (ort_id, pro_id, trp_cantidad, trp_precio, trp_creacion, trp_estado) VALUES (3, 3, 3, 6.61, '1989-03-19', 0);
INSERT INTO trabajo_producto (ort_id, pro_id, trp_cantidad, trp_precio, trp_creacion, trp_estado) VALUES (4, 4, 4, 40.02, '2018-06-28', 1);
INSERT INTO trabajo_producto (ort_id, pro_id, trp_cantidad, trp_precio, trp_creacion, trp_estado) VALUES (5, 5, 5, 22.33, '2017-11-30', 0);
INSERT INTO trabajo_producto (ort_id, pro_id, trp_cantidad, trp_precio, trp_creacion, trp_estado) VALUES (6, 6, 6, 59.64, '1971-05-17', 0);
INSERT INTO trabajo_producto (ort_id, pro_id, trp_cantidad, trp_precio, trp_creacion, trp_estado) VALUES (7, 7, 7, 92.22, '2022-08-10', 1);
INSERT INTO trabajo_producto (ort_id, pro_id, trp_cantidad, trp_precio, trp_creacion, trp_estado) VALUES (8, 8, 8, 84.25, '1994-02-26', 0);
INSERT INTO trabajo_producto (ort_id, pro_id, trp_cantidad, trp_precio, trp_creacion, trp_estado) VALUES (9, 9, 9, 75.04, '1978-11-08', 0);
INSERT INTO trabajo_producto (ort_id, pro_id, trp_cantidad, trp_precio, trp_creacion, trp_estado) VALUES (10, 10, 10, 81.12, '1999-09-30', 0);
INSERT INTO trabajo_producto (ort_id, pro_id, trp_cantidad, trp_precio, trp_creacion, trp_estado) VALUES (11, 11, 11, 32.56, '2010-05-22', 1);
INSERT INTO trabajo_producto (ort_id, pro_id, trp_cantidad, trp_precio, trp_creacion, trp_estado) VALUES (12, 12, 12, 97.98, '1996-03-08', 0);
INSERT INTO trabajo_producto (ort_id, pro_id, trp_cantidad, trp_precio, trp_creacion, trp_estado) VALUES (13, 13, 13, 52.18, '2006-12-05', 1);
INSERT INTO trabajo_producto (ort_id, pro_id, trp_cantidad, trp_precio, trp_creacion, trp_estado) VALUES (14, 14, 14, 5.78, '1989-02-21', 1);
INSERT INTO trabajo_producto (ort_id, pro_id, trp_cantidad, trp_precio, trp_creacion, trp_estado) VALUES (15, 15, 15, 53.52, '1977-01-16', 0);
INSERT INTO trabajo_producto (ort_id, pro_id, trp_cantidad, trp_precio, trp_creacion, trp_estado) VALUES (16, 16, 16, 33.2, '1982-06-22', 0);
INSERT INTO trabajo_producto (ort_id, pro_id, trp_cantidad, trp_precio, trp_creacion, trp_estado) VALUES (17, 17, 17, 39.94, '2019-08-09', 1);
INSERT INTO trabajo_producto (ort_id, pro_id, trp_cantidad, trp_precio, trp_creacion, trp_estado) VALUES (18, 18, 18, 67.33, '1974-07-01', 0);
INSERT INTO trabajo_producto (ort_id, pro_id, trp_cantidad, trp_precio, trp_creacion, trp_estado) VALUES (19, 19, 19, 1.22, '2014-03-25', 1);
INSERT INTO trabajo_producto (ort_id, pro_id, trp_cantidad, trp_precio, trp_creacion, trp_estado) VALUES (20, 20, 20, 75.87, '2017-01-23', 0);
INSERT INTO trabajo_producto (ort_id, pro_id, trp_cantidad, trp_precio, trp_creacion, trp_estado) VALUES (21, 21, 21, 84.66, '2009-07-05', 1);
INSERT INTO trabajo_producto (ort_id, pro_id, trp_cantidad, trp_precio, trp_creacion, trp_estado) VALUES (22, 22, 22, 81.06, '1996-09-26', 0);
INSERT INTO trabajo_producto (ort_id, pro_id, trp_cantidad, trp_precio, trp_creacion, trp_estado) VALUES (23, 23, 23, 20.61, '2006-07-06', 1);
INSERT INTO trabajo_producto (ort_id, pro_id, trp_cantidad, trp_precio, trp_creacion, trp_estado) VALUES (24, 24, 24, 12.63, '2010-08-22', 0);
INSERT INTO trabajo_producto (ort_id, pro_id, trp_cantidad, trp_precio, trp_creacion, trp_estado) VALUES (25, 25, 25, 57.7, '1983-02-03', 1);
INSERT INTO trabajo_producto (ort_id, pro_id, trp_cantidad, trp_precio, trp_creacion, trp_estado) VALUES (26, 26, 26, 99.61, '1988-03-09', 1);
INSERT INTO trabajo_producto (ort_id, pro_id, trp_cantidad, trp_precio, trp_creacion, trp_estado) VALUES (27, 27, 27, 84.92, '2006-12-03', 0);
INSERT INTO trabajo_producto (ort_id, pro_id, trp_cantidad, trp_precio, trp_creacion, trp_estado) VALUES (28, 28, 28, 33.44, '1991-10-01', 1);
INSERT INTO trabajo_producto (ort_id, pro_id, trp_cantidad, trp_precio, trp_creacion, trp_estado) VALUES (29, 29, 29, 15.42, '2015-06-08', 1);
INSERT INTO trabajo_producto (ort_id, pro_id, trp_cantidad, trp_precio, trp_creacion, trp_estado) VALUES (30, 30, 30, 80.16, '2018-05-31', 0);
INSERT INTO trabajo_producto (ort_id, pro_id, trp_cantidad, trp_precio, trp_creacion, trp_estado) VALUES (31, 31, 31, 86.81, '2005-07-10', 1);
INSERT INTO trabajo_producto (ort_id, pro_id, trp_cantidad, trp_precio, trp_creacion, trp_estado) VALUES (32, 32, 32, 65.04, '2013-08-19', 0);
INSERT INTO trabajo_producto (ort_id, pro_id, trp_cantidad, trp_precio, trp_creacion, trp_estado) VALUES (33, 33, 33, 9.23, '2002-08-09', 0);
INSERT INTO trabajo_producto (ort_id, pro_id, trp_cantidad, trp_precio, trp_creacion, trp_estado) VALUES (34, 34, 34, 18.52, '2007-05-19', 1);
INSERT INTO trabajo_producto (ort_id, pro_id, trp_cantidad, trp_precio, trp_creacion, trp_estado) VALUES (35, 35, 35, 89.73, '1987-11-18', 0);
INSERT INTO trabajo_producto (ort_id, pro_id, trp_cantidad, trp_precio, trp_creacion, trp_estado) VALUES (36, 36, 36, 13.63, '1978-09-17', 1);
INSERT INTO trabajo_producto (ort_id, pro_id, trp_cantidad, trp_precio, trp_creacion, trp_estado) VALUES (37, 37, 37, 42.35, '2001-03-03', 0);
INSERT INTO trabajo_producto (ort_id, pro_id, trp_cantidad, trp_precio, trp_creacion, trp_estado) VALUES (38, 38, 38, 53.77, '1972-08-31', 0);
INSERT INTO trabajo_producto (ort_id, pro_id, trp_cantidad, trp_precio, trp_creacion, trp_estado) VALUES (39, 39, 39, 62.21, '1981-06-03', 1);
INSERT INTO trabajo_producto (ort_id, pro_id, trp_cantidad, trp_precio, trp_creacion, trp_estado) VALUES (40, 40, 40, 33.18, '2011-05-09', 1);
INSERT INTO trabajo_producto (ort_id, pro_id, trp_cantidad, trp_precio, trp_creacion, trp_estado) VALUES (41, 41, 41, 15.37, '1970-08-22', 0);
INSERT INTO trabajo_producto (ort_id, pro_id, trp_cantidad, trp_precio, trp_creacion, trp_estado) VALUES (42, 42, 42, 22.78, '2018-08-07', 1);
INSERT INTO trabajo_producto (ort_id, pro_id, trp_cantidad, trp_precio, trp_creacion, trp_estado) VALUES (43, 43, 43, 46.75, '2013-11-14', 0);
INSERT INTO trabajo_producto (ort_id, pro_id, trp_cantidad, trp_precio, trp_creacion, trp_estado) VALUES (44, 44, 44, 77.75, '1975-09-05', 0);
INSERT INTO trabajo_producto (ort_id, pro_id, trp_cantidad, trp_precio, trp_creacion, trp_estado) VALUES (45, 45, 45, 74.98, '1981-01-15', 0);
INSERT INTO trabajo_producto (ort_id, pro_id, trp_cantidad, trp_precio, trp_creacion, trp_estado) VALUES (46, 46, 46, 60.21, '1991-08-30', 0);
INSERT INTO trabajo_producto (ort_id, pro_id, trp_cantidad, trp_precio, trp_creacion, trp_estado) VALUES (47, 47, 47, 94.88, '1972-12-04', 0);
INSERT INTO trabajo_producto (ort_id, pro_id, trp_cantidad, trp_precio, trp_creacion, trp_estado) VALUES (48, 48, 48, 86.41, '2000-12-26', 1);
INSERT INTO trabajo_producto (ort_id, pro_id, trp_cantidad, trp_precio, trp_creacion, trp_estado) VALUES (49, 49, 49, 86.45, '1992-06-02', 0);
INSERT INTO trabajo_producto (ort_id, pro_id, trp_cantidad, trp_precio, trp_creacion, trp_estado) VALUES (50, 50, 50, 22.78, '1990-05-16', 1);
INSERT INTO trabajo_producto (ort_id, pro_id, trp_cantidad, trp_precio, trp_creacion, trp_estado) VALUES (51, 51, 51, 55.01, '1985-05-27', 1);
INSERT INTO trabajo_producto (ort_id, pro_id, trp_cantidad, trp_precio, trp_creacion, trp_estado) VALUES (52, 52, 52, 2.13, '2023-07-30', 1);
INSERT INTO trabajo_producto (ort_id, pro_id, trp_cantidad, trp_precio, trp_creacion, trp_estado) VALUES (53, 53, 53, 84.83, '1994-05-23', 0);
INSERT INTO trabajo_producto (ort_id, pro_id, trp_cantidad, trp_precio, trp_creacion, trp_estado) VALUES (54, 54, 54, 53.0, '1973-10-12', 0);
INSERT INTO trabajo_producto (ort_id, pro_id, trp_cantidad, trp_precio, trp_creacion, trp_estado) VALUES (55, 55, 55, 40.46, '1991-07-20', 0);
INSERT INTO trabajo_producto (ort_id, pro_id, trp_cantidad, trp_precio, trp_creacion, trp_estado) VALUES (56, 56, 56, 96.41, '2012-08-31', 0);
INSERT INTO trabajo_producto (ort_id, pro_id, trp_cantidad, trp_precio, trp_creacion, trp_estado) VALUES (57, 57, 57, 14.2, '1986-03-28', 0);
INSERT INTO trabajo_producto (ort_id, pro_id, trp_cantidad, trp_precio, trp_creacion, trp_estado) VALUES (58, 58, 58, 6.92, '1994-11-13', 0);
INSERT INTO trabajo_producto (ort_id, pro_id, trp_cantidad, trp_precio, trp_creacion, trp_estado) VALUES (59, 59, 59, 39.02, '1993-10-23', 1);
INSERT INTO trabajo_producto (ort_id, pro_id, trp_cantidad, trp_precio, trp_creacion, trp_estado) VALUES (60, 60, 60, 43.81, '1998-08-04', 1);
INSERT INTO trabajo_producto (ort_id, pro_id, trp_cantidad, trp_precio, trp_creacion, trp_estado) VALUES (61, 61, 61, 7.68, '2020-10-29', 1);
INSERT INTO trabajo_producto (ort_id, pro_id, trp_cantidad, trp_precio, trp_creacion, trp_estado) VALUES (62, 62, 62, 49.67, '1992-04-19', 0);
INSERT INTO trabajo_producto (ort_id, pro_id, trp_cantidad, trp_precio, trp_creacion, trp_estado) VALUES (63, 63, 63, 49.19, '1980-04-25', 0);
INSERT INTO trabajo_producto (ort_id, pro_id, trp_cantidad, trp_precio, trp_creacion, trp_estado) VALUES (64, 64, 64, 6.19, '1973-12-21', 0);
INSERT INTO trabajo_producto (ort_id, pro_id, trp_cantidad, trp_precio, trp_creacion, trp_estado) VALUES (65, 65, 65, 50.67, '1990-01-31', 1);
INSERT INTO trabajo_producto (ort_id, pro_id, trp_cantidad, trp_precio, trp_creacion, trp_estado) VALUES (66, 66, 66, 94.56, '2017-08-30', 1);
INSERT INTO trabajo_producto (ort_id, pro_id, trp_cantidad, trp_precio, trp_creacion, trp_estado) VALUES (67, 67, 67, 86.83, '2023-12-29', 1);
INSERT INTO trabajo_producto (ort_id, pro_id, trp_cantidad, trp_precio, trp_creacion, trp_estado) VALUES (68, 68, 68, 42.9, '1984-11-12', 0);
INSERT INTO trabajo_producto (ort_id, pro_id, trp_cantidad, trp_precio, trp_creacion, trp_estado) VALUES (69, 69, 69, 67.03, '2005-08-16', 0);
INSERT INTO trabajo_producto (ort_id, pro_id, trp_cantidad, trp_precio, trp_creacion, trp_estado) VALUES (70, 70, 70, 34.89, '1987-03-29', 1);
INSERT INTO trabajo_producto (ort_id, pro_id, trp_cantidad, trp_precio, trp_creacion, trp_estado) VALUES (71, 71, 71, 63.36, '2015-05-18', 0);
INSERT INTO trabajo_producto (ort_id, pro_id, trp_cantidad, trp_precio, trp_creacion, trp_estado) VALUES (72, 72, 72, 3.83, '2011-06-21', 1);
INSERT INTO trabajo_producto (ort_id, pro_id, trp_cantidad, trp_precio, trp_creacion, trp_estado) VALUES (73, 73, 73, 8.31, '1988-09-21', 0);
INSERT INTO trabajo_producto (ort_id, pro_id, trp_cantidad, trp_precio, trp_creacion, trp_estado) VALUES (74, 74, 74, 69.85, '2000-03-25', 0);
INSERT INTO trabajo_producto (ort_id, pro_id, trp_cantidad, trp_precio, trp_creacion, trp_estado) VALUES (75, 75, 75, 84.53, '2021-04-17', 1);
INSERT INTO trabajo_producto (ort_id, pro_id, trp_cantidad, trp_precio, trp_creacion, trp_estado) VALUES (76, 76, 76, 38.26, '2004-08-19', 0);
INSERT INTO trabajo_producto (ort_id, pro_id, trp_cantidad, trp_precio, trp_creacion, trp_estado) VALUES (77, 77, 77, 59.6, '1988-12-12', 0);
INSERT INTO trabajo_producto (ort_id, pro_id, trp_cantidad, trp_precio, trp_creacion, trp_estado) VALUES (78, 78, 78, 31.07, '1996-01-23', 1);
INSERT INTO trabajo_producto (ort_id, pro_id, trp_cantidad, trp_precio, trp_creacion, trp_estado) VALUES (79, 79, 79, 82.15, '2017-09-24', 1);
INSERT INTO trabajo_producto (ort_id, pro_id, trp_cantidad, trp_precio, trp_creacion, trp_estado) VALUES (80, 80, 80, 98.83, '2012-05-29', 1);
INSERT INTO trabajo_producto (ort_id, pro_id, trp_cantidad, trp_precio, trp_creacion, trp_estado) VALUES (81, 81, 81, 92.48, '1983-08-05', 1);
INSERT INTO trabajo_producto (ort_id, pro_id, trp_cantidad, trp_precio, trp_creacion, trp_estado) VALUES (82, 82, 82, 73.55, '2001-07-30', 1);
INSERT INTO trabajo_producto (ort_id, pro_id, trp_cantidad, trp_precio, trp_creacion, trp_estado) VALUES (83, 83, 83, 26.81, '1978-06-17', 1);
INSERT INTO trabajo_producto (ort_id, pro_id, trp_cantidad, trp_precio, trp_creacion, trp_estado) VALUES (84, 84, 84, 27.8, '1979-07-09', 0);
INSERT INTO trabajo_producto (ort_id, pro_id, trp_cantidad, trp_precio, trp_creacion, trp_estado) VALUES (85, 85, 85, 44.9, '1998-07-30', 0);
INSERT INTO trabajo_producto (ort_id, pro_id, trp_cantidad, trp_precio, trp_creacion, trp_estado) VALUES (86, 86, 86, 54.03, '1997-03-23', 1);
INSERT INTO trabajo_producto (ort_id, pro_id, trp_cantidad, trp_precio, trp_creacion, trp_estado) VALUES (87, 87, 87, 58.28, '2014-02-19', 0);
INSERT INTO trabajo_producto (ort_id, pro_id, trp_cantidad, trp_precio, trp_creacion, trp_estado) VALUES (88, 88, 88, 32.43, '2005-10-07', 0);
INSERT INTO trabajo_producto (ort_id, pro_id, trp_cantidad, trp_precio, trp_creacion, trp_estado) VALUES (89, 89, 89, 69.89, '1970-08-27', 1);
INSERT INTO trabajo_producto (ort_id, pro_id, trp_cantidad, trp_precio, trp_creacion, trp_estado) VALUES (90, 90, 90, 22.24, '2016-03-02', 1);
INSERT INTO trabajo_producto (ort_id, pro_id, trp_cantidad, trp_precio, trp_creacion, trp_estado) VALUES (91, 91, 91, 62.75, '2018-11-21', 0);
INSERT INTO trabajo_producto (ort_id, pro_id, trp_cantidad, trp_precio, trp_creacion, trp_estado) VALUES (92, 92, 92, 79.91, '2005-10-09', 1);
INSERT INTO trabajo_producto (ort_id, pro_id, trp_cantidad, trp_precio, trp_creacion, trp_estado) VALUES (93, 93, 93, 51.94, '1972-07-15', 0);
INSERT INTO trabajo_producto (ort_id, pro_id, trp_cantidad, trp_precio, trp_creacion, trp_estado) VALUES (94, 94, 94, 70.17, '2005-12-15', 0);
INSERT INTO trabajo_producto (ort_id, pro_id, trp_cantidad, trp_precio, trp_creacion, trp_estado) VALUES (95, 95, 95, 54.92, '1976-10-29', 0);
INSERT INTO trabajo_producto (ort_id, pro_id, trp_cantidad, trp_precio, trp_creacion, trp_estado) VALUES (96, 96, 96, 90.4, '1986-10-01', 0);
INSERT INTO trabajo_producto (ort_id, pro_id, trp_cantidad, trp_precio, trp_creacion, trp_estado) VALUES (97, 97, 97, 77.07, '2016-12-24', 1);
INSERT INTO trabajo_producto (ort_id, pro_id, trp_cantidad, trp_precio, trp_creacion, trp_estado) VALUES (98, 98, 98, 66.44, '1977-11-24', 0);
INSERT INTO trabajo_producto (ort_id, pro_id, trp_cantidad, trp_precio, trp_creacion, trp_estado) VALUES (99, 99, 99, 36.34, '1970-12-30', 0);
INSERT INTO trabajo_producto (ort_id, pro_id, trp_cantidad, trp_precio, trp_creacion, trp_estado) VALUES (100, 100, 100, 26.85, '1973-03-07', 1);
INSERT INTO trabajo_servicio (ort_id, ser_id, trs_cantidad, trs_precio, trs_creacion, trs_estado) VALUES (1, 1, 1, 84.43, '1972-11-23', 1);
INSERT INTO trabajo_servicio (ort_id, ser_id, trs_cantidad, trs_precio, trs_creacion, trs_estado) VALUES (2, 2, 2, 24.58, '2014-04-07', 1);
INSERT INTO trabajo_servicio (ort_id, ser_id, trs_cantidad, trs_precio, trs_creacion, trs_estado) VALUES (3, 3, 3, 53.59, '1982-08-15', 0);
INSERT INTO trabajo_servicio (ort_id, ser_id, trs_cantidad, trs_precio, trs_creacion, trs_estado) VALUES (4, 4, 4, 20.01, '1975-02-09', 1);
INSERT INTO trabajo_servicio (ort_id, ser_id, trs_cantidad, trs_precio, trs_creacion, trs_estado) VALUES (5, 5, 5, 73.36, '2004-03-24', 1);
INSERT INTO trabajo_servicio (ort_id, ser_id, trs_cantidad, trs_precio, trs_creacion, trs_estado) VALUES (6, 6, 6, 79.53, '1993-04-14', 1);
INSERT INTO trabajo_servicio (ort_id, ser_id, trs_cantidad, trs_precio, trs_creacion, trs_estado) VALUES (7, 7, 7, 34.08, '1989-11-29', 0);
INSERT INTO trabajo_servicio (ort_id, ser_id, trs_cantidad, trs_precio, trs_creacion, trs_estado) VALUES (8, 8, 8, 22.49, '2010-02-26', 0);
INSERT INTO trabajo_servicio (ort_id, ser_id, trs_cantidad, trs_precio, trs_creacion, trs_estado) VALUES (9, 9, 9, 67.51, '1996-06-02', 1);
INSERT INTO trabajo_servicio (ort_id, ser_id, trs_cantidad, trs_precio, trs_creacion, trs_estado) VALUES (10, 10, 10, 80.9, '1975-08-14', 0);
INSERT INTO trabajo_servicio (ort_id, ser_id, trs_cantidad, trs_precio, trs_creacion, trs_estado) VALUES (11, 11, 11, 13.27, '2001-05-20', 0);
INSERT INTO trabajo_servicio (ort_id, ser_id, trs_cantidad, trs_precio, trs_creacion, trs_estado) VALUES (12, 12, 12, 87.25, '2024-06-30', 1);
INSERT INTO trabajo_servicio (ort_id, ser_id, trs_cantidad, trs_precio, trs_creacion, trs_estado) VALUES (13, 13, 13, 3.71, '1982-09-07', 0);
INSERT INTO trabajo_servicio (ort_id, ser_id, trs_cantidad, trs_precio, trs_creacion, trs_estado) VALUES (14, 14, 14, 78.14, '2006-01-05', 0);
INSERT INTO trabajo_servicio (ort_id, ser_id, trs_cantidad, trs_precio, trs_creacion, trs_estado) VALUES (15, 15, 15, 12.48, '1997-07-16', 1);
INSERT INTO trabajo_servicio (ort_id, ser_id, trs_cantidad, trs_precio, trs_creacion, trs_estado) VALUES (16, 16, 16, 36.55, '2009-01-19', 1);
INSERT INTO trabajo_servicio (ort_id, ser_id, trs_cantidad, trs_precio, trs_creacion, trs_estado) VALUES (17, 17, 17, 27.89, '2014-07-05', 1);
INSERT INTO trabajo_servicio (ort_id, ser_id, trs_cantidad, trs_precio, trs_creacion, trs_estado) VALUES (18, 18, 18, 76.18, '2012-11-26', 1);
INSERT INTO trabajo_servicio (ort_id, ser_id, trs_cantidad, trs_precio, trs_creacion, trs_estado) VALUES (19, 19, 19, 79.5, '1991-08-17', 1);
INSERT INTO trabajo_servicio (ort_id, ser_id, trs_cantidad, trs_precio, trs_creacion, trs_estado) VALUES (20, 20, 20, 61.8, '1997-01-12', 0);
INSERT INTO trabajo_servicio (ort_id, ser_id, trs_cantidad, trs_precio, trs_creacion, trs_estado) VALUES (21, 21, 21, 34.44, '2016-03-28', 0);
INSERT INTO trabajo_servicio (ort_id, ser_id, trs_cantidad, trs_precio, trs_creacion, trs_estado) VALUES (22, 22, 22, 62.78, '2020-06-09', 0);
INSERT INTO trabajo_servicio (ort_id, ser_id, trs_cantidad, trs_precio, trs_creacion, trs_estado) VALUES (23, 23, 23, 95.56, '1994-06-09', 0);
INSERT INTO trabajo_servicio (ort_id, ser_id, trs_cantidad, trs_precio, trs_creacion, trs_estado) VALUES (24, 24, 24, 48.92, '2015-11-09', 1);
INSERT INTO trabajo_servicio (ort_id, ser_id, trs_cantidad, trs_precio, trs_creacion, trs_estado) VALUES (25, 25, 25, 70.72, '2008-11-30', 0);
INSERT INTO trabajo_servicio (ort_id, ser_id, trs_cantidad, trs_precio, trs_creacion, trs_estado) VALUES (26, 26, 26, 94.48, '2008-11-22', 0);
INSERT INTO trabajo_servicio (ort_id, ser_id, trs_cantidad, trs_precio, trs_creacion, trs_estado) VALUES (27, 27, 27, 58.54, '2006-08-20', 0);
INSERT INTO trabajo_servicio (ort_id, ser_id, trs_cantidad, trs_precio, trs_creacion, trs_estado) VALUES (28, 28, 28, 81.8, '1971-05-26', 0);
INSERT INTO trabajo_servicio (ort_id, ser_id, trs_cantidad, trs_precio, trs_creacion, trs_estado) VALUES (29, 29, 29, 17.28, '1999-08-04', 0);
INSERT INTO trabajo_servicio (ort_id, ser_id, trs_cantidad, trs_precio, trs_creacion, trs_estado) VALUES (30, 30, 30, 89.22, '1989-12-18', 1);
INSERT INTO trabajo_servicio (ort_id, ser_id, trs_cantidad, trs_precio, trs_creacion, trs_estado) VALUES (31, 31, 31, 73.59, '2020-02-21', 0);
INSERT INTO trabajo_servicio (ort_id, ser_id, trs_cantidad, trs_precio, trs_creacion, trs_estado) VALUES (32, 32, 32, 20.33, '1989-03-11', 1);
INSERT INTO trabajo_servicio (ort_id, ser_id, trs_cantidad, trs_precio, trs_creacion, trs_estado) VALUES (33, 33, 33, 16.22, '1975-05-22', 1);
INSERT INTO trabajo_servicio (ort_id, ser_id, trs_cantidad, trs_precio, trs_creacion, trs_estado) VALUES (34, 34, 34, 44.44, '1998-07-21', 1);
INSERT INTO trabajo_servicio (ort_id, ser_id, trs_cantidad, trs_precio, trs_creacion, trs_estado) VALUES (35, 35, 35, 39.68, '2010-10-31', 1);
INSERT INTO trabajo_servicio (ort_id, ser_id, trs_cantidad, trs_precio, trs_creacion, trs_estado) VALUES (36, 36, 36, 32.13, '2019-12-31', 1);
INSERT INTO trabajo_servicio (ort_id, ser_id, trs_cantidad, trs_precio, trs_creacion, trs_estado) VALUES (37, 37, 37, 48.74, '1988-05-05', 0);
INSERT INTO trabajo_servicio (ort_id, ser_id, trs_cantidad, trs_precio, trs_creacion, trs_estado) VALUES (38, 38, 38, 53.49, '1996-04-26', 1);
INSERT INTO trabajo_servicio (ort_id, ser_id, trs_cantidad, trs_precio, trs_creacion, trs_estado) VALUES (39, 39, 39, 72.02, '1982-01-08', 1);
INSERT INTO trabajo_servicio (ort_id, ser_id, trs_cantidad, trs_precio, trs_creacion, trs_estado) VALUES (40, 40, 40, 93.1, '1989-12-27', 1);
INSERT INTO trabajo_servicio (ort_id, ser_id, trs_cantidad, trs_precio, trs_creacion, trs_estado) VALUES (41, 41, 41, 14.53, '2022-10-04', 0);
INSERT INTO trabajo_servicio (ort_id, ser_id, trs_cantidad, trs_precio, trs_creacion, trs_estado) VALUES (42, 42, 42, 67.97, '1997-01-28', 0);
INSERT INTO trabajo_servicio (ort_id, ser_id, trs_cantidad, trs_precio, trs_creacion, trs_estado) VALUES (43, 43, 43, 81.3, '1997-09-19', 0);
INSERT INTO trabajo_servicio (ort_id, ser_id, trs_cantidad, trs_precio, trs_creacion, trs_estado) VALUES (44, 44, 44, 17.46, '2001-05-08', 1);
INSERT INTO trabajo_servicio (ort_id, ser_id, trs_cantidad, trs_precio, trs_creacion, trs_estado) VALUES (45, 45, 45, 52.49, '2014-11-11', 0);
INSERT INTO trabajo_servicio (ort_id, ser_id, trs_cantidad, trs_precio, trs_creacion, trs_estado) VALUES (46, 46, 46, 68.31, '2017-06-17', 1);
INSERT INTO trabajo_servicio (ort_id, ser_id, trs_cantidad, trs_precio, trs_creacion, trs_estado) VALUES (47, 47, 47, 51.24, '2017-05-01', 0);
INSERT INTO trabajo_servicio (ort_id, ser_id, trs_cantidad, trs_precio, trs_creacion, trs_estado) VALUES (48, 48, 48, 27.7, '2019-05-09', 1);
INSERT INTO trabajo_servicio (ort_id, ser_id, trs_cantidad, trs_precio, trs_creacion, trs_estado) VALUES (49, 49, 49, 12.38, '1988-06-30', 1);
INSERT INTO trabajo_servicio (ort_id, ser_id, trs_cantidad, trs_precio, trs_creacion, trs_estado) VALUES (50, 50, 50, 72.6, '2013-06-05', 0);
INSERT INTO trabajo_servicio (ort_id, ser_id, trs_cantidad, trs_precio, trs_creacion, trs_estado) VALUES (51, 51, 51, 96.56, '2019-12-12', 0);
INSERT INTO trabajo_servicio (ort_id, ser_id, trs_cantidad, trs_precio, trs_creacion, trs_estado) VALUES (52, 52, 52, 29.35, '2021-01-26', 0);
INSERT INTO trabajo_servicio (ort_id, ser_id, trs_cantidad, trs_precio, trs_creacion, trs_estado) VALUES (53, 53, 53, 88.38, '1986-01-11', 1);
INSERT INTO trabajo_servicio (ort_id, ser_id, trs_cantidad, trs_precio, trs_creacion, trs_estado) VALUES (54, 54, 54, 84.33, '2006-11-06', 0);
INSERT INTO trabajo_servicio (ort_id, ser_id, trs_cantidad, trs_precio, trs_creacion, trs_estado) VALUES (55, 55, 55, 37.74, '1986-12-30', 1);
INSERT INTO trabajo_servicio (ort_id, ser_id, trs_cantidad, trs_precio, trs_creacion, trs_estado) VALUES (56, 56, 56, 11.51, '1986-11-29', 1);
INSERT INTO trabajo_servicio (ort_id, ser_id, trs_cantidad, trs_precio, trs_creacion, trs_estado) VALUES (57, 57, 57, 86.75, '1980-04-14', 0);
INSERT INTO trabajo_servicio (ort_id, ser_id, trs_cantidad, trs_precio, trs_creacion, trs_estado) VALUES (58, 58, 58, 87.75, '2001-12-16', 0);
INSERT INTO trabajo_servicio (ort_id, ser_id, trs_cantidad, trs_precio, trs_creacion, trs_estado) VALUES (59, 59, 59, 82.04, '2005-04-24', 1);
INSERT INTO trabajo_servicio (ort_id, ser_id, trs_cantidad, trs_precio, trs_creacion, trs_estado) VALUES (60, 60, 60, 79.86, '2017-06-01', 0);
INSERT INTO trabajo_servicio (ort_id, ser_id, trs_cantidad, trs_precio, trs_creacion, trs_estado) VALUES (61, 61, 61, 34.02, '1993-01-20', 1);
INSERT INTO trabajo_servicio (ort_id, ser_id, trs_cantidad, trs_precio, trs_creacion, trs_estado) VALUES (62, 62, 62, 50.21, '1980-09-15', 0);
INSERT INTO trabajo_servicio (ort_id, ser_id, trs_cantidad, trs_precio, trs_creacion, trs_estado) VALUES (63, 63, 63, 46.49, '2006-06-21', 1);
INSERT INTO trabajo_servicio (ort_id, ser_id, trs_cantidad, trs_precio, trs_creacion, trs_estado) VALUES (64, 64, 64, 12.0, '2021-04-24', 1);
INSERT INTO trabajo_servicio (ort_id, ser_id, trs_cantidad, trs_precio, trs_creacion, trs_estado) VALUES (65, 65, 65, 4.07, '2011-05-18', 0);
INSERT INTO trabajo_servicio (ort_id, ser_id, trs_cantidad, trs_precio, trs_creacion, trs_estado) VALUES (66, 66, 66, 46.64, '1987-08-02', 0);
INSERT INTO trabajo_servicio (ort_id, ser_id, trs_cantidad, trs_precio, trs_creacion, trs_estado) VALUES (67, 67, 67, 96.5, '1996-10-16', 0);
INSERT INTO trabajo_servicio (ort_id, ser_id, trs_cantidad, trs_precio, trs_creacion, trs_estado) VALUES (68, 68, 68, 53.98, '1978-10-01', 1);
INSERT INTO trabajo_servicio (ort_id, ser_id, trs_cantidad, trs_precio, trs_creacion, trs_estado) VALUES (69, 69, 69, 20.1, '2018-06-09', 0);
INSERT INTO trabajo_servicio (ort_id, ser_id, trs_cantidad, trs_precio, trs_creacion, trs_estado) VALUES (70, 70, 70, 65.09, '2015-11-07', 0);
INSERT INTO trabajo_servicio (ort_id, ser_id, trs_cantidad, trs_precio, trs_creacion, trs_estado) VALUES (71, 71, 71, 40.1, '2012-09-18', 0);
INSERT INTO trabajo_servicio (ort_id, ser_id, trs_cantidad, trs_precio, trs_creacion, trs_estado) VALUES (72, 72, 72, 88.96, '2016-12-18', 0);
INSERT INTO trabajo_servicio (ort_id, ser_id, trs_cantidad, trs_precio, trs_creacion, trs_estado) VALUES (73, 73, 73, 96.34, '2002-12-22', 0);
INSERT INTO trabajo_servicio (ort_id, ser_id, trs_cantidad, trs_precio, trs_creacion, trs_estado) VALUES (74, 74, 74, 30.98, '2007-05-21', 0);
INSERT INTO trabajo_servicio (ort_id, ser_id, trs_cantidad, trs_precio, trs_creacion, trs_estado) VALUES (75, 75, 75, 47.94, '1997-02-05', 0);
INSERT INTO trabajo_servicio (ort_id, ser_id, trs_cantidad, trs_precio, trs_creacion, trs_estado) VALUES (76, 76, 76, 71.81, '1989-09-16', 1);
INSERT INTO trabajo_servicio (ort_id, ser_id, trs_cantidad, trs_precio, trs_creacion, trs_estado) VALUES (77, 77, 77, 99.82, '1970-02-01', 0);
INSERT INTO trabajo_servicio (ort_id, ser_id, trs_cantidad, trs_precio, trs_creacion, trs_estado) VALUES (78, 78, 78, 99.21, '1978-08-31', 0);
INSERT INTO trabajo_servicio (ort_id, ser_id, trs_cantidad, trs_precio, trs_creacion, trs_estado) VALUES (79, 79, 79, 4.22, '1971-07-27', 0);
INSERT INTO trabajo_servicio (ort_id, ser_id, trs_cantidad, trs_precio, trs_creacion, trs_estado) VALUES (80, 80, 80, 31.23, '1993-10-16', 1);
INSERT INTO trabajo_servicio (ort_id, ser_id, trs_cantidad, trs_precio, trs_creacion, trs_estado) VALUES (81, 81, 81, 86.11, '1981-09-29', 1);
INSERT INTO trabajo_servicio (ort_id, ser_id, trs_cantidad, trs_precio, trs_creacion, trs_estado) VALUES (82, 82, 82, 82.09, '1979-03-16', 1);
INSERT INTO trabajo_servicio (ort_id, ser_id, trs_cantidad, trs_precio, trs_creacion, trs_estado) VALUES (83, 83, 83, 55.14, '2011-01-12', 0);
INSERT INTO trabajo_servicio (ort_id, ser_id, trs_cantidad, trs_precio, trs_creacion, trs_estado) VALUES (84, 84, 84, 25.82, '2001-02-17', 1);
INSERT INTO trabajo_servicio (ort_id, ser_id, trs_cantidad, trs_precio, trs_creacion, trs_estado) VALUES (85, 85, 85, 76.07, '1980-01-29', 0);
INSERT INTO trabajo_servicio (ort_id, ser_id, trs_cantidad, trs_precio, trs_creacion, trs_estado) VALUES (86, 86, 86, 61.2, '2009-03-31', 0);
INSERT INTO trabajo_servicio (ort_id, ser_id, trs_cantidad, trs_precio, trs_creacion, trs_estado) VALUES (87, 87, 87, 97.91, '2007-06-08', 1);
INSERT INTO trabajo_servicio (ort_id, ser_id, trs_cantidad, trs_precio, trs_creacion, trs_estado) VALUES (88, 88, 88, 27.28, '2018-05-20', 0);
INSERT INTO trabajo_servicio (ort_id, ser_id, trs_cantidad, trs_precio, trs_creacion, trs_estado) VALUES (89, 89, 89, 28.37, '1997-04-19', 0);
INSERT INTO trabajo_servicio (ort_id, ser_id, trs_cantidad, trs_precio, trs_creacion, trs_estado) VALUES (90, 90, 90, 27.53, '1992-11-07', 1);
INSERT INTO trabajo_servicio (ort_id, ser_id, trs_cantidad, trs_precio, trs_creacion, trs_estado) VALUES (91, 91, 91, 14.01, '1992-01-10', 0);
INSERT INTO trabajo_servicio (ort_id, ser_id, trs_cantidad, trs_precio, trs_creacion, trs_estado) VALUES (92, 92, 92, 67.93, '1982-11-16', 1);
INSERT INTO trabajo_servicio (ort_id, ser_id, trs_cantidad, trs_precio, trs_creacion, trs_estado) VALUES (93, 93, 93, 25.41, '1986-10-22', 0);
INSERT INTO trabajo_servicio (ort_id, ser_id, trs_cantidad, trs_precio, trs_creacion, trs_estado) VALUES (94, 94, 94, 72.76, '2010-07-22', 0);
INSERT INTO trabajo_servicio (ort_id, ser_id, trs_cantidad, trs_precio, trs_creacion, trs_estado) VALUES (95, 95, 95, 70.07, '1972-07-12', 0);
INSERT INTO trabajo_servicio (ort_id, ser_id, trs_cantidad, trs_precio, trs_creacion, trs_estado) VALUES (96, 96, 96, 16.37, '2010-09-19', 0);
INSERT INTO trabajo_servicio (ort_id, ser_id, trs_cantidad, trs_precio, trs_creacion, trs_estado) VALUES (97, 97, 97, 27.28, '1996-04-18', 0);
INSERT INTO trabajo_servicio (ort_id, ser_id, trs_cantidad, trs_precio, trs_creacion, trs_estado) VALUES (98, 98, 98, 40.29, '2021-05-13', 1);
INSERT INTO trabajo_servicio (ort_id, ser_id, trs_cantidad, trs_precio, trs_creacion, trs_estado) VALUES (99, 99, 99, 80.53, '2020-05-28', 0);
INSERT INTO trabajo_servicio (ort_id, ser_id, trs_cantidad, trs_precio, trs_creacion, trs_estado) VALUES (100, 100, 100, 69.33, '2019-09-06', 0);
INSERT INTO vehiculo (veh_id, veh_modelo, veh_marca, veh_ano) VALUES (1, 'determine', 'way', 59);
INSERT INTO vehiculo (veh_id, veh_modelo, veh_marca, veh_ano) VALUES (2, 'commercial', 'professional', 45);
INSERT INTO vehiculo (veh_id, veh_modelo, veh_marca, veh_ano) VALUES (3, 'rich', 'certainly', 25);
INSERT INTO vehiculo (veh_id, veh_modelo, veh_marca, veh_ano) VALUES (4, 'deep', 'accept', 9);
INSERT INTO vehiculo (veh_id, veh_modelo, veh_marca, veh_ano) VALUES (5, 'politics', 'mention', 7);
INSERT INTO vehiculo (veh_id, veh_modelo, veh_marca, veh_ano) VALUES (6, 'consumer', 'get', 45);
INSERT INTO vehiculo (veh_id, veh_modelo, veh_marca, veh_ano) VALUES (7, 'model', 'approach', 65);
INSERT INTO vehiculo (veh_id, veh_modelo, veh_marca, veh_ano) VALUES (8, 'seven', 'garden', 12);
INSERT INTO vehiculo (veh_id, veh_modelo, veh_marca, veh_ano) VALUES (9, 'new', 'one', 57);
INSERT INTO vehiculo (veh_id, veh_modelo, veh_marca, veh_ano) VALUES (10, 'analysis', 'run', 64);
INSERT INTO vehiculo (veh_id, veh_modelo, veh_marca, veh_ano) VALUES (11, 'commercial', 'realize', 18);
INSERT INTO vehiculo (veh_id, veh_modelo, veh_marca, veh_ano) VALUES (12, 'include', 'resource', 81);
INSERT INTO vehiculo (veh_id, veh_modelo, veh_marca, veh_ano) VALUES (13, 'low', 'street', 10);
INSERT INTO vehiculo (veh_id, veh_modelo, veh_marca, veh_ano) VALUES (14, 'place', 'again', 11);
INSERT INTO vehiculo (veh_id, veh_modelo, veh_marca, veh_ano) VALUES (15, 'discover', 'truth', 83);
INSERT INTO vehiculo (veh_id, veh_modelo, veh_marca, veh_ano) VALUES (16, 'exactly', 'space', 23);
INSERT INTO vehiculo (veh_id, veh_modelo, veh_marca, veh_ano) VALUES (17, 'difficult', 'value', 100);
INSERT INTO vehiculo (veh_id, veh_modelo, veh_marca, veh_ano) VALUES (18, 'scientist', 'drug', 100);
INSERT INTO vehiculo (veh_id, veh_modelo, veh_marca, veh_ano) VALUES (19, 'wrong', 'sometimes', 96);
INSERT INTO vehiculo (veh_id, veh_modelo, veh_marca, veh_ano) VALUES (20, 'religious', 'no', 50);
INSERT INTO vehiculo (veh_id, veh_modelo, veh_marca, veh_ano) VALUES (21, 'measure', 'economic', 28);
INSERT INTO vehiculo (veh_id, veh_modelo, veh_marca, veh_ano) VALUES (22, 'price', 'charge', 97);
INSERT INTO vehiculo (veh_id, veh_modelo, veh_marca, veh_ano) VALUES (23, 'wait', 'you', 31);
INSERT INTO vehiculo (veh_id, veh_modelo, veh_marca, veh_ano) VALUES (24, 'eight', 'early', 96);
INSERT INTO vehiculo (veh_id, veh_modelo, veh_marca, veh_ano) VALUES (25, 'shoulder', 'specific', 33);
INSERT INTO vehiculo (veh_id, veh_modelo, veh_marca, veh_ano) VALUES (26, 'material', 'expect', 85);
INSERT INTO vehiculo (veh_id, veh_modelo, veh_marca, veh_ano) VALUES (27, 'cover', 'thousand', 84);
INSERT INTO vehiculo (veh_id, veh_modelo, veh_marca, veh_ano) VALUES (28, 'positive', 'huge', 92);
INSERT INTO vehiculo (veh_id, veh_modelo, veh_marca, veh_ano) VALUES (29, 'including', 'office', 21);
INSERT INTO vehiculo (veh_id, veh_modelo, veh_marca, veh_ano) VALUES (30, 'include', 'appear', 82);
INSERT INTO vehiculo (veh_id, veh_modelo, veh_marca, veh_ano) VALUES (31, 'red', 'type', 79);
INSERT INTO vehiculo (veh_id, veh_modelo, veh_marca, veh_ano) VALUES (32, 'once', 'describe', 90);
INSERT INTO vehiculo (veh_id, veh_modelo, veh_marca, veh_ano) VALUES (33, 'myself', 'later', 79);
INSERT INTO vehiculo (veh_id, veh_modelo, veh_marca, veh_ano) VALUES (34, 'page', 'pick', 43);
INSERT INTO vehiculo (veh_id, veh_modelo, veh_marca, veh_ano) VALUES (35, 'defense', 'thus', 95);
INSERT INTO vehiculo (veh_id, veh_modelo, veh_marca, veh_ano) VALUES (36, 'his', 'such', 89);
INSERT INTO vehiculo (veh_id, veh_modelo, veh_marca, veh_ano) VALUES (37, 'marriage', 'good', 2);
INSERT INTO vehiculo (veh_id, veh_modelo, veh_marca, veh_ano) VALUES (38, 'wait', 'light', 68);
INSERT INTO vehiculo (veh_id, veh_modelo, veh_marca, veh_ano) VALUES (39, 'side', 'audience', 51);
INSERT INTO vehiculo (veh_id, veh_modelo, veh_marca, veh_ano) VALUES (40, 'accept', 'lot', 75);
INSERT INTO vehiculo (veh_id, veh_modelo, veh_marca, veh_ano) VALUES (41, 'fund', 'drug', 7);
INSERT INTO vehiculo (veh_id, veh_modelo, veh_marca, veh_ano) VALUES (42, 'threat', 'same', 19);
INSERT INTO vehiculo (veh_id, veh_modelo, veh_marca, veh_ano) VALUES (43, 'natural', 'wide', 29);
INSERT INTO vehiculo (veh_id, veh_modelo, veh_marca, veh_ano) VALUES (44, 'voice', 'civil', 5);
INSERT INTO vehiculo (veh_id, veh_modelo, veh_marca, veh_ano) VALUES (45, 'arm', 'nice', 33);
INSERT INTO vehiculo (veh_id, veh_modelo, veh_marca, veh_ano) VALUES (46, 'discuss', 'more', 81);
INSERT INTO vehiculo (veh_id, veh_modelo, veh_marca, veh_ano) VALUES (47, 'administration', 'current', 78);
INSERT INTO vehiculo (veh_id, veh_modelo, veh_marca, veh_ano) VALUES (48, 'plant', 'season', 64);
INSERT INTO vehiculo (veh_id, veh_modelo, veh_marca, veh_ano) VALUES (49, 'listen', 'too', 42);
INSERT INTO vehiculo (veh_id, veh_modelo, veh_marca, veh_ano) VALUES (50, 'simple', 'sing', 91);
INSERT INTO vehiculo (veh_id, veh_modelo, veh_marca, veh_ano) VALUES (51, 'brother', 'career', 7);
INSERT INTO vehiculo (veh_id, veh_modelo, veh_marca, veh_ano) VALUES (52, 'TV', 'provide', 35);
INSERT INTO vehiculo (veh_id, veh_modelo, veh_marca, veh_ano) VALUES (53, 'time', 'commercial', 82);
INSERT INTO vehiculo (veh_id, veh_modelo, veh_marca, veh_ano) VALUES (54, 'require', 'she', 12);
INSERT INTO vehiculo (veh_id, veh_modelo, veh_marca, veh_ano) VALUES (55, 'back', 'case', 61);
INSERT INTO vehiculo (veh_id, veh_modelo, veh_marca, veh_ano) VALUES (56, 'fear', 'ok', 44);
INSERT INTO vehiculo (veh_id, veh_modelo, veh_marca, veh_ano) VALUES (57, 'return', 'probably', 71);
INSERT INTO vehiculo (veh_id, veh_modelo, veh_marca, veh_ano) VALUES (58, 'film', 'color', 19);
INSERT INTO vehiculo (veh_id, veh_modelo, veh_marca, veh_ano) VALUES (59, 'wind', 'well', 25);
INSERT INTO vehiculo (veh_id, veh_modelo, veh_marca, veh_ano) VALUES (60, 'positive', 'case', 65);
INSERT INTO vehiculo (veh_id, veh_modelo, veh_marca, veh_ano) VALUES (61, 'scene', 'would', 1);
INSERT INTO vehiculo (veh_id, veh_modelo, veh_marca, veh_ano) VALUES (62, 'trip', 'yet', 85);
INSERT INTO vehiculo (veh_id, veh_modelo, veh_marca, veh_ano) VALUES (63, 'strategy', 'feeling', 59);
INSERT INTO vehiculo (veh_id, veh_modelo, veh_marca, veh_ano) VALUES (64, 'laugh', 'product', 45);
INSERT INTO vehiculo (veh_id, veh_modelo, veh_marca, veh_ano) VALUES (65, 'thing', 'born', 38);
INSERT INTO vehiculo (veh_id, veh_modelo, veh_marca, veh_ano) VALUES (66, 'process', 'free', 51);
INSERT INTO vehiculo (veh_id, veh_modelo, veh_marca, veh_ano) VALUES (67, 'fish', 'increase', 55);
INSERT INTO vehiculo (veh_id, veh_modelo, veh_marca, veh_ano) VALUES (68, 'she', 'weight', 40);
INSERT INTO vehiculo (veh_id, veh_modelo, veh_marca, veh_ano) VALUES (69, 'article', 'fast', 55);
INSERT INTO vehiculo (veh_id, veh_modelo, veh_marca, veh_ano) VALUES (70, 'campaign', 'seat', 84);
INSERT INTO vehiculo (veh_id, veh_modelo, veh_marca, veh_ano) VALUES (71, 'part', 'bar', 83);
INSERT INTO vehiculo (veh_id, veh_modelo, veh_marca, veh_ano) VALUES (72, 'beyond', 'thus', 40);
INSERT INTO vehiculo (veh_id, veh_modelo, veh_marca, veh_ano) VALUES (73, 'wall', 'have', 11);
INSERT INTO vehiculo (veh_id, veh_modelo, veh_marca, veh_ano) VALUES (74, 'author', 'him', 89);
INSERT INTO vehiculo (veh_id, veh_modelo, veh_marca, veh_ano) VALUES (75, 'about', 'his', 58);
INSERT INTO vehiculo (veh_id, veh_modelo, veh_marca, veh_ano) VALUES (76, 'task', 'position', 34);
INSERT INTO vehiculo (veh_id, veh_modelo, veh_marca, veh_ano) VALUES (77, 'report', 'lead', 35);
INSERT INTO vehiculo (veh_id, veh_modelo, veh_marca, veh_ano) VALUES (78, 'attention', 'north', 49);
INSERT INTO vehiculo (veh_id, veh_modelo, veh_marca, veh_ano) VALUES (79, 'be', 'win', 1);
INSERT INTO vehiculo (veh_id, veh_modelo, veh_marca, veh_ano) VALUES (80, 'state', 'sense', 38);
INSERT INTO vehiculo (veh_id, veh_modelo, veh_marca, veh_ano) VALUES (81, 'be', 'training', 35);
INSERT INTO vehiculo (veh_id, veh_modelo, veh_marca, veh_ano) VALUES (82, 'involve', 'service', 90);
INSERT INTO vehiculo (veh_id, veh_modelo, veh_marca, veh_ano) VALUES (83, 'save', 'push', 96);
INSERT INTO vehiculo (veh_id, veh_modelo, veh_marca, veh_ano) VALUES (84, 'market', 'challenge', 94);
INSERT INTO vehiculo (veh_id, veh_modelo, veh_marca, veh_ano) VALUES (85, 'idea', 'thing', 86);
INSERT INTO vehiculo (veh_id, veh_modelo, veh_marca, veh_ano) VALUES (86, 'rise', 'lose', 6);
INSERT INTO vehiculo (veh_id, veh_modelo, veh_marca, veh_ano) VALUES (87, 'rest', 'water', 4);
INSERT INTO vehiculo (veh_id, veh_modelo, veh_marca, veh_ano) VALUES (88, 'land', 'court', 42);
INSERT INTO vehiculo (veh_id, veh_modelo, veh_marca, veh_ano) VALUES (89, 'strategy', 'partner', 22);
INSERT INTO vehiculo (veh_id, veh_modelo, veh_marca, veh_ano) VALUES (90, 'perhaps', 'subject', 83);
INSERT INTO vehiculo (veh_id, veh_modelo, veh_marca, veh_ano) VALUES (91, 'often', 'especially', 74);
INSERT INTO vehiculo (veh_id, veh_modelo, veh_marca, veh_ano) VALUES (92, 'ready', 'effort', 63);
INSERT INTO vehiculo (veh_id, veh_modelo, veh_marca, veh_ano) VALUES (93, 'these', 'arrive', 92);
INSERT INTO vehiculo (veh_id, veh_modelo, veh_marca, veh_ano) VALUES (94, 'you', 'camera', 23);
INSERT INTO vehiculo (veh_id, veh_modelo, veh_marca, veh_ano) VALUES (95, 'others', 'gun', 40);
INSERT INTO vehiculo (veh_id, veh_modelo, veh_marca, veh_ano) VALUES (96, 'know', 'chair', 85);
INSERT INTO vehiculo (veh_id, veh_modelo, veh_marca, veh_ano) VALUES (97, 'manage', 'land', 41);
INSERT INTO vehiculo (veh_id, veh_modelo, veh_marca, veh_ano) VALUES (98, 'determine', 'through', 3);
INSERT INTO vehiculo (veh_id, veh_modelo, veh_marca, veh_ano) VALUES (99, 'its', 'fear', 34);
INSERT INTO vehiculo (veh_id, veh_modelo, veh_marca, veh_ano) VALUES (100, 'each', 'manage', 6);
INSERT INTO campania (cam_id, cam_nombre, cam_inicio, cam_fin, cam_tipo, cam_presupuesto) VALUES (1, 'space', '1987-04-09', '1991-10-30', 'break', 81.17);
INSERT INTO campania (cam_id, cam_nombre, cam_inicio, cam_fin, cam_tipo, cam_presupuesto) VALUES (2, 'enough', '1986-10-14', '2006-05-15', 'music', 70.85);
INSERT INTO campania (cam_id, cam_nombre, cam_inicio, cam_fin, cam_tipo, cam_presupuesto) VALUES (3, 'movie', '2002-07-25', '2001-08-29', 'clear', 15.72);
INSERT INTO campania (cam_id, cam_nombre, cam_inicio, cam_fin, cam_tipo, cam_presupuesto) VALUES (4, 'report', '2003-10-06', '1998-05-13', 'yourself', 96.58);
INSERT INTO campania (cam_id, cam_nombre, cam_inicio, cam_fin, cam_tipo, cam_presupuesto) VALUES (5, 'option', '1976-07-07', '1975-03-08', 'matter', 94.74);
INSERT INTO campania (cam_id, cam_nombre, cam_inicio, cam_fin, cam_tipo, cam_presupuesto) VALUES (6, 'beautiful', '1971-12-03', '1985-02-28', 'oil', 92.7);
INSERT INTO campania (cam_id, cam_nombre, cam_inicio, cam_fin, cam_tipo, cam_presupuesto) VALUES (7, 'me', '1980-08-06', '1988-08-03', 'reality', 17.32);
INSERT INTO campania (cam_id, cam_nombre, cam_inicio, cam_fin, cam_tipo, cam_presupuesto) VALUES (8, 'explain', '2012-08-03', '1997-10-24', 'size', 84.07);
INSERT INTO campania (cam_id, cam_nombre, cam_inicio, cam_fin, cam_tipo, cam_presupuesto) VALUES (9, 'truth', '2007-06-14', '1979-08-17', 'similar', 51.84);
INSERT INTO campania (cam_id, cam_nombre, cam_inicio, cam_fin, cam_tipo, cam_presupuesto) VALUES (10, 'pretty', '2001-05-30', '1974-11-07', 'television', 59.73);
INSERT INTO campania (cam_id, cam_nombre, cam_inicio, cam_fin, cam_tipo, cam_presupuesto) VALUES (11, 'that', '2000-08-01', '1980-03-25', 'suddenly', 87.29);
INSERT INTO campania (cam_id, cam_nombre, cam_inicio, cam_fin, cam_tipo, cam_presupuesto) VALUES (12, 'treatment', '1979-05-02', '2008-10-15', 'sign', 35.03);
INSERT INTO campania (cam_id, cam_nombre, cam_inicio, cam_fin, cam_tipo, cam_presupuesto) VALUES (13, 'full', '1974-04-21', '2010-01-14', 'add', 59.7);
INSERT INTO campania (cam_id, cam_nombre, cam_inicio, cam_fin, cam_tipo, cam_presupuesto) VALUES (14, 'option', '2019-02-02', '1986-01-30', 'per', 45.51);
INSERT INTO campania (cam_id, cam_nombre, cam_inicio, cam_fin, cam_tipo, cam_presupuesto) VALUES (15, 'believe', '1976-10-21', '2007-09-06', 'hold', 2.4);
INSERT INTO campania (cam_id, cam_nombre, cam_inicio, cam_fin, cam_tipo, cam_presupuesto) VALUES (16, 'management', '1978-06-01', '1991-06-29', 'then', 23.78);
INSERT INTO campania (cam_id, cam_nombre, cam_inicio, cam_fin, cam_tipo, cam_presupuesto) VALUES (17, 'again', '1978-03-21', '2012-05-15', 'impact', 51.21);
INSERT INTO campania (cam_id, cam_nombre, cam_inicio, cam_fin, cam_tipo, cam_presupuesto) VALUES (18, 'green', '2023-03-14', '1980-06-21', 'gas', 99.61);
INSERT INTO campania (cam_id, cam_nombre, cam_inicio, cam_fin, cam_tipo, cam_presupuesto) VALUES (19, 'family', '2009-10-09', '1972-11-26', 'later', 11.51);
INSERT INTO campania (cam_id, cam_nombre, cam_inicio, cam_fin, cam_tipo, cam_presupuesto) VALUES (20, 'data', '1983-10-05', '2014-05-11', 'when', 29.8);
INSERT INTO campania (cam_id, cam_nombre, cam_inicio, cam_fin, cam_tipo, cam_presupuesto) VALUES (21, 'threat', '2012-05-06', '2018-02-24', 'own', 40.14);
INSERT INTO campania (cam_id, cam_nombre, cam_inicio, cam_fin, cam_tipo, cam_presupuesto) VALUES (22, 'music', '1971-01-01', '2011-05-13', 'power', 87.7);
INSERT INTO campania (cam_id, cam_nombre, cam_inicio, cam_fin, cam_tipo, cam_presupuesto) VALUES (23, 'kind', '2017-05-30', '1989-12-20', 'skill', 86.21);
INSERT INTO campania (cam_id, cam_nombre, cam_inicio, cam_fin, cam_tipo, cam_presupuesto) VALUES (24, 'official', '2010-02-24', '1997-07-27', 'organization', 6.33);
INSERT INTO campania (cam_id, cam_nombre, cam_inicio, cam_fin, cam_tipo, cam_presupuesto) VALUES (25, 'entire', '1974-11-16', '2022-06-30', 'while', 93.23);
INSERT INTO campania (cam_id, cam_nombre, cam_inicio, cam_fin, cam_tipo, cam_presupuesto) VALUES (26, 'employee', '1993-07-10', '1996-10-20', 'age', 54.97);
INSERT INTO campania (cam_id, cam_nombre, cam_inicio, cam_fin, cam_tipo, cam_presupuesto) VALUES (27, 'city', '1982-06-11', '2006-04-15', 'federal', 5.36);
INSERT INTO campania (cam_id, cam_nombre, cam_inicio, cam_fin, cam_tipo, cam_presupuesto) VALUES (28, 'truth', '1995-10-21', '1987-10-05', 'dinner', 73.13);
INSERT INTO campania (cam_id, cam_nombre, cam_inicio, cam_fin, cam_tipo, cam_presupuesto) VALUES (29, 'bring', '2024-04-23', '1980-01-29', 'amount', 69.71);
INSERT INTO campania (cam_id, cam_nombre, cam_inicio, cam_fin, cam_tipo, cam_presupuesto) VALUES (30, 'property', '1992-10-26', '2017-09-15', 'sense', 18.69);
INSERT INTO campania (cam_id, cam_nombre, cam_inicio, cam_fin, cam_tipo, cam_presupuesto) VALUES (31, 'game', '1982-01-10', '1970-03-22', 'authority', 79.37);
INSERT INTO campania (cam_id, cam_nombre, cam_inicio, cam_fin, cam_tipo, cam_presupuesto) VALUES (32, 'significant', '2022-06-19', '2015-07-16', 'work', 41.68);
INSERT INTO campania (cam_id, cam_nombre, cam_inicio, cam_fin, cam_tipo, cam_presupuesto) VALUES (33, 'base', '1983-08-05', '1982-05-04', 'arm', 11.92);
INSERT INTO campania (cam_id, cam_nombre, cam_inicio, cam_fin, cam_tipo, cam_presupuesto) VALUES (34, 'war', '1997-07-07', '1975-10-17', 'guy', 11.54);
INSERT INTO campania (cam_id, cam_nombre, cam_inicio, cam_fin, cam_tipo, cam_presupuesto) VALUES (35, 'hospital', '1985-08-13', '2000-03-23', 'finish', 42.16);
INSERT INTO campania (cam_id, cam_nombre, cam_inicio, cam_fin, cam_tipo, cam_presupuesto) VALUES (36, 'wind', '2011-04-22', '1976-06-20', 'test', 8.43);
INSERT INTO campania (cam_id, cam_nombre, cam_inicio, cam_fin, cam_tipo, cam_presupuesto) VALUES (37, 'difference', '1974-06-13', '1982-03-21', 'ground', 22.26);
INSERT INTO campania (cam_id, cam_nombre, cam_inicio, cam_fin, cam_tipo, cam_presupuesto) VALUES (38, 'police', '1995-02-09', '1981-05-16', 'shoulder', 11.75);
INSERT INTO campania (cam_id, cam_nombre, cam_inicio, cam_fin, cam_tipo, cam_presupuesto) VALUES (39, 'enjoy', '1971-09-04', '1986-05-07', 'right', 35.24);
INSERT INTO campania (cam_id, cam_nombre, cam_inicio, cam_fin, cam_tipo, cam_presupuesto) VALUES (40, 'worker', '1974-05-21', '1984-03-12', 'because', 3.51);
INSERT INTO campania (cam_id, cam_nombre, cam_inicio, cam_fin, cam_tipo, cam_presupuesto) VALUES (41, 'power', '1991-08-07', '1980-10-20', 'design', 75.42);
INSERT INTO campania (cam_id, cam_nombre, cam_inicio, cam_fin, cam_tipo, cam_presupuesto) VALUES (42, 'pick', '1987-10-17', '2009-01-06', 'thing', 57.93);
INSERT INTO campania (cam_id, cam_nombre, cam_inicio, cam_fin, cam_tipo, cam_presupuesto) VALUES (43, 'me', '2018-12-09', '1995-11-06', 'final', 84.79);
INSERT INTO campania (cam_id, cam_nombre, cam_inicio, cam_fin, cam_tipo, cam_presupuesto) VALUES (44, 'hear', '1976-02-20', '2019-06-03', 'consumer', 2.98);
INSERT INTO campania (cam_id, cam_nombre, cam_inicio, cam_fin, cam_tipo, cam_presupuesto) VALUES (45, 'ok', '1997-02-07', '1992-08-11', 'plant', 17.0);
INSERT INTO campania (cam_id, cam_nombre, cam_inicio, cam_fin, cam_tipo, cam_presupuesto) VALUES (46, 'dog', '2011-02-04', '2011-10-11', 'left', 16.11);
INSERT INTO campania (cam_id, cam_nombre, cam_inicio, cam_fin, cam_tipo, cam_presupuesto) VALUES (47, 'old', '2001-02-11', '1981-10-10', 'manager', 20.34);
INSERT INTO campania (cam_id, cam_nombre, cam_inicio, cam_fin, cam_tipo, cam_presupuesto) VALUES (48, 'final', '2015-10-27', '1978-06-21', 'why', 66.5);
INSERT INTO campania (cam_id, cam_nombre, cam_inicio, cam_fin, cam_tipo, cam_presupuesto) VALUES (49, 'trip', '1990-12-12', '2000-01-11', 'activity', 26.4);
INSERT INTO campania (cam_id, cam_nombre, cam_inicio, cam_fin, cam_tipo, cam_presupuesto) VALUES (50, 'model', '2001-07-01', '2005-02-06', 'mention', 64.66);
INSERT INTO campania (cam_id, cam_nombre, cam_inicio, cam_fin, cam_tipo, cam_presupuesto) VALUES (51, 'ten', '1970-07-29', '1985-06-21', 'concern', 84.52);
INSERT INTO campania (cam_id, cam_nombre, cam_inicio, cam_fin, cam_tipo, cam_presupuesto) VALUES (52, 'just', '2001-05-17', '2004-11-01', 'usually', 41.3);
INSERT INTO campania (cam_id, cam_nombre, cam_inicio, cam_fin, cam_tipo, cam_presupuesto) VALUES (53, 'activity', '1999-11-06', '2008-10-17', 'do', 11.16);
INSERT INTO campania (cam_id, cam_nombre, cam_inicio, cam_fin, cam_tipo, cam_presupuesto) VALUES (54, 'approach', '1973-05-19', '2020-07-16', 'phone', 68.39);
INSERT INTO campania (cam_id, cam_nombre, cam_inicio, cam_fin, cam_tipo, cam_presupuesto) VALUES (55, 'whose', '1979-05-26', '1985-06-06', 'kitchen', 22.04);
INSERT INTO campania (cam_id, cam_nombre, cam_inicio, cam_fin, cam_tipo, cam_presupuesto) VALUES (56, 'agree', '2010-02-20', '1993-06-25', 'buy', 38.09);
INSERT INTO campania (cam_id, cam_nombre, cam_inicio, cam_fin, cam_tipo, cam_presupuesto) VALUES (57, 'late', '2010-07-27', '1993-04-10', 'pick', 82.93);
INSERT INTO campania (cam_id, cam_nombre, cam_inicio, cam_fin, cam_tipo, cam_presupuesto) VALUES (58, 'fish', '1988-04-17', '1971-11-26', 'skin', 52.68);
INSERT INTO campania (cam_id, cam_nombre, cam_inicio, cam_fin, cam_tipo, cam_presupuesto) VALUES (59, 'buy', '1976-10-30', '1985-06-18', 'air', 46.04);
INSERT INTO campania (cam_id, cam_nombre, cam_inicio, cam_fin, cam_tipo, cam_presupuesto) VALUES (60, 'style', '1987-04-23', '1982-07-14', 'out', 71.57);
INSERT INTO campania (cam_id, cam_nombre, cam_inicio, cam_fin, cam_tipo, cam_presupuesto) VALUES (61, 'series', '1996-04-04', '1973-07-12', 'work', 64.79);
INSERT INTO campania (cam_id, cam_nombre, cam_inicio, cam_fin, cam_tipo, cam_presupuesto) VALUES (62, 'court', '2013-09-01', '2020-10-22', 'center', 24.24);
INSERT INTO campania (cam_id, cam_nombre, cam_inicio, cam_fin, cam_tipo, cam_presupuesto) VALUES (63, 'modern', '2011-07-25', '1979-02-15', 'put', 85.8);
INSERT INTO campania (cam_id, cam_nombre, cam_inicio, cam_fin, cam_tipo, cam_presupuesto) VALUES (64, 'particular', '1983-07-03', '2012-06-26', 'likely', 34.9);
INSERT INTO campania (cam_id, cam_nombre, cam_inicio, cam_fin, cam_tipo, cam_presupuesto) VALUES (65, 'blue', '1997-07-01', '1973-02-10', 'detail', 19.86);
INSERT INTO campania (cam_id, cam_nombre, cam_inicio, cam_fin, cam_tipo, cam_presupuesto) VALUES (66, 'wish', '2013-08-27', '1976-08-23', 'continue', 58.06);
INSERT INTO campania (cam_id, cam_nombre, cam_inicio, cam_fin, cam_tipo, cam_presupuesto) VALUES (67, 'appear', '2000-03-16', '1972-01-30', 'summer', 9.96);
INSERT INTO campania (cam_id, cam_nombre, cam_inicio, cam_fin, cam_tipo, cam_presupuesto) VALUES (68, 'three', '1987-04-21', '2004-09-30', 'will', 35.17);
INSERT INTO campania (cam_id, cam_nombre, cam_inicio, cam_fin, cam_tipo, cam_presupuesto) VALUES (69, 'financial', '1970-12-16', '1994-11-29', 'office', 57.7);
INSERT INTO campania (cam_id, cam_nombre, cam_inicio, cam_fin, cam_tipo, cam_presupuesto) VALUES (70, 'car', '2008-04-05', '2013-11-13', 'program', 40.11);
INSERT INTO campania (cam_id, cam_nombre, cam_inicio, cam_fin, cam_tipo, cam_presupuesto) VALUES (71, 'charge', '1992-12-25', '1991-01-16', 'agree', 88.98);
INSERT INTO campania (cam_id, cam_nombre, cam_inicio, cam_fin, cam_tipo, cam_presupuesto) VALUES (72, 'state', '1981-05-15', '1970-08-07', 'song', 53.59);
INSERT INTO campania (cam_id, cam_nombre, cam_inicio, cam_fin, cam_tipo, cam_presupuesto) VALUES (73, 'person', '2009-11-02', '2015-10-05', 'option', 95.39);
INSERT INTO campania (cam_id, cam_nombre, cam_inicio, cam_fin, cam_tipo, cam_presupuesto) VALUES (74, 'practice', '2019-10-26', '1988-05-22', 'wide', 29.61);
INSERT INTO campania (cam_id, cam_nombre, cam_inicio, cam_fin, cam_tipo, cam_presupuesto) VALUES (75, 'you', '2017-09-19', '2016-08-27', 'role', 36.39);
INSERT INTO campania (cam_id, cam_nombre, cam_inicio, cam_fin, cam_tipo, cam_presupuesto) VALUES (76, 'common', '2011-09-01', '1970-05-13', 'decision', 9.34);
INSERT INTO campania (cam_id, cam_nombre, cam_inicio, cam_fin, cam_tipo, cam_presupuesto) VALUES (77, 'us', '2012-08-07', '2000-04-22', 'news', 39.06);
INSERT INTO campania (cam_id, cam_nombre, cam_inicio, cam_fin, cam_tipo, cam_presupuesto) VALUES (78, 'we', '2005-05-18', '2024-04-24', 'better', 29.17);
INSERT INTO campania (cam_id, cam_nombre, cam_inicio, cam_fin, cam_tipo, cam_presupuesto) VALUES (79, 'room', '1970-05-11', '2004-10-02', 'expect', 37.86);
INSERT INTO campania (cam_id, cam_nombre, cam_inicio, cam_fin, cam_tipo, cam_presupuesto) VALUES (80, 'study', '2016-09-13', '1977-02-27', 'keep', 34.34);
INSERT INTO campania (cam_id, cam_nombre, cam_inicio, cam_fin, cam_tipo, cam_presupuesto) VALUES (81, 'sense', '2007-02-10', '1997-07-05', 'boy', 63.78);
INSERT INTO campania (cam_id, cam_nombre, cam_inicio, cam_fin, cam_tipo, cam_presupuesto) VALUES (82, 'task', '1974-02-08', '2011-05-28', 'man', 40.02);
INSERT INTO campania (cam_id, cam_nombre, cam_inicio, cam_fin, cam_tipo, cam_presupuesto) VALUES (83, 'opportunity', '2012-09-08', '2002-07-14', 'seek', 94.16);
INSERT INTO campania (cam_id, cam_nombre, cam_inicio, cam_fin, cam_tipo, cam_presupuesto) VALUES (84, 'specific', '2009-12-08', '2008-09-02', 'these', 74.97);
INSERT INTO campania (cam_id, cam_nombre, cam_inicio, cam_fin, cam_tipo, cam_presupuesto) VALUES (85, 'leave', '2011-01-02', '2014-12-17', 'lawyer', 6.81);
INSERT INTO campania (cam_id, cam_nombre, cam_inicio, cam_fin, cam_tipo, cam_presupuesto) VALUES (86, 'father', '1983-04-27', '2021-11-01', 'for', 4.81);
INSERT INTO campania (cam_id, cam_nombre, cam_inicio, cam_fin, cam_tipo, cam_presupuesto) VALUES (87, 'series', '2010-05-14', '2019-04-27', 'building', 86.82);
INSERT INTO campania (cam_id, cam_nombre, cam_inicio, cam_fin, cam_tipo, cam_presupuesto) VALUES (88, 'probably', '2018-12-23', '2012-06-22', 'first', 2.27);
INSERT INTO campania (cam_id, cam_nombre, cam_inicio, cam_fin, cam_tipo, cam_presupuesto) VALUES (89, 'bed', '2000-06-15', '1985-02-09', 'finally', 56.76);
INSERT INTO campania (cam_id, cam_nombre, cam_inicio, cam_fin, cam_tipo, cam_presupuesto) VALUES (90, 'economic', '1991-08-22', '1978-08-14', 'speak', 10.46);
INSERT INTO campania (cam_id, cam_nombre, cam_inicio, cam_fin, cam_tipo, cam_presupuesto) VALUES (91, 'site', '1981-04-10', '1993-06-14', 'score', 80.29);
INSERT INTO campania (cam_id, cam_nombre, cam_inicio, cam_fin, cam_tipo, cam_presupuesto) VALUES (92, 'deep', '1977-10-20', '2024-01-30', 'hard', 5.42);
INSERT INTO campania (cam_id, cam_nombre, cam_inicio, cam_fin, cam_tipo, cam_presupuesto) VALUES (93, 'item', '2024-01-04', '2004-01-18', 'expert', 27.29);
INSERT INTO campania (cam_id, cam_nombre, cam_inicio, cam_fin, cam_tipo, cam_presupuesto) VALUES (94, 'maybe', '1986-11-12', '1988-03-14', 'third', 15.05);
INSERT INTO campania (cam_id, cam_nombre, cam_inicio, cam_fin, cam_tipo, cam_presupuesto) VALUES (95, 'fast', '2006-10-01', '1980-06-01', 'vote', 78.11);
INSERT INTO campania (cam_id, cam_nombre, cam_inicio, cam_fin, cam_tipo, cam_presupuesto) VALUES (96, 'weight', '2003-12-24', '2018-05-23', 'can', 90.54);
INSERT INTO campania (cam_id, cam_nombre, cam_inicio, cam_fin, cam_tipo, cam_presupuesto) VALUES (97, 'challenge', '2023-06-19', '2017-02-17', 'even', 74.08);
INSERT INTO campania (cam_id, cam_nombre, cam_inicio, cam_fin, cam_tipo, cam_presupuesto) VALUES (98, 'right', '2002-08-31', '1997-01-30', 'act', 77.3);
INSERT INTO campania (cam_id, cam_nombre, cam_inicio, cam_fin, cam_tipo, cam_presupuesto) VALUES (99, 'interest', '2011-01-01', '1991-01-31', 'movement', 39.89);
INSERT INTO campania (cam_id, cam_nombre, cam_inicio, cam_fin, cam_tipo, cam_presupuesto) VALUES (100, 'young', '1978-07-15', '2020-08-21', 'lawyer', 85.26);
INSERT INTO campania_producto (cam_id, pro_id, prm_id) VALUES (1, 1, 1);
INSERT INTO campania_producto (cam_id, pro_id, prm_id) VALUES (2, 2, 2);
INSERT INTO campania_producto (cam_id, pro_id, prm_id) VALUES (3, 3, 3);
INSERT INTO campania_producto (cam_id, pro_id, prm_id) VALUES (4, 4, 4);
INSERT INTO campania_producto (cam_id, pro_id, prm_id) VALUES (5, 5, 5);
INSERT INTO campania_producto (cam_id, pro_id, prm_id) VALUES (6, 6, 6);
INSERT INTO campania_producto (cam_id, pro_id, prm_id) VALUES (7, 7, 7);
INSERT INTO campania_producto (cam_id, pro_id, prm_id) VALUES (8, 8, 8);
INSERT INTO campania_producto (cam_id, pro_id, prm_id) VALUES (9, 9, 9);
INSERT INTO campania_producto (cam_id, pro_id, prm_id) VALUES (10, 10, 10);
INSERT INTO campania_producto (cam_id, pro_id, prm_id) VALUES (11, 11, 11);
INSERT INTO campania_producto (cam_id, pro_id, prm_id) VALUES (12, 12, 12);
INSERT INTO campania_producto (cam_id, pro_id, prm_id) VALUES (13, 13, 13);
INSERT INTO campania_producto (cam_id, pro_id, prm_id) VALUES (14, 14, 14);
INSERT INTO campania_producto (cam_id, pro_id, prm_id) VALUES (15, 15, 15);
INSERT INTO campania_producto (cam_id, pro_id, prm_id) VALUES (16, 16, 16);
INSERT INTO campania_producto (cam_id, pro_id, prm_id) VALUES (17, 17, 17);
INSERT INTO campania_producto (cam_id, pro_id, prm_id) VALUES (18, 18, 18);
INSERT INTO campania_producto (cam_id, pro_id, prm_id) VALUES (19, 19, 19);
INSERT INTO campania_producto (cam_id, pro_id, prm_id) VALUES (20, 20, 20);
INSERT INTO campania_producto (cam_id, pro_id, prm_id) VALUES (21, 21, 21);
INSERT INTO campania_producto (cam_id, pro_id, prm_id) VALUES (22, 22, 22);
INSERT INTO campania_producto (cam_id, pro_id, prm_id) VALUES (23, 23, 23);
INSERT INTO campania_producto (cam_id, pro_id, prm_id) VALUES (24, 24, 24);
INSERT INTO campania_producto (cam_id, pro_id, prm_id) VALUES (25, 25, 25);
INSERT INTO campania_producto (cam_id, pro_id, prm_id) VALUES (26, 26, 26);
INSERT INTO campania_producto (cam_id, pro_id, prm_id) VALUES (27, 27, 27);
INSERT INTO campania_producto (cam_id, pro_id, prm_id) VALUES (28, 28, 28);
INSERT INTO campania_producto (cam_id, pro_id, prm_id) VALUES (29, 29, 29);
INSERT INTO campania_producto (cam_id, pro_id, prm_id) VALUES (30, 30, 30);
INSERT INTO campania_producto (cam_id, pro_id, prm_id) VALUES (31, 31, 31);
INSERT INTO campania_producto (cam_id, pro_id, prm_id) VALUES (32, 32, 32);
INSERT INTO campania_producto (cam_id, pro_id, prm_id) VALUES (33, 33, 33);
INSERT INTO campania_producto (cam_id, pro_id, prm_id) VALUES (34, 34, 34);
INSERT INTO campania_producto (cam_id, pro_id, prm_id) VALUES (35, 35, 35);
INSERT INTO campania_producto (cam_id, pro_id, prm_id) VALUES (36, 36, 36);
INSERT INTO campania_producto (cam_id, pro_id, prm_id) VALUES (37, 37, 37);
INSERT INTO campania_producto (cam_id, pro_id, prm_id) VALUES (38, 38, 38);
INSERT INTO campania_producto (cam_id, pro_id, prm_id) VALUES (39, 39, 39);
INSERT INTO campania_producto (cam_id, pro_id, prm_id) VALUES (40, 40, 40);
INSERT INTO campania_producto (cam_id, pro_id, prm_id) VALUES (41, 41, 41);
INSERT INTO campania_producto (cam_id, pro_id, prm_id) VALUES (42, 42, 42);
INSERT INTO campania_producto (cam_id, pro_id, prm_id) VALUES (43, 43, 43);
INSERT INTO campania_producto (cam_id, pro_id, prm_id) VALUES (44, 44, 44);
INSERT INTO campania_producto (cam_id, pro_id, prm_id) VALUES (45, 45, 45);
INSERT INTO campania_producto (cam_id, pro_id, prm_id) VALUES (46, 46, 46);
INSERT INTO campania_producto (cam_id, pro_id, prm_id) VALUES (47, 47, 47);
INSERT INTO campania_producto (cam_id, pro_id, prm_id) VALUES (48, 48, 48);
INSERT INTO campania_producto (cam_id, pro_id, prm_id) VALUES (49, 49, 49);
INSERT INTO campania_producto (cam_id, pro_id, prm_id) VALUES (50, 50, 50);
INSERT INTO campania_producto (cam_id, pro_id, prm_id) VALUES (51, 51, 51);
INSERT INTO campania_producto (cam_id, pro_id, prm_id) VALUES (52, 52, 52);
INSERT INTO campania_producto (cam_id, pro_id, prm_id) VALUES (53, 53, 53);
INSERT INTO campania_producto (cam_id, pro_id, prm_id) VALUES (54, 54, 54);
INSERT INTO campania_producto (cam_id, pro_id, prm_id) VALUES (55, 55, 55);
INSERT INTO campania_producto (cam_id, pro_id, prm_id) VALUES (56, 56, 56);
INSERT INTO campania_producto (cam_id, pro_id, prm_id) VALUES (57, 57, 57);
INSERT INTO campania_producto (cam_id, pro_id, prm_id) VALUES (58, 58, 58);
INSERT INTO campania_producto (cam_id, pro_id, prm_id) VALUES (59, 59, 59);
INSERT INTO campania_producto (cam_id, pro_id, prm_id) VALUES (60, 60, 60);
INSERT INTO campania_producto (cam_id, pro_id, prm_id) VALUES (61, 61, 61);
INSERT INTO campania_producto (cam_id, pro_id, prm_id) VALUES (62, 62, 62);
INSERT INTO campania_producto (cam_id, pro_id, prm_id) VALUES (63, 63, 63);
INSERT INTO campania_producto (cam_id, pro_id, prm_id) VALUES (64, 64, 64);
INSERT INTO campania_producto (cam_id, pro_id, prm_id) VALUES (65, 65, 65);
INSERT INTO campania_producto (cam_id, pro_id, prm_id) VALUES (66, 66, 66);
INSERT INTO campania_producto (cam_id, pro_id, prm_id) VALUES (67, 67, 67);
INSERT INTO campania_producto (cam_id, pro_id, prm_id) VALUES (68, 68, 68);
INSERT INTO campania_producto (cam_id, pro_id, prm_id) VALUES (69, 69, 69);
INSERT INTO campania_producto (cam_id, pro_id, prm_id) VALUES (70, 70, 70);
INSERT INTO campania_producto (cam_id, pro_id, prm_id) VALUES (71, 71, 71);
INSERT INTO campania_producto (cam_id, pro_id, prm_id) VALUES (72, 72, 72);
INSERT INTO campania_producto (cam_id, pro_id, prm_id) VALUES (73, 73, 73);
INSERT INTO campania_producto (cam_id, pro_id, prm_id) VALUES (74, 74, 74);
INSERT INTO campania_producto (cam_id, pro_id, prm_id) VALUES (75, 75, 75);
INSERT INTO campania_producto (cam_id, pro_id, prm_id) VALUES (76, 76, 76);
INSERT INTO campania_producto (cam_id, pro_id, prm_id) VALUES (77, 77, 77);
INSERT INTO campania_producto (cam_id, pro_id, prm_id) VALUES (78, 78, 78);
INSERT INTO campania_producto (cam_id, pro_id, prm_id) VALUES (79, 79, 79);
INSERT INTO campania_producto (cam_id, pro_id, prm_id) VALUES (80, 80, 80);
INSERT INTO campania_producto (cam_id, pro_id, prm_id) VALUES (81, 81, 81);
INSERT INTO campania_producto (cam_id, pro_id, prm_id) VALUES (82, 82, 82);
INSERT INTO campania_producto (cam_id, pro_id, prm_id) VALUES (83, 83, 83);
INSERT INTO campania_producto (cam_id, pro_id, prm_id) VALUES (84, 84, 84);
INSERT INTO campania_producto (cam_id, pro_id, prm_id) VALUES (85, 85, 85);
INSERT INTO campania_producto (cam_id, pro_id, prm_id) VALUES (86, 86, 86);
INSERT INTO campania_producto (cam_id, pro_id, prm_id) VALUES (87, 87, 87);
INSERT INTO campania_producto (cam_id, pro_id, prm_id) VALUES (88, 88, 88);
INSERT INTO campania_producto (cam_id, pro_id, prm_id) VALUES (89, 89, 89);
INSERT INTO campania_producto (cam_id, pro_id, prm_id) VALUES (90, 90, 90);
INSERT INTO campania_producto (cam_id, pro_id, prm_id) VALUES (91, 91, 91);
INSERT INTO campania_producto (cam_id, pro_id, prm_id) VALUES (92, 92, 92);
INSERT INTO campania_producto (cam_id, pro_id, prm_id) VALUES (93, 93, 93);
INSERT INTO campania_producto (cam_id, pro_id, prm_id) VALUES (94, 94, 94);
INSERT INTO campania_producto (cam_id, pro_id, prm_id) VALUES (95, 95, 95);
INSERT INTO campania_producto (cam_id, pro_id, prm_id) VALUES (96, 96, 96);
INSERT INTO campania_producto (cam_id, pro_id, prm_id) VALUES (97, 97, 97);
INSERT INTO campania_producto (cam_id, pro_id, prm_id) VALUES (98, 98, 98);
INSERT INTO campania_producto (cam_id, pro_id, prm_id) VALUES (99, 99, 99);
INSERT INTO campania_producto (cam_id, pro_id, prm_id) VALUES (100, 100, 100);
INSERT INTO campania_servicio (cam_id, ser_id, prm_id) VALUES (1, 1, 1);
INSERT INTO campania_servicio (cam_id, ser_id, prm_id) VALUES (2, 2, 2);
INSERT INTO campania_servicio (cam_id, ser_id, prm_id) VALUES (3, 3, 3);
INSERT INTO campania_servicio (cam_id, ser_id, prm_id) VALUES (4, 4, 4);
INSERT INTO campania_servicio (cam_id, ser_id, prm_id) VALUES (5, 5, 5);
INSERT INTO campania_servicio (cam_id, ser_id, prm_id) VALUES (6, 6, 6);
INSERT INTO campania_servicio (cam_id, ser_id, prm_id) VALUES (7, 7, 7);
INSERT INTO campania_servicio (cam_id, ser_id, prm_id) VALUES (8, 8, 8);
INSERT INTO campania_servicio (cam_id, ser_id, prm_id) VALUES (9, 9, 9);
INSERT INTO campania_servicio (cam_id, ser_id, prm_id) VALUES (10, 10, 10);
INSERT INTO campania_servicio (cam_id, ser_id, prm_id) VALUES (11, 11, 11);
INSERT INTO campania_servicio (cam_id, ser_id, prm_id) VALUES (12, 12, 12);
INSERT INTO campania_servicio (cam_id, ser_id, prm_id) VALUES (13, 13, 13);
INSERT INTO campania_servicio (cam_id, ser_id, prm_id) VALUES (14, 14, 14);
INSERT INTO campania_servicio (cam_id, ser_id, prm_id) VALUES (15, 15, 15);
INSERT INTO campania_servicio (cam_id, ser_id, prm_id) VALUES (16, 16, 16);
INSERT INTO campania_servicio (cam_id, ser_id, prm_id) VALUES (17, 17, 17);
INSERT INTO campania_servicio (cam_id, ser_id, prm_id) VALUES (18, 18, 18);
INSERT INTO campania_servicio (cam_id, ser_id, prm_id) VALUES (19, 19, 19);
INSERT INTO campania_servicio (cam_id, ser_id, prm_id) VALUES (20, 20, 20);
INSERT INTO campania_servicio (cam_id, ser_id, prm_id) VALUES (21, 21, 21);
INSERT INTO campania_servicio (cam_id, ser_id, prm_id) VALUES (22, 22, 22);
INSERT INTO campania_servicio (cam_id, ser_id, prm_id) VALUES (23, 23, 23);
INSERT INTO campania_servicio (cam_id, ser_id, prm_id) VALUES (24, 24, 24);
INSERT INTO campania_servicio (cam_id, ser_id, prm_id) VALUES (25, 25, 25);
INSERT INTO campania_servicio (cam_id, ser_id, prm_id) VALUES (26, 26, 26);
INSERT INTO campania_servicio (cam_id, ser_id, prm_id) VALUES (27, 27, 27);
INSERT INTO campania_servicio (cam_id, ser_id, prm_id) VALUES (28, 28, 28);
INSERT INTO campania_servicio (cam_id, ser_id, prm_id) VALUES (29, 29, 29);
INSERT INTO campania_servicio (cam_id, ser_id, prm_id) VALUES (30, 30, 30);
INSERT INTO campania_servicio (cam_id, ser_id, prm_id) VALUES (31, 31, 31);
INSERT INTO campania_servicio (cam_id, ser_id, prm_id) VALUES (32, 32, 32);
INSERT INTO campania_servicio (cam_id, ser_id, prm_id) VALUES (33, 33, 33);
INSERT INTO campania_servicio (cam_id, ser_id, prm_id) VALUES (34, 34, 34);
INSERT INTO campania_servicio (cam_id, ser_id, prm_id) VALUES (35, 35, 35);
INSERT INTO campania_servicio (cam_id, ser_id, prm_id) VALUES (36, 36, 36);
INSERT INTO campania_servicio (cam_id, ser_id, prm_id) VALUES (37, 37, 37);
INSERT INTO campania_servicio (cam_id, ser_id, prm_id) VALUES (38, 38, 38);
INSERT INTO campania_servicio (cam_id, ser_id, prm_id) VALUES (39, 39, 39);
INSERT INTO campania_servicio (cam_id, ser_id, prm_id) VALUES (40, 40, 40);
INSERT INTO campania_servicio (cam_id, ser_id, prm_id) VALUES (41, 41, 41);
INSERT INTO campania_servicio (cam_id, ser_id, prm_id) VALUES (42, 42, 42);
INSERT INTO campania_servicio (cam_id, ser_id, prm_id) VALUES (43, 43, 43);
INSERT INTO campania_servicio (cam_id, ser_id, prm_id) VALUES (44, 44, 44);
INSERT INTO campania_servicio (cam_id, ser_id, prm_id) VALUES (45, 45, 45);
INSERT INTO campania_servicio (cam_id, ser_id, prm_id) VALUES (46, 46, 46);
INSERT INTO campania_servicio (cam_id, ser_id, prm_id) VALUES (47, 47, 47);
INSERT INTO campania_servicio (cam_id, ser_id, prm_id) VALUES (48, 48, 48);
INSERT INTO campania_servicio (cam_id, ser_id, prm_id) VALUES (49, 49, 49);
INSERT INTO campania_servicio (cam_id, ser_id, prm_id) VALUES (50, 50, 50);
INSERT INTO campania_servicio (cam_id, ser_id, prm_id) VALUES (51, 51, 51);
INSERT INTO campania_servicio (cam_id, ser_id, prm_id) VALUES (52, 52, 52);
INSERT INTO campania_servicio (cam_id, ser_id, prm_id) VALUES (53, 53, 53);
INSERT INTO campania_servicio (cam_id, ser_id, prm_id) VALUES (54, 54, 54);
INSERT INTO campania_servicio (cam_id, ser_id, prm_id) VALUES (55, 55, 55);
INSERT INTO campania_servicio (cam_id, ser_id, prm_id) VALUES (56, 56, 56);
INSERT INTO campania_servicio (cam_id, ser_id, prm_id) VALUES (57, 57, 57);
INSERT INTO campania_servicio (cam_id, ser_id, prm_id) VALUES (58, 58, 58);
INSERT INTO campania_servicio (cam_id, ser_id, prm_id) VALUES (59, 59, 59);
INSERT INTO campania_servicio (cam_id, ser_id, prm_id) VALUES (60, 60, 60);
INSERT INTO campania_servicio (cam_id, ser_id, prm_id) VALUES (61, 61, 61);
INSERT INTO campania_servicio (cam_id, ser_id, prm_id) VALUES (62, 62, 62);
INSERT INTO campania_servicio (cam_id, ser_id, prm_id) VALUES (63, 63, 63);
INSERT INTO campania_servicio (cam_id, ser_id, prm_id) VALUES (64, 64, 64);
INSERT INTO campania_servicio (cam_id, ser_id, prm_id) VALUES (65, 65, 65);
INSERT INTO campania_servicio (cam_id, ser_id, prm_id) VALUES (66, 66, 66);
INSERT INTO campania_servicio (cam_id, ser_id, prm_id) VALUES (67, 67, 67);
INSERT INTO campania_servicio (cam_id, ser_id, prm_id) VALUES (68, 68, 68);
INSERT INTO campania_servicio (cam_id, ser_id, prm_id) VALUES (69, 69, 69);
INSERT INTO campania_servicio (cam_id, ser_id, prm_id) VALUES (70, 70, 70);
INSERT INTO campania_servicio (cam_id, ser_id, prm_id) VALUES (71, 71, 71);
INSERT INTO campania_servicio (cam_id, ser_id, prm_id) VALUES (72, 72, 72);
INSERT INTO campania_servicio (cam_id, ser_id, prm_id) VALUES (73, 73, 73);
INSERT INTO campania_servicio (cam_id, ser_id, prm_id) VALUES (74, 74, 74);
INSERT INTO campania_servicio (cam_id, ser_id, prm_id) VALUES (75, 75, 75);
INSERT INTO campania_servicio (cam_id, ser_id, prm_id) VALUES (76, 76, 76);
INSERT INTO campania_servicio (cam_id, ser_id, prm_id) VALUES (77, 77, 77);
INSERT INTO campania_servicio (cam_id, ser_id, prm_id) VALUES (78, 78, 78);
INSERT INTO campania_servicio (cam_id, ser_id, prm_id) VALUES (79, 79, 79);
INSERT INTO campania_servicio (cam_id, ser_id, prm_id) VALUES (80, 80, 80);
INSERT INTO campania_servicio (cam_id, ser_id, prm_id) VALUES (81, 81, 81);
INSERT INTO campania_servicio (cam_id, ser_id, prm_id) VALUES (82, 82, 82);
INSERT INTO campania_servicio (cam_id, ser_id, prm_id) VALUES (83, 83, 83);
INSERT INTO campania_servicio (cam_id, ser_id, prm_id) VALUES (84, 84, 84);
INSERT INTO campania_servicio (cam_id, ser_id, prm_id) VALUES (85, 85, 85);
INSERT INTO campania_servicio (cam_id, ser_id, prm_id) VALUES (86, 86, 86);
INSERT INTO campania_servicio (cam_id, ser_id, prm_id) VALUES (87, 87, 87);
INSERT INTO campania_servicio (cam_id, ser_id, prm_id) VALUES (88, 88, 88);
INSERT INTO campania_servicio (cam_id, ser_id, prm_id) VALUES (89, 89, 89);
INSERT INTO campania_servicio (cam_id, ser_id, prm_id) VALUES (90, 90, 90);
INSERT INTO campania_servicio (cam_id, ser_id, prm_id) VALUES (91, 91, 91);
INSERT INTO campania_servicio (cam_id, ser_id, prm_id) VALUES (92, 92, 92);
INSERT INTO campania_servicio (cam_id, ser_id, prm_id) VALUES (93, 93, 93);
INSERT INTO campania_servicio (cam_id, ser_id, prm_id) VALUES (94, 94, 94);
INSERT INTO campania_servicio (cam_id, ser_id, prm_id) VALUES (95, 95, 95);
INSERT INTO campania_servicio (cam_id, ser_id, prm_id) VALUES (96, 96, 96);
INSERT INTO campania_servicio (cam_id, ser_id, prm_id) VALUES (97, 97, 97);
INSERT INTO campania_servicio (cam_id, ser_id, prm_id) VALUES (98, 98, 98);
INSERT INTO campania_servicio (cam_id, ser_id, prm_id) VALUES (99, 99, 99);
INSERT INTO campania_servicio (cam_id, ser_id, prm_id) VALUES (100, 100, 100);
INSERT INTO promocion (prm_id, prm_descripcion, prm_descuento, prm_multiplicador) VALUES (1, 'bed', 24.81, 86);
INSERT INTO promocion (prm_id, prm_descripcion, prm_descuento, prm_multiplicador) VALUES (2, 'responsibility', 46.29, 46);
INSERT INTO promocion (prm_id, prm_descripcion, prm_descuento, prm_multiplicador) VALUES (3, 'effect', 81.82, 33);
INSERT INTO promocion (prm_id, prm_descripcion, prm_descuento, prm_multiplicador) VALUES (4, 'American', 33.69, 83);
INSERT INTO promocion (prm_id, prm_descripcion, prm_descuento, prm_multiplicador) VALUES (5, 'drop', 36.49, 66);
INSERT INTO promocion (prm_id, prm_descripcion, prm_descuento, prm_multiplicador) VALUES (6, 'usually', 95.38, 39);
INSERT INTO promocion (prm_id, prm_descripcion, prm_descuento, prm_multiplicador) VALUES (7, 'bed', 78.92, 28);
INSERT INTO promocion (prm_id, prm_descripcion, prm_descuento, prm_multiplicador) VALUES (8, 'production', 49.35, 42);
INSERT INTO promocion (prm_id, prm_descripcion, prm_descuento, prm_multiplicador) VALUES (9, 'institution', 94.5, 72);
INSERT INTO promocion (prm_id, prm_descripcion, prm_descuento, prm_multiplicador) VALUES (10, 'plan', 27.08, 52);
INSERT INTO promocion (prm_id, prm_descripcion, prm_descuento, prm_multiplicador) VALUES (11, 'soldier', 92.59, 24);
INSERT INTO promocion (prm_id, prm_descripcion, prm_descuento, prm_multiplicador) VALUES (12, 'military', 44.31, 3);
INSERT INTO promocion (prm_id, prm_descripcion, prm_descuento, prm_multiplicador) VALUES (13, 'range', 60.93, 61);
INSERT INTO promocion (prm_id, prm_descripcion, prm_descuento, prm_multiplicador) VALUES (14, 'real', 12.34, 65);
INSERT INTO promocion (prm_id, prm_descripcion, prm_descuento, prm_multiplicador) VALUES (15, 'sport', 96.07, 97);
INSERT INTO promocion (prm_id, prm_descripcion, prm_descuento, prm_multiplicador) VALUES (16, 'relationship', 13.05, 72);
INSERT INTO promocion (prm_id, prm_descripcion, prm_descuento, prm_multiplicador) VALUES (17, 'green', 96.13, 51);
INSERT INTO promocion (prm_id, prm_descripcion, prm_descuento, prm_multiplicador) VALUES (18, 'now', 34.67, 57);
INSERT INTO promocion (prm_id, prm_descripcion, prm_descuento, prm_multiplicador) VALUES (19, 'administration', 18.0, 7);
INSERT INTO promocion (prm_id, prm_descripcion, prm_descuento, prm_multiplicador) VALUES (20, 'special', 34.88, 62);
INSERT INTO promocion (prm_id, prm_descripcion, prm_descuento, prm_multiplicador) VALUES (21, 'kid', 31.18, 39);
INSERT INTO promocion (prm_id, prm_descripcion, prm_descuento, prm_multiplicador) VALUES (22, 'company', 5.62, 6);
INSERT INTO promocion (prm_id, prm_descripcion, prm_descuento, prm_multiplicador) VALUES (23, 'rate', 85.53, 7);
INSERT INTO promocion (prm_id, prm_descripcion, prm_descuento, prm_multiplicador) VALUES (24, 'situation', 26.87, 47);
INSERT INTO promocion (prm_id, prm_descripcion, prm_descuento, prm_multiplicador) VALUES (25, 'idea', 93.93, 13);
INSERT INTO promocion (prm_id, prm_descripcion, prm_descuento, prm_multiplicador) VALUES (26, 'school', 65.9, 33);
INSERT INTO promocion (prm_id, prm_descripcion, prm_descuento, prm_multiplicador) VALUES (27, 'well', 12.18, 11);
INSERT INTO promocion (prm_id, prm_descripcion, prm_descuento, prm_multiplicador) VALUES (28, 'senior', 70.97, 21);
INSERT INTO promocion (prm_id, prm_descripcion, prm_descuento, prm_multiplicador) VALUES (29, 'yeah', 40.89, 20);
INSERT INTO promocion (prm_id, prm_descripcion, prm_descuento, prm_multiplicador) VALUES (30, 'in', 32.13, 63);
INSERT INTO promocion (prm_id, prm_descripcion, prm_descuento, prm_multiplicador) VALUES (31, 'down', 15.41, 33);
INSERT INTO promocion (prm_id, prm_descripcion, prm_descuento, prm_multiplicador) VALUES (32, 'teach', 80.4, 18);
INSERT INTO promocion (prm_id, prm_descripcion, prm_descuento, prm_multiplicador) VALUES (33, 'avoid', 37.97, 68);
INSERT INTO promocion (prm_id, prm_descripcion, prm_descuento, prm_multiplicador) VALUES (34, 'between', 64.62, 60);
INSERT INTO promocion (prm_id, prm_descripcion, prm_descuento, prm_multiplicador) VALUES (35, 'woman', 46.27, 96);
INSERT INTO promocion (prm_id, prm_descripcion, prm_descuento, prm_multiplicador) VALUES (36, 'check', 82.97, 81);
INSERT INTO promocion (prm_id, prm_descripcion, prm_descuento, prm_multiplicador) VALUES (37, 'exist', 24.42, 4);
INSERT INTO promocion (prm_id, prm_descripcion, prm_descuento, prm_multiplicador) VALUES (38, 'consumer', 4.8, 82);
INSERT INTO promocion (prm_id, prm_descripcion, prm_descuento, prm_multiplicador) VALUES (39, 'force', 55.44, 28);
INSERT INTO promocion (prm_id, prm_descripcion, prm_descuento, prm_multiplicador) VALUES (40, 'that', 4.59, 81);
INSERT INTO promocion (prm_id, prm_descripcion, prm_descuento, prm_multiplicador) VALUES (41, 'test', 1.38, 65);
INSERT INTO promocion (prm_id, prm_descripcion, prm_descuento, prm_multiplicador) VALUES (42, 'everything', 53.1, 39);
INSERT INTO promocion (prm_id, prm_descripcion, prm_descuento, prm_multiplicador) VALUES (43, 'will', 29.9, 36);
INSERT INTO promocion (prm_id, prm_descripcion, prm_descuento, prm_multiplicador) VALUES (44, 'these', 26.46, 92);
INSERT INTO promocion (prm_id, prm_descripcion, prm_descuento, prm_multiplicador) VALUES (45, 'send', 47.22, 52);
INSERT INTO promocion (prm_id, prm_descripcion, prm_descuento, prm_multiplicador) VALUES (46, 'term', 55.87, 40);
INSERT INTO promocion (prm_id, prm_descripcion, prm_descuento, prm_multiplicador) VALUES (47, 'husband', 33.52, 32);
INSERT INTO promocion (prm_id, prm_descripcion, prm_descuento, prm_multiplicador) VALUES (48, 'growth', 60.49, 82);
INSERT INTO promocion (prm_id, prm_descripcion, prm_descuento, prm_multiplicador) VALUES (49, 'use', 51.96, 32);
INSERT INTO promocion (prm_id, prm_descripcion, prm_descuento, prm_multiplicador) VALUES (50, 'anything', 24.58, 58);
INSERT INTO promocion (prm_id, prm_descripcion, prm_descuento, prm_multiplicador) VALUES (51, 'red', 77.3, 96);
INSERT INTO promocion (prm_id, prm_descripcion, prm_descuento, prm_multiplicador) VALUES (52, 'mouth', 37.44, 59);
INSERT INTO promocion (prm_id, prm_descripcion, prm_descuento, prm_multiplicador) VALUES (53, 'happy', 88.94, 96);
INSERT INTO promocion (prm_id, prm_descripcion, prm_descuento, prm_multiplicador) VALUES (54, 'beyond', 15.0, 82);
INSERT INTO promocion (prm_id, prm_descripcion, prm_descuento, prm_multiplicador) VALUES (55, 'central', 48.07, 57);
INSERT INTO promocion (prm_id, prm_descripcion, prm_descuento, prm_multiplicador) VALUES (56, 'hard', 27.56, 49);
INSERT INTO promocion (prm_id, prm_descripcion, prm_descuento, prm_multiplicador) VALUES (57, 'mean', 25.14, 47);
INSERT INTO promocion (prm_id, prm_descripcion, prm_descuento, prm_multiplicador) VALUES (58, 'argue', 55.89, 99);
INSERT INTO promocion (prm_id, prm_descripcion, prm_descuento, prm_multiplicador) VALUES (59, 'few', 43.26, 51);
INSERT INTO promocion (prm_id, prm_descripcion, prm_descuento, prm_multiplicador) VALUES (60, 'relate', 31.56, 73);
INSERT INTO promocion (prm_id, prm_descripcion, prm_descuento, prm_multiplicador) VALUES (61, 'so', 38.29, 1);
INSERT INTO promocion (prm_id, prm_descripcion, prm_descuento, prm_multiplicador) VALUES (62, 'that', 2.64, 34);
INSERT INTO promocion (prm_id, prm_descripcion, prm_descuento, prm_multiplicador) VALUES (63, 'win', 42.4, 27);
INSERT INTO promocion (prm_id, prm_descripcion, prm_descuento, prm_multiplicador) VALUES (64, 'behind', 47.47, 82);
INSERT INTO promocion (prm_id, prm_descripcion, prm_descuento, prm_multiplicador) VALUES (65, 'west', 91.48, 46);
INSERT INTO promocion (prm_id, prm_descripcion, prm_descuento, prm_multiplicador) VALUES (66, 'parent', 47.67, 25);
INSERT INTO promocion (prm_id, prm_descripcion, prm_descuento, prm_multiplicador) VALUES (67, 'financial', 56.3, 84);
INSERT INTO promocion (prm_id, prm_descripcion, prm_descuento, prm_multiplicador) VALUES (68, 'story', 1.45, 91);
INSERT INTO promocion (prm_id, prm_descripcion, prm_descuento, prm_multiplicador) VALUES (69, 'inside', 32.58, 53);
INSERT INTO promocion (prm_id, prm_descripcion, prm_descuento, prm_multiplicador) VALUES (70, 'house', 16.86, 50);
INSERT INTO promocion (prm_id, prm_descripcion, prm_descuento, prm_multiplicador) VALUES (71, 'high', 18.62, 68);
INSERT INTO promocion (prm_id, prm_descripcion, prm_descuento, prm_multiplicador) VALUES (72, 'peace', 84.17, 59);
INSERT INTO promocion (prm_id, prm_descripcion, prm_descuento, prm_multiplicador) VALUES (73, 'true', 93.22, 25);
INSERT INTO promocion (prm_id, prm_descripcion, prm_descuento, prm_multiplicador) VALUES (74, 'south', 53.22, 82);
INSERT INTO promocion (prm_id, prm_descripcion, prm_descuento, prm_multiplicador) VALUES (75, 'less', 45.91, 29);
INSERT INTO promocion (prm_id, prm_descripcion, prm_descuento, prm_multiplicador) VALUES (76, 'determine', 30.99, 65);
INSERT INTO promocion (prm_id, prm_descripcion, prm_descuento, prm_multiplicador) VALUES (77, 'talk', 83.84, 39);
INSERT INTO promocion (prm_id, prm_descripcion, prm_descuento, prm_multiplicador) VALUES (78, 'score', 10.28, 17);
INSERT INTO promocion (prm_id, prm_descripcion, prm_descuento, prm_multiplicador) VALUES (79, 'send', 61.73, 76);
INSERT INTO promocion (prm_id, prm_descripcion, prm_descuento, prm_multiplicador) VALUES (80, 'close', 81.88, 49);
INSERT INTO promocion (prm_id, prm_descripcion, prm_descuento, prm_multiplicador) VALUES (81, 'level', 20.59, 79);
INSERT INTO promocion (prm_id, prm_descripcion, prm_descuento, prm_multiplicador) VALUES (82, 'study', 7.37, 32);
INSERT INTO promocion (prm_id, prm_descripcion, prm_descuento, prm_multiplicador) VALUES (83, 'finish', 53.85, 70);
INSERT INTO promocion (prm_id, prm_descripcion, prm_descuento, prm_multiplicador) VALUES (84, 'note', 85.65, 32);
INSERT INTO promocion (prm_id, prm_descripcion, prm_descuento, prm_multiplicador) VALUES (85, 'face', 87.87, 92);
INSERT INTO promocion (prm_id, prm_descripcion, prm_descuento, prm_multiplicador) VALUES (86, 'enough', 68.4, 99);
INSERT INTO promocion (prm_id, prm_descripcion, prm_descuento, prm_multiplicador) VALUES (87, 'always', 53.34, 85);
INSERT INTO promocion (prm_id, prm_descripcion, prm_descuento, prm_multiplicador) VALUES (88, 'industry', 62.41, 88);
INSERT INTO promocion (prm_id, prm_descripcion, prm_descuento, prm_multiplicador) VALUES (89, 'mean', 47.82, 3);
INSERT INTO promocion (prm_id, prm_descripcion, prm_descuento, prm_multiplicador) VALUES (90, 'analysis', 51.55, 16);
INSERT INTO promocion (prm_id, prm_descripcion, prm_descuento, prm_multiplicador) VALUES (91, 'throw', 26.46, 21);
INSERT INTO promocion (prm_id, prm_descripcion, prm_descuento, prm_multiplicador) VALUES (92, 'research', 73.07, 24);
INSERT INTO promocion (prm_id, prm_descripcion, prm_descuento, prm_multiplicador) VALUES (93, 'week', 2.83, 5);
INSERT INTO promocion (prm_id, prm_descripcion, prm_descuento, prm_multiplicador) VALUES (94, 'among', 37.38, 27);
INSERT INTO promocion (prm_id, prm_descripcion, prm_descuento, prm_multiplicador) VALUES (95, 'father', 73.66, 55);
INSERT INTO promocion (prm_id, prm_descripcion, prm_descuento, prm_multiplicador) VALUES (96, 'reach', 34.82, 3);
INSERT INTO promocion (prm_id, prm_descripcion, prm_descuento, prm_multiplicador) VALUES (97, 'hard', 2.78, 26);
INSERT INTO promocion (prm_id, prm_descripcion, prm_descuento, prm_multiplicador) VALUES (98, 'movement', 29.54, 25);
INSERT INTO promocion (prm_id, prm_descripcion, prm_descuento, prm_multiplicador) VALUES (99, 'little', 66.19, 75);
INSERT INTO promocion (prm_id, prm_descripcion, prm_descuento, prm_multiplicador) VALUES (100, 'attack', 4.16, 4);
INSERT INTO pedido (ped_id, ped_creacion, ped_estado, emp_id, ort_id, ven_id, trn_id, rut_id) VALUES (1, '1975-05-27', 1, 1, 1, 1, 1, 1);
INSERT INTO pedido (ped_id, ped_creacion, ped_estado, emp_id, ort_id, ven_id, trn_id, rut_id) VALUES (2, '1988-02-02', 0, 2, 2, 2, 2, 2);
INSERT INTO pedido (ped_id, ped_creacion, ped_estado, emp_id, ort_id, ven_id, trn_id, rut_id) VALUES (3, '2019-12-15', 0, 3, 3, 3, 3, 3);
INSERT INTO pedido (ped_id, ped_creacion, ped_estado, emp_id, ort_id, ven_id, trn_id, rut_id) VALUES (4, '1994-03-20', 1, 4, 4, 4, 4, 4);
INSERT INTO pedido (ped_id, ped_creacion, ped_estado, emp_id, ort_id, ven_id, trn_id, rut_id) VALUES (5, '2022-06-13', 1, 5, 5, 5, 5, 5);
INSERT INTO pedido (ped_id, ped_creacion, ped_estado, emp_id, ort_id, ven_id, trn_id, rut_id) VALUES (6, '2020-10-05', 0, 6, 6, 6, 6, 6);
INSERT INTO pedido (ped_id, ped_creacion, ped_estado, emp_id, ort_id, ven_id, trn_id, rut_id) VALUES (7, '2007-05-24', 0, 7, 7, 7, 7, 7);
INSERT INTO pedido (ped_id, ped_creacion, ped_estado, emp_id, ort_id, ven_id, trn_id, rut_id) VALUES (8, '2019-04-18', 0, 8, 8, 8, 8, 8);
INSERT INTO pedido (ped_id, ped_creacion, ped_estado, emp_id, ort_id, ven_id, trn_id, rut_id) VALUES (9, '1975-08-18', 1, 9, 9, 9, 9, 9);
INSERT INTO pedido (ped_id, ped_creacion, ped_estado, emp_id, ort_id, ven_id, trn_id, rut_id) VALUES (10, '2008-08-27', 0, 10, 10, 10, 10, 10);
INSERT INTO pedido (ped_id, ped_creacion, ped_estado, emp_id, ort_id, ven_id, trn_id, rut_id) VALUES (11, '1999-08-22', 0, 11, 11, 11, 11, 11);
INSERT INTO pedido (ped_id, ped_creacion, ped_estado, emp_id, ort_id, ven_id, trn_id, rut_id) VALUES (12, '2020-03-13', 1, 12, 12, 12, 12, 12);
INSERT INTO pedido (ped_id, ped_creacion, ped_estado, emp_id, ort_id, ven_id, trn_id, rut_id) VALUES (13, '2000-12-08', 0, 13, 13, 13, 13, 13);
INSERT INTO pedido (ped_id, ped_creacion, ped_estado, emp_id, ort_id, ven_id, trn_id, rut_id) VALUES (14, '2009-09-12', 1, 14, 14, 14, 14, 14);
INSERT INTO pedido (ped_id, ped_creacion, ped_estado, emp_id, ort_id, ven_id, trn_id, rut_id) VALUES (15, '2003-07-12', 1, 15, 15, 15, 15, 15);
INSERT INTO pedido (ped_id, ped_creacion, ped_estado, emp_id, ort_id, ven_id, trn_id, rut_id) VALUES (16, '1982-02-05', 0, 16, 16, 16, 16, 16);
INSERT INTO pedido (ped_id, ped_creacion, ped_estado, emp_id, ort_id, ven_id, trn_id, rut_id) VALUES (17, '1985-01-30', 0, 17, 17, 17, 17, 17);
INSERT INTO pedido (ped_id, ped_creacion, ped_estado, emp_id, ort_id, ven_id, trn_id, rut_id) VALUES (18, '2020-04-15', 1, 18, 18, 18, 18, 18);
INSERT INTO pedido (ped_id, ped_creacion, ped_estado, emp_id, ort_id, ven_id, trn_id, rut_id) VALUES (19, '2013-09-24', 1, 19, 19, 19, 19, 19);
INSERT INTO pedido (ped_id, ped_creacion, ped_estado, emp_id, ort_id, ven_id, trn_id, rut_id) VALUES (20, '2020-11-03', 0, 20, 20, 20, 20, 20);
INSERT INTO pedido (ped_id, ped_creacion, ped_estado, emp_id, ort_id, ven_id, trn_id, rut_id) VALUES (21, '1993-07-18', 0, 21, 21, 21, 21, 21);
INSERT INTO pedido (ped_id, ped_creacion, ped_estado, emp_id, ort_id, ven_id, trn_id, rut_id) VALUES (22, '1995-08-09', 1, 22, 22, 22, 22, 22);
INSERT INTO pedido (ped_id, ped_creacion, ped_estado, emp_id, ort_id, ven_id, trn_id, rut_id) VALUES (23, '1977-01-27', 0, 23, 23, 23, 23, 23);
INSERT INTO pedido (ped_id, ped_creacion, ped_estado, emp_id, ort_id, ven_id, trn_id, rut_id) VALUES (24, '2006-01-13', 1, 24, 24, 24, 24, 24);
INSERT INTO pedido (ped_id, ped_creacion, ped_estado, emp_id, ort_id, ven_id, trn_id, rut_id) VALUES (25, '1985-01-13', 1, 25, 25, 25, 25, 25);
INSERT INTO pedido (ped_id, ped_creacion, ped_estado, emp_id, ort_id, ven_id, trn_id, rut_id) VALUES (26, '2018-02-18', 1, 26, 26, 26, 26, 26);
INSERT INTO pedido (ped_id, ped_creacion, ped_estado, emp_id, ort_id, ven_id, trn_id, rut_id) VALUES (27, '2013-01-17', 0, 27, 27, 27, 27, 27);
INSERT INTO pedido (ped_id, ped_creacion, ped_estado, emp_id, ort_id, ven_id, trn_id, rut_id) VALUES (28, '1977-03-09', 0, 28, 28, 28, 28, 28);
INSERT INTO pedido (ped_id, ped_creacion, ped_estado, emp_id, ort_id, ven_id, trn_id, rut_id) VALUES (29, '1996-03-04', 0, 29, 29, 29, 29, 29);
INSERT INTO pedido (ped_id, ped_creacion, ped_estado, emp_id, ort_id, ven_id, trn_id, rut_id) VALUES (30, '1975-02-26', 1, 30, 30, 30, 30, 30);
INSERT INTO pedido (ped_id, ped_creacion, ped_estado, emp_id, ort_id, ven_id, trn_id, rut_id) VALUES (31, '2008-12-21', 1, 31, 31, 31, 31, 31);
INSERT INTO pedido (ped_id, ped_creacion, ped_estado, emp_id, ort_id, ven_id, trn_id, rut_id) VALUES (32, '1991-06-02', 1, 32, 32, 32, 32, 32);
INSERT INTO pedido (ped_id, ped_creacion, ped_estado, emp_id, ort_id, ven_id, trn_id, rut_id) VALUES (33, '1998-11-08', 0, 33, 33, 33, 33, 33);
INSERT INTO pedido (ped_id, ped_creacion, ped_estado, emp_id, ort_id, ven_id, trn_id, rut_id) VALUES (34, '1994-07-16', 1, 34, 34, 34, 34, 34);
INSERT INTO pedido (ped_id, ped_creacion, ped_estado, emp_id, ort_id, ven_id, trn_id, rut_id) VALUES (35, '1977-06-22', 1, 35, 35, 35, 35, 35);
INSERT INTO pedido (ped_id, ped_creacion, ped_estado, emp_id, ort_id, ven_id, trn_id, rut_id) VALUES (36, '1993-03-29', 1, 36, 36, 36, 36, 36);
INSERT INTO pedido (ped_id, ped_creacion, ped_estado, emp_id, ort_id, ven_id, trn_id, rut_id) VALUES (37, '1993-08-12', 1, 37, 37, 37, 37, 37);
INSERT INTO pedido (ped_id, ped_creacion, ped_estado, emp_id, ort_id, ven_id, trn_id, rut_id) VALUES (38, '2004-08-02', 1, 38, 38, 38, 38, 38);
INSERT INTO pedido (ped_id, ped_creacion, ped_estado, emp_id, ort_id, ven_id, trn_id, rut_id) VALUES (39, '1999-02-07', 0, 39, 39, 39, 39, 39);
INSERT INTO pedido (ped_id, ped_creacion, ped_estado, emp_id, ort_id, ven_id, trn_id, rut_id) VALUES (40, '2016-12-06', 0, 40, 40, 40, 40, 40);
INSERT INTO pedido (ped_id, ped_creacion, ped_estado, emp_id, ort_id, ven_id, trn_id, rut_id) VALUES (41, '2024-04-02', 0, 41, 41, 41, 41, 41);
INSERT INTO pedido (ped_id, ped_creacion, ped_estado, emp_id, ort_id, ven_id, trn_id, rut_id) VALUES (42, '1994-05-25', 1, 42, 42, 42, 42, 42);
INSERT INTO pedido (ped_id, ped_creacion, ped_estado, emp_id, ort_id, ven_id, trn_id, rut_id) VALUES (43, '1995-05-23', 1, 43, 43, 43, 43, 43);
INSERT INTO pedido (ped_id, ped_creacion, ped_estado, emp_id, ort_id, ven_id, trn_id, rut_id) VALUES (44, '1990-07-27', 0, 44, 44, 44, 44, 44);
INSERT INTO pedido (ped_id, ped_creacion, ped_estado, emp_id, ort_id, ven_id, trn_id, rut_id) VALUES (45, '2003-11-14', 1, 45, 45, 45, 45, 45);
INSERT INTO pedido (ped_id, ped_creacion, ped_estado, emp_id, ort_id, ven_id, trn_id, rut_id) VALUES (46, '1973-02-03', 1, 46, 46, 46, 46, 46);
INSERT INTO pedido (ped_id, ped_creacion, ped_estado, emp_id, ort_id, ven_id, trn_id, rut_id) VALUES (47, '1997-03-19', 0, 47, 47, 47, 47, 47);
INSERT INTO pedido (ped_id, ped_creacion, ped_estado, emp_id, ort_id, ven_id, trn_id, rut_id) VALUES (48, '1976-09-17', 1, 48, 48, 48, 48, 48);
INSERT INTO pedido (ped_id, ped_creacion, ped_estado, emp_id, ort_id, ven_id, trn_id, rut_id) VALUES (49, '1978-11-30', 1, 49, 49, 49, 49, 49);
INSERT INTO pedido (ped_id, ped_creacion, ped_estado, emp_id, ort_id, ven_id, trn_id, rut_id) VALUES (50, '2000-01-11', 1, 50, 50, 50, 50, 50);
INSERT INTO pedido (ped_id, ped_creacion, ped_estado, emp_id, ort_id, ven_id, trn_id, rut_id) VALUES (51, '2004-01-26', 0, 51, 51, 51, 51, 51);
INSERT INTO pedido (ped_id, ped_creacion, ped_estado, emp_id, ort_id, ven_id, trn_id, rut_id) VALUES (52, '1996-04-26', 0, 52, 52, 52, 52, 52);
INSERT INTO pedido (ped_id, ped_creacion, ped_estado, emp_id, ort_id, ven_id, trn_id, rut_id) VALUES (53, '1996-03-01', 1, 53, 53, 53, 53, 53);
INSERT INTO pedido (ped_id, ped_creacion, ped_estado, emp_id, ort_id, ven_id, trn_id, rut_id) VALUES (54, '1978-02-11', 1, 54, 54, 54, 54, 54);
INSERT INTO pedido (ped_id, ped_creacion, ped_estado, emp_id, ort_id, ven_id, trn_id, rut_id) VALUES (55, '1999-12-27', 1, 55, 55, 55, 55, 55);
INSERT INTO pedido (ped_id, ped_creacion, ped_estado, emp_id, ort_id, ven_id, trn_id, rut_id) VALUES (56, '2006-03-02', 1, 56, 56, 56, 56, 56);
INSERT INTO pedido (ped_id, ped_creacion, ped_estado, emp_id, ort_id, ven_id, trn_id, rut_id) VALUES (57, '2020-05-05', 1, 57, 57, 57, 57, 57);
INSERT INTO pedido (ped_id, ped_creacion, ped_estado, emp_id, ort_id, ven_id, trn_id, rut_id) VALUES (58, '2010-03-19', 0, 58, 58, 58, 58, 58);
INSERT INTO pedido (ped_id, ped_creacion, ped_estado, emp_id, ort_id, ven_id, trn_id, rut_id) VALUES (59, '2008-10-04', 0, 59, 59, 59, 59, 59);
INSERT INTO pedido (ped_id, ped_creacion, ped_estado, emp_id, ort_id, ven_id, trn_id, rut_id) VALUES (60, '1974-05-21', 1, 60, 60, 60, 60, 60);
INSERT INTO pedido (ped_id, ped_creacion, ped_estado, emp_id, ort_id, ven_id, trn_id, rut_id) VALUES (61, '2016-09-16', 1, 61, 61, 61, 61, 61);
INSERT INTO pedido (ped_id, ped_creacion, ped_estado, emp_id, ort_id, ven_id, trn_id, rut_id) VALUES (62, '1987-06-24', 1, 62, 62, 62, 62, 62);
INSERT INTO pedido (ped_id, ped_creacion, ped_estado, emp_id, ort_id, ven_id, trn_id, rut_id) VALUES (63, '1995-11-22', 0, 63, 63, 63, 63, 63);
INSERT INTO pedido (ped_id, ped_creacion, ped_estado, emp_id, ort_id, ven_id, trn_id, rut_id) VALUES (64, '1995-06-18', 1, 64, 64, 64, 64, 64);
INSERT INTO pedido (ped_id, ped_creacion, ped_estado, emp_id, ort_id, ven_id, trn_id, rut_id) VALUES (65, '2022-11-17', 1, 65, 65, 65, 65, 65);
INSERT INTO pedido (ped_id, ped_creacion, ped_estado, emp_id, ort_id, ven_id, trn_id, rut_id) VALUES (66, '1994-02-22', 1, 66, 66, 66, 66, 66);
INSERT INTO pedido (ped_id, ped_creacion, ped_estado, emp_id, ort_id, ven_id, trn_id, rut_id) VALUES (67, '2010-10-05', 0, 67, 67, 67, 67, 67);
INSERT INTO pedido (ped_id, ped_creacion, ped_estado, emp_id, ort_id, ven_id, trn_id, rut_id) VALUES (68, '1974-12-10', 0, 68, 68, 68, 68, 68);
INSERT INTO pedido (ped_id, ped_creacion, ped_estado, emp_id, ort_id, ven_id, trn_id, rut_id) VALUES (69, '2011-06-12', 1, 69, 69, 69, 69, 69);
INSERT INTO pedido (ped_id, ped_creacion, ped_estado, emp_id, ort_id, ven_id, trn_id, rut_id) VALUES (70, '1987-10-20', 1, 70, 70, 70, 70, 70);
INSERT INTO pedido (ped_id, ped_creacion, ped_estado, emp_id, ort_id, ven_id, trn_id, rut_id) VALUES (71, '2004-10-22', 0, 71, 71, 71, 71, 71);
INSERT INTO pedido (ped_id, ped_creacion, ped_estado, emp_id, ort_id, ven_id, trn_id, rut_id) VALUES (72, '1970-02-14', 0, 72, 72, 72, 72, 72);
INSERT INTO pedido (ped_id, ped_creacion, ped_estado, emp_id, ort_id, ven_id, trn_id, rut_id) VALUES (73, '2010-11-26', 1, 73, 73, 73, 73, 73);
INSERT INTO pedido (ped_id, ped_creacion, ped_estado, emp_id, ort_id, ven_id, trn_id, rut_id) VALUES (74, '1982-08-27', 0, 74, 74, 74, 74, 74);
INSERT INTO pedido (ped_id, ped_creacion, ped_estado, emp_id, ort_id, ven_id, trn_id, rut_id) VALUES (75, '2013-11-26', 0, 75, 75, 75, 75, 75);
INSERT INTO pedido (ped_id, ped_creacion, ped_estado, emp_id, ort_id, ven_id, trn_id, rut_id) VALUES (76, '1987-07-24', 0, 76, 76, 76, 76, 76);
INSERT INTO pedido (ped_id, ped_creacion, ped_estado, emp_id, ort_id, ven_id, trn_id, rut_id) VALUES (77, '2004-01-12', 1, 77, 77, 77, 77, 77);
INSERT INTO pedido (ped_id, ped_creacion, ped_estado, emp_id, ort_id, ven_id, trn_id, rut_id) VALUES (78, '2018-01-18', 0, 78, 78, 78, 78, 78);
INSERT INTO pedido (ped_id, ped_creacion, ped_estado, emp_id, ort_id, ven_id, trn_id, rut_id) VALUES (79, '2001-01-08', 1, 79, 79, 79, 79, 79);
INSERT INTO pedido (ped_id, ped_creacion, ped_estado, emp_id, ort_id, ven_id, trn_id, rut_id) VALUES (80, '2000-12-19', 0, 80, 80, 80, 80, 80);
INSERT INTO pedido (ped_id, ped_creacion, ped_estado, emp_id, ort_id, ven_id, trn_id, rut_id) VALUES (81, '1977-06-28', 1, 81, 81, 81, 81, 81);
INSERT INTO pedido (ped_id, ped_creacion, ped_estado, emp_id, ort_id, ven_id, trn_id, rut_id) VALUES (82, '2004-09-16', 0, 82, 82, 82, 82, 82);
INSERT INTO pedido (ped_id, ped_creacion, ped_estado, emp_id, ort_id, ven_id, trn_id, rut_id) VALUES (83, '1982-02-20', 1, 83, 83, 83, 83, 83);
INSERT INTO pedido (ped_id, ped_creacion, ped_estado, emp_id, ort_id, ven_id, trn_id, rut_id) VALUES (84, '2002-04-02', 0, 84, 84, 84, 84, 84);
INSERT INTO pedido (ped_id, ped_creacion, ped_estado, emp_id, ort_id, ven_id, trn_id, rut_id) VALUES (85, '1992-11-01', 0, 85, 85, 85, 85, 85);
INSERT INTO pedido (ped_id, ped_creacion, ped_estado, emp_id, ort_id, ven_id, trn_id, rut_id) VALUES (86, '2016-03-19', 1, 86, 86, 86, 86, 86);
INSERT INTO pedido (ped_id, ped_creacion, ped_estado, emp_id, ort_id, ven_id, trn_id, rut_id) VALUES (87, '1995-07-13', 1, 87, 87, 87, 87, 87);
INSERT INTO pedido (ped_id, ped_creacion, ped_estado, emp_id, ort_id, ven_id, trn_id, rut_id) VALUES (88, '2023-12-17', 0, 88, 88, 88, 88, 88);
INSERT INTO pedido (ped_id, ped_creacion, ped_estado, emp_id, ort_id, ven_id, trn_id, rut_id) VALUES (89, '2007-05-19', 1, 89, 89, 89, 89, 89);
INSERT INTO pedido (ped_id, ped_creacion, ped_estado, emp_id, ort_id, ven_id, trn_id, rut_id) VALUES (90, '1985-12-24', 1, 90, 90, 90, 90, 90);
INSERT INTO pedido (ped_id, ped_creacion, ped_estado, emp_id, ort_id, ven_id, trn_id, rut_id) VALUES (91, '1973-12-30', 1, 91, 91, 91, 91, 91);
INSERT INTO pedido (ped_id, ped_creacion, ped_estado, emp_id, ort_id, ven_id, trn_id, rut_id) VALUES (92, '2013-09-02', 1, 92, 92, 92, 92, 92);
INSERT INTO pedido (ped_id, ped_creacion, ped_estado, emp_id, ort_id, ven_id, trn_id, rut_id) VALUES (93, '1971-03-14', 1, 93, 93, 93, 93, 93);
INSERT INTO pedido (ped_id, ped_creacion, ped_estado, emp_id, ort_id, ven_id, trn_id, rut_id) VALUES (94, '2000-01-15', 0, 94, 94, 94, 94, 94);
INSERT INTO pedido (ped_id, ped_creacion, ped_estado, emp_id, ort_id, ven_id, trn_id, rut_id) VALUES (95, '2007-12-28', 1, 95, 95, 95, 95, 95);
INSERT INTO pedido (ped_id, ped_creacion, ped_estado, emp_id, ort_id, ven_id, trn_id, rut_id) VALUES (96, '2013-10-16', 0, 96, 96, 96, 96, 96);
INSERT INTO pedido (ped_id, ped_creacion, ped_estado, emp_id, ort_id, ven_id, trn_id, rut_id) VALUES (97, '2023-09-30', 1, 97, 97, 97, 97, 97);
INSERT INTO pedido (ped_id, ped_creacion, ped_estado, emp_id, ort_id, ven_id, trn_id, rut_id) VALUES (98, '1979-07-31', 0, 98, 98, 98, 98, 98);
INSERT INTO pedido (ped_id, ped_creacion, ped_estado, emp_id, ort_id, ven_id, trn_id, rut_id) VALUES (99, '1982-05-31', 1, 99, 99, 99, 99, 99);
INSERT INTO pedido (ped_id, ped_creacion, ped_estado, emp_id, ort_id, ven_id, trn_id, rut_id) VALUES (100, '2020-11-09', 0, 100, 100, 100, 100, 100);
INSERT INTO transporte (trn_id, trn_tipo, trn_capacidad) VALUES (1, 'again', 1);
INSERT INTO transporte (trn_id, trn_tipo, trn_capacidad) VALUES (2, 'program', 2);
INSERT INTO transporte (trn_id, trn_tipo, trn_capacidad) VALUES (3, 'newspaper', 3);
INSERT INTO transporte (trn_id, trn_tipo, trn_capacidad) VALUES (4, 'piece', 4);
INSERT INTO transporte (trn_id, trn_tipo, trn_capacidad) VALUES (5, 'tonight', 5);
INSERT INTO transporte (trn_id, trn_tipo, trn_capacidad) VALUES (6, 'cover', 6);
INSERT INTO transporte (trn_id, trn_tipo, trn_capacidad) VALUES (7, 'outside', 7);
INSERT INTO transporte (trn_id, trn_tipo, trn_capacidad) VALUES (8, 'performance', 8);
INSERT INTO transporte (trn_id, trn_tipo, trn_capacidad) VALUES (9, 'section', 9);
INSERT INTO transporte (trn_id, trn_tipo, trn_capacidad) VALUES (10, 'throw', 10);
INSERT INTO transporte (trn_id, trn_tipo, trn_capacidad) VALUES (11, 'sound', 11);
INSERT INTO transporte (trn_id, trn_tipo, trn_capacidad) VALUES (12, 'note', 12);
INSERT INTO transporte (trn_id, trn_tipo, trn_capacidad) VALUES (13, 'tell', 13);
INSERT INTO transporte (trn_id, trn_tipo, trn_capacidad) VALUES (14, 'reality', 14);
INSERT INTO transporte (trn_id, trn_tipo, trn_capacidad) VALUES (15, 'actually', 15);
INSERT INTO transporte (trn_id, trn_tipo, trn_capacidad) VALUES (16, 'suggest', 16);
INSERT INTO transporte (trn_id, trn_tipo, trn_capacidad) VALUES (17, 'trouble', 17);
INSERT INTO transporte (trn_id, trn_tipo, trn_capacidad) VALUES (18, 'her', 18);
INSERT INTO transporte (trn_id, trn_tipo, trn_capacidad) VALUES (19, 'worker', 19);
INSERT INTO transporte (trn_id, trn_tipo, trn_capacidad) VALUES (20, 'join', 20);
INSERT INTO transporte (trn_id, trn_tipo, trn_capacidad) VALUES (21, 'performance', 21);
INSERT INTO transporte (trn_id, trn_tipo, trn_capacidad) VALUES (22, 'feeling', 22);
INSERT INTO transporte (trn_id, trn_tipo, trn_capacidad) VALUES (23, 'deal', 23);
INSERT INTO transporte (trn_id, trn_tipo, trn_capacidad) VALUES (24, 'marriage', 24);
INSERT INTO transporte (trn_id, trn_tipo, trn_capacidad) VALUES (25, 'tend', 25);
INSERT INTO transporte (trn_id, trn_tipo, trn_capacidad) VALUES (26, 'degree', 26);
INSERT INTO transporte (trn_id, trn_tipo, trn_capacidad) VALUES (27, 'develop', 27);
INSERT INTO transporte (trn_id, trn_tipo, trn_capacidad) VALUES (28, 'fill', 28);
INSERT INTO transporte (trn_id, trn_tipo, trn_capacidad) VALUES (29, 'admit', 29);
INSERT INTO transporte (trn_id, trn_tipo, trn_capacidad) VALUES (30, 'itself', 30);
INSERT INTO transporte (trn_id, trn_tipo, trn_capacidad) VALUES (31, 'need', 31);
INSERT INTO transporte (trn_id, trn_tipo, trn_capacidad) VALUES (32, 'apply', 32);
INSERT INTO transporte (trn_id, trn_tipo, trn_capacidad) VALUES (33, 'investment', 33);
INSERT INTO transporte (trn_id, trn_tipo, trn_capacidad) VALUES (34, 'according', 34);
INSERT INTO transporte (trn_id, trn_tipo, trn_capacidad) VALUES (35, 'necessary', 35);
INSERT INTO transporte (trn_id, trn_tipo, trn_capacidad) VALUES (36, 'stay', 36);
INSERT INTO transporte (trn_id, trn_tipo, trn_capacidad) VALUES (37, 'always', 37);
INSERT INTO transporte (trn_id, trn_tipo, trn_capacidad) VALUES (38, 'thousand', 38);
INSERT INTO transporte (trn_id, trn_tipo, trn_capacidad) VALUES (39, 'term', 39);
INSERT INTO transporte (trn_id, trn_tipo, trn_capacidad) VALUES (40, 'teacher', 40);
INSERT INTO transporte (trn_id, trn_tipo, trn_capacidad) VALUES (41, 'quickly', 41);
INSERT INTO transporte (trn_id, trn_tipo, trn_capacidad) VALUES (42, 'management', 42);
INSERT INTO transporte (trn_id, trn_tipo, trn_capacidad) VALUES (43, 'beyond', 43);
INSERT INTO transporte (trn_id, trn_tipo, trn_capacidad) VALUES (44, 'source', 44);
INSERT INTO transporte (trn_id, trn_tipo, trn_capacidad) VALUES (45, 'prove', 45);
INSERT INTO transporte (trn_id, trn_tipo, trn_capacidad) VALUES (46, 'member', 46);
INSERT INTO transporte (trn_id, trn_tipo, trn_capacidad) VALUES (47, 'me', 47);
INSERT INTO transporte (trn_id, trn_tipo, trn_capacidad) VALUES (48, 'people', 48);
INSERT INTO transporte (trn_id, trn_tipo, trn_capacidad) VALUES (49, 'rather', 49);
INSERT INTO transporte (trn_id, trn_tipo, trn_capacidad) VALUES (50, 'dinner', 50);
INSERT INTO transporte (trn_id, trn_tipo, trn_capacidad) VALUES (51, 'answer', 51);
INSERT INTO transporte (trn_id, trn_tipo, trn_capacidad) VALUES (52, 'call', 52);
INSERT INTO transporte (trn_id, trn_tipo, trn_capacidad) VALUES (53, 'public', 53);
INSERT INTO transporte (trn_id, trn_tipo, trn_capacidad) VALUES (54, 'both', 54);
INSERT INTO transporte (trn_id, trn_tipo, trn_capacidad) VALUES (55, 'statement', 55);
INSERT INTO transporte (trn_id, trn_tipo, trn_capacidad) VALUES (56, 'too', 56);
INSERT INTO transporte (trn_id, trn_tipo, trn_capacidad) VALUES (57, 'inside', 57);
INSERT INTO transporte (trn_id, trn_tipo, trn_capacidad) VALUES (58, 'white', 58);
INSERT INTO transporte (trn_id, trn_tipo, trn_capacidad) VALUES (59, 'program', 59);
INSERT INTO transporte (trn_id, trn_tipo, trn_capacidad) VALUES (60, 'guess', 60);
INSERT INTO transporte (trn_id, trn_tipo, trn_capacidad) VALUES (61, 'sing', 61);
INSERT INTO transporte (trn_id, trn_tipo, trn_capacidad) VALUES (62, 'voice', 62);
INSERT INTO transporte (trn_id, trn_tipo, trn_capacidad) VALUES (63, 'drop', 63);
INSERT INTO transporte (trn_id, trn_tipo, trn_capacidad) VALUES (64, 'present', 64);
INSERT INTO transporte (trn_id, trn_tipo, trn_capacidad) VALUES (65, 'night', 65);
INSERT INTO transporte (trn_id, trn_tipo, trn_capacidad) VALUES (66, 'smile', 66);
INSERT INTO transporte (trn_id, trn_tipo, trn_capacidad) VALUES (67, 'compare', 67);
INSERT INTO transporte (trn_id, trn_tipo, trn_capacidad) VALUES (68, 'you', 68);
INSERT INTO transporte (trn_id, trn_tipo, trn_capacidad) VALUES (69, 'national', 69);
INSERT INTO transporte (trn_id, trn_tipo, trn_capacidad) VALUES (70, 'forward', 70);
INSERT INTO transporte (trn_id, trn_tipo, trn_capacidad) VALUES (71, 'cover', 71);
INSERT INTO transporte (trn_id, trn_tipo, trn_capacidad) VALUES (72, 'back', 72);
INSERT INTO transporte (trn_id, trn_tipo, trn_capacidad) VALUES (73, 'best', 73);
INSERT INTO transporte (trn_id, trn_tipo, trn_capacidad) VALUES (74, 'matter', 74);
INSERT INTO transporte (trn_id, trn_tipo, trn_capacidad) VALUES (75, 'agreement', 75);
INSERT INTO transporte (trn_id, trn_tipo, trn_capacidad) VALUES (76, 'might', 76);
INSERT INTO transporte (trn_id, trn_tipo, trn_capacidad) VALUES (77, 'understand', 77);
INSERT INTO transporte (trn_id, trn_tipo, trn_capacidad) VALUES (78, 'time', 78);
INSERT INTO transporte (trn_id, trn_tipo, trn_capacidad) VALUES (79, 'prevent', 79);
INSERT INTO transporte (trn_id, trn_tipo, trn_capacidad) VALUES (80, 'degree', 80);
INSERT INTO transporte (trn_id, trn_tipo, trn_capacidad) VALUES (81, 'for', 81);
INSERT INTO transporte (trn_id, trn_tipo, trn_capacidad) VALUES (82, 'across', 82);
INSERT INTO transporte (trn_id, trn_tipo, trn_capacidad) VALUES (83, 'year', 83);
INSERT INTO transporte (trn_id, trn_tipo, trn_capacidad) VALUES (84, 'whether', 84);
INSERT INTO transporte (trn_id, trn_tipo, trn_capacidad) VALUES (85, 'cold', 85);
INSERT INTO transporte (trn_id, trn_tipo, trn_capacidad) VALUES (86, 'back', 86);
INSERT INTO transporte (trn_id, trn_tipo, trn_capacidad) VALUES (87, 'so', 87);
INSERT INTO transporte (trn_id, trn_tipo, trn_capacidad) VALUES (88, 'true', 88);
INSERT INTO transporte (trn_id, trn_tipo, trn_capacidad) VALUES (89, 'strategy', 89);
INSERT INTO transporte (trn_id, trn_tipo, trn_capacidad) VALUES (90, 'language', 90);
INSERT INTO transporte (trn_id, trn_tipo, trn_capacidad) VALUES (91, 'begin', 91);
INSERT INTO transporte (trn_id, trn_tipo, trn_capacidad) VALUES (92, 'question', 92);
INSERT INTO transporte (trn_id, trn_tipo, trn_capacidad) VALUES (93, 'nation', 93);
INSERT INTO transporte (trn_id, trn_tipo, trn_capacidad) VALUES (94, 'yard', 94);
INSERT INTO transporte (trn_id, trn_tipo, trn_capacidad) VALUES (95, 'democratic', 95);
INSERT INTO transporte (trn_id, trn_tipo, trn_capacidad) VALUES (96, 'democratic', 96);
INSERT INTO transporte (trn_id, trn_tipo, trn_capacidad) VALUES (97, 'sound', 97);
INSERT INTO transporte (trn_id, trn_tipo, trn_capacidad) VALUES (98, 'likely', 98);
INSERT INTO transporte (trn_id, trn_tipo, trn_capacidad) VALUES (99, 'low', 99);
INSERT INTO transporte (trn_id, trn_tipo, trn_capacidad) VALUES (100, 'quality', 100);
INSERT INTO ruta (rut_id, rut_origen, rut_destino, rut_tiempo_estimado) VALUES (1, 'well', 'east', '1991-07-11');
INSERT INTO ruta (rut_id, rut_origen, rut_destino, rut_tiempo_estimado) VALUES (2, 'measure', 'itself', '2011-11-09');
INSERT INTO ruta (rut_id, rut_origen, rut_destino, rut_tiempo_estimado) VALUES (3, 'behavior', 'wish', '2020-05-02');
INSERT INTO ruta (rut_id, rut_origen, rut_destino, rut_tiempo_estimado) VALUES (4, 'fast', 'student', '1971-06-25');
INSERT INTO ruta (rut_id, rut_origen, rut_destino, rut_tiempo_estimado) VALUES (5, 'once', 'herself', '1970-06-05');
INSERT INTO ruta (rut_id, rut_origen, rut_destino, rut_tiempo_estimado) VALUES (6, 'follow', 'account', '2007-01-18');
INSERT INTO ruta (rut_id, rut_origen, rut_destino, rut_tiempo_estimado) VALUES (7, 'modern', 'exactly', '1995-02-24');
INSERT INTO ruta (rut_id, rut_origen, rut_destino, rut_tiempo_estimado) VALUES (8, 'thing', 'step', '2006-05-19');
INSERT INTO ruta (rut_id, rut_origen, rut_destino, rut_tiempo_estimado) VALUES (9, 'drive', 'campaign', '1971-05-12');
INSERT INTO ruta (rut_id, rut_origen, rut_destino, rut_tiempo_estimado) VALUES (10, 'whose', 'property', '1977-07-05');
INSERT INTO ruta (rut_id, rut_origen, rut_destino, rut_tiempo_estimado) VALUES (11, 'despite', 'future', '1976-02-14');
INSERT INTO ruta (rut_id, rut_origen, rut_destino, rut_tiempo_estimado) VALUES (12, 'trade', 'light', '2002-10-11');
INSERT INTO ruta (rut_id, rut_origen, rut_destino, rut_tiempo_estimado) VALUES (13, 'rock', 'scene', '1981-07-02');
INSERT INTO ruta (rut_id, rut_origen, rut_destino, rut_tiempo_estimado) VALUES (14, 'project', 'list', '1977-02-26');
INSERT INTO ruta (rut_id, rut_origen, rut_destino, rut_tiempo_estimado) VALUES (15, 'social', 'might', '1977-04-02');
INSERT INTO ruta (rut_id, rut_origen, rut_destino, rut_tiempo_estimado) VALUES (16, 'finally', 'name', '2009-12-15');
INSERT INTO ruta (rut_id, rut_origen, rut_destino, rut_tiempo_estimado) VALUES (17, 'imagine', 'box', '1986-01-30');
INSERT INTO ruta (rut_id, rut_origen, rut_destino, rut_tiempo_estimado) VALUES (18, 'billion', 'must', '1972-02-23');
INSERT INTO ruta (rut_id, rut_origen, rut_destino, rut_tiempo_estimado) VALUES (19, 'air', 'fund', '1978-01-06');
INSERT INTO ruta (rut_id, rut_origen, rut_destino, rut_tiempo_estimado) VALUES (20, 'worry', 'moment', '1984-12-07');
INSERT INTO ruta (rut_id, rut_origen, rut_destino, rut_tiempo_estimado) VALUES (21, 'show', 'yard', '1981-09-10');
INSERT INTO ruta (rut_id, rut_origen, rut_destino, rut_tiempo_estimado) VALUES (22, 'listen', 'program', '2015-03-14');
INSERT INTO ruta (rut_id, rut_origen, rut_destino, rut_tiempo_estimado) VALUES (23, 'step', 'future', '1989-01-24');
INSERT INTO ruta (rut_id, rut_origen, rut_destino, rut_tiempo_estimado) VALUES (24, 'room', 'order', '2019-09-19');
INSERT INTO ruta (rut_id, rut_origen, rut_destino, rut_tiempo_estimado) VALUES (25, 'participant', 'option', '1997-09-29');
INSERT INTO ruta (rut_id, rut_origen, rut_destino, rut_tiempo_estimado) VALUES (26, 'maybe', 'series', '2011-06-11');
INSERT INTO ruta (rut_id, rut_origen, rut_destino, rut_tiempo_estimado) VALUES (27, 'image', 'my', '1974-02-09');
INSERT INTO ruta (rut_id, rut_origen, rut_destino, rut_tiempo_estimado) VALUES (28, 'war', 'turn', '2000-05-28');
INSERT INTO ruta (rut_id, rut_origen, rut_destino, rut_tiempo_estimado) VALUES (29, 'bring', 'trip', '1987-01-27');
INSERT INTO ruta (rut_id, rut_origen, rut_destino, rut_tiempo_estimado) VALUES (30, 'plant', 'back', '2010-01-11');
INSERT INTO ruta (rut_id, rut_origen, rut_destino, rut_tiempo_estimado) VALUES (31, 'deep', 'material', '2014-07-31');
INSERT INTO ruta (rut_id, rut_origen, rut_destino, rut_tiempo_estimado) VALUES (32, 'cell', 'generation', '1979-12-21');
INSERT INTO ruta (rut_id, rut_origen, rut_destino, rut_tiempo_estimado) VALUES (33, 'himself', 'various', '1976-08-11');
INSERT INTO ruta (rut_id, rut_origen, rut_destino, rut_tiempo_estimado) VALUES (34, 'recent', 'theory', '1976-08-12');
INSERT INTO ruta (rut_id, rut_origen, rut_destino, rut_tiempo_estimado) VALUES (35, 'election', 'soon', '2024-06-04');
INSERT INTO ruta (rut_id, rut_origen, rut_destino, rut_tiempo_estimado) VALUES (36, 'story', 'we', '1987-01-09');
INSERT INTO ruta (rut_id, rut_origen, rut_destino, rut_tiempo_estimado) VALUES (37, 'impact', 'from', '1972-07-31');
INSERT INTO ruta (rut_id, rut_origen, rut_destino, rut_tiempo_estimado) VALUES (38, 'accept', 'court', '1971-10-19');
INSERT INTO ruta (rut_id, rut_origen, rut_destino, rut_tiempo_estimado) VALUES (39, 'leave', 'someone', '1985-04-06');
INSERT INTO ruta (rut_id, rut_origen, rut_destino, rut_tiempo_estimado) VALUES (40, 'force', 'too', '1995-07-22');
INSERT INTO ruta (rut_id, rut_origen, rut_destino, rut_tiempo_estimado) VALUES (41, 'exactly', 'reduce', '1972-09-02');
INSERT INTO ruta (rut_id, rut_origen, rut_destino, rut_tiempo_estimado) VALUES (42, 'oil', 'ten', '1989-02-18');
INSERT INTO ruta (rut_id, rut_origen, rut_destino, rut_tiempo_estimado) VALUES (43, 'statement', 'fish', '2005-08-22');
INSERT INTO ruta (rut_id, rut_origen, rut_destino, rut_tiempo_estimado) VALUES (44, 'skin', 'every', '1970-02-24');
INSERT INTO ruta (rut_id, rut_origen, rut_destino, rut_tiempo_estimado) VALUES (45, 'record', 'fear', '2004-06-08');
INSERT INTO ruta (rut_id, rut_origen, rut_destino, rut_tiempo_estimado) VALUES (46, 'plan', 'catch', '1999-05-30');
INSERT INTO ruta (rut_id, rut_origen, rut_destino, rut_tiempo_estimado) VALUES (47, 'page', 'do', '1979-12-13');
INSERT INTO ruta (rut_id, rut_origen, rut_destino, rut_tiempo_estimado) VALUES (48, 'speech', 'threat', '2002-09-26');
INSERT INTO ruta (rut_id, rut_origen, rut_destino, rut_tiempo_estimado) VALUES (49, 'also', 'pressure', '2002-10-02');
INSERT INTO ruta (rut_id, rut_origen, rut_destino, rut_tiempo_estimado) VALUES (50, 'out', 'huge', '2023-02-17');
INSERT INTO ruta (rut_id, rut_origen, rut_destino, rut_tiempo_estimado) VALUES (51, 'newspaper', 'second', '1990-11-11');
INSERT INTO ruta (rut_id, rut_origen, rut_destino, rut_tiempo_estimado) VALUES (52, 'operation', 'yourself', '2005-05-09');
INSERT INTO ruta (rut_id, rut_origen, rut_destino, rut_tiempo_estimado) VALUES (53, 'his', 'finish', '1990-05-28');
INSERT INTO ruta (rut_id, rut_origen, rut_destino, rut_tiempo_estimado) VALUES (54, 'cause', 'easy', '1973-11-12');
INSERT INTO ruta (rut_id, rut_origen, rut_destino, rut_tiempo_estimado) VALUES (55, 'industry', 'until', '1973-05-17');
INSERT INTO ruta (rut_id, rut_origen, rut_destino, rut_tiempo_estimado) VALUES (56, 'may', 'position', '2006-11-07');
INSERT INTO ruta (rut_id, rut_origen, rut_destino, rut_tiempo_estimado) VALUES (57, 'nor', 'although', '1999-12-17');
INSERT INTO ruta (rut_id, rut_origen, rut_destino, rut_tiempo_estimado) VALUES (58, 'lose', 'language', '2020-03-01');
INSERT INTO ruta (rut_id, rut_origen, rut_destino, rut_tiempo_estimado) VALUES (59, 'either', 'join', '1974-08-24');
INSERT INTO ruta (rut_id, rut_origen, rut_destino, rut_tiempo_estimado) VALUES (60, 'drug', 'officer', '1980-02-09');
INSERT INTO ruta (rut_id, rut_origen, rut_destino, rut_tiempo_estimado) VALUES (61, 'like', 'amount', '1998-03-02');
INSERT INTO ruta (rut_id, rut_origen, rut_destino, rut_tiempo_estimado) VALUES (62, 'per', 'back', '2018-12-13');
INSERT INTO ruta (rut_id, rut_origen, rut_destino, rut_tiempo_estimado) VALUES (63, 'recognize', 'speak', '1981-05-21');
INSERT INTO ruta (rut_id, rut_origen, rut_destino, rut_tiempo_estimado) VALUES (64, 'skill', 'American', '2010-01-03');
INSERT INTO ruta (rut_id, rut_origen, rut_destino, rut_tiempo_estimado) VALUES (65, 'really', 'free', '1970-09-23');
INSERT INTO ruta (rut_id, rut_origen, rut_destino, rut_tiempo_estimado) VALUES (66, 'body', 'final', '2013-05-29');
INSERT INTO ruta (rut_id, rut_origen, rut_destino, rut_tiempo_estimado) VALUES (67, 'price', 'perform', '1988-12-06');
INSERT INTO ruta (rut_id, rut_origen, rut_destino, rut_tiempo_estimado) VALUES (68, 'of', 'gun', '1972-04-23');
INSERT INTO ruta (rut_id, rut_origen, rut_destino, rut_tiempo_estimado) VALUES (69, 'continue', 'use', '2014-03-04');
INSERT INTO ruta (rut_id, rut_origen, rut_destino, rut_tiempo_estimado) VALUES (70, 'may', 'name', '1984-10-30');
INSERT INTO ruta (rut_id, rut_origen, rut_destino, rut_tiempo_estimado) VALUES (71, 'energy', 'measure', '2006-09-15');
INSERT INTO ruta (rut_id, rut_origen, rut_destino, rut_tiempo_estimado) VALUES (72, 'worry', 'parent', '2007-11-05');
INSERT INTO ruta (rut_id, rut_origen, rut_destino, rut_tiempo_estimado) VALUES (73, 'forget', 'national', '1991-07-03');
INSERT INTO ruta (rut_id, rut_origen, rut_destino, rut_tiempo_estimado) VALUES (74, 'impact', 'tell', '1971-07-08');
INSERT INTO ruta (rut_id, rut_origen, rut_destino, rut_tiempo_estimado) VALUES (75, 'south', 'pick', '1997-12-21');
INSERT INTO ruta (rut_id, rut_origen, rut_destino, rut_tiempo_estimado) VALUES (76, 'if', 'water', '2022-10-09');
INSERT INTO ruta (rut_id, rut_origen, rut_destino, rut_tiempo_estimado) VALUES (77, 'discussion', 'draw', '1982-05-26');
INSERT INTO ruta (rut_id, rut_origen, rut_destino, rut_tiempo_estimado) VALUES (78, 'your', 'however', '1998-12-10');
INSERT INTO ruta (rut_id, rut_origen, rut_destino, rut_tiempo_estimado) VALUES (79, 'build', 'hard', '1996-09-30');
INSERT INTO ruta (rut_id, rut_origen, rut_destino, rut_tiempo_estimado) VALUES (80, 'sea', 'deep', '1988-12-06');
INSERT INTO ruta (rut_id, rut_origen, rut_destino, rut_tiempo_estimado) VALUES (81, 'grow', 'eye', '2003-10-23');
INSERT INTO ruta (rut_id, rut_origen, rut_destino, rut_tiempo_estimado) VALUES (82, 'until', 'south', '2004-02-14');
INSERT INTO ruta (rut_id, rut_origen, rut_destino, rut_tiempo_estimado) VALUES (83, 'here', 'talk', '1988-11-30');
INSERT INTO ruta (rut_id, rut_origen, rut_destino, rut_tiempo_estimado) VALUES (84, 'official', 'business', '1973-07-23');
INSERT INTO ruta (rut_id, rut_origen, rut_destino, rut_tiempo_estimado) VALUES (85, 'deal', 'also', '1992-10-17');
INSERT INTO ruta (rut_id, rut_origen, rut_destino, rut_tiempo_estimado) VALUES (86, 'sometimes', 'two', '2007-09-09');
INSERT INTO ruta (rut_id, rut_origen, rut_destino, rut_tiempo_estimado) VALUES (87, 'defense', 'head', '2013-08-13');
INSERT INTO ruta (rut_id, rut_origen, rut_destino, rut_tiempo_estimado) VALUES (88, 'grow', 'teacher', '1997-03-03');
INSERT INTO ruta (rut_id, rut_origen, rut_destino, rut_tiempo_estimado) VALUES (89, 'site', 'pay', '2024-05-03');
INSERT INTO ruta (rut_id, rut_origen, rut_destino, rut_tiempo_estimado) VALUES (90, 'they', 'political', '2014-10-27');
INSERT INTO ruta (rut_id, rut_origen, rut_destino, rut_tiempo_estimado) VALUES (91, 'while', 'already', '1991-05-15');
INSERT INTO ruta (rut_id, rut_origen, rut_destino, rut_tiempo_estimado) VALUES (92, 'north', 'prepare', '1985-05-11');
INSERT INTO ruta (rut_id, rut_origen, rut_destino, rut_tiempo_estimado) VALUES (93, 'economic', 'manager', '2008-11-09');
INSERT INTO ruta (rut_id, rut_origen, rut_destino, rut_tiempo_estimado) VALUES (94, 'happen', 'be', '1988-09-05');
INSERT INTO ruta (rut_id, rut_origen, rut_destino, rut_tiempo_estimado) VALUES (95, 'institution', 'anything', '1998-11-21');
INSERT INTO ruta (rut_id, rut_origen, rut_destino, rut_tiempo_estimado) VALUES (96, 'position', 'list', '1984-07-15');
INSERT INTO ruta (rut_id, rut_origen, rut_destino, rut_tiempo_estimado) VALUES (97, 'act', 'much', '1993-09-01');
INSERT INTO ruta (rut_id, rut_origen, rut_destino, rut_tiempo_estimado) VALUES (98, 'above', 'child', '2016-10-30');
INSERT INTO ruta (rut_id, rut_origen, rut_destino, rut_tiempo_estimado) VALUES (99, 'sure', 'century', '1973-04-23');
INSERT INTO ruta (rut_id, rut_origen, rut_destino, rut_tiempo_estimado) VALUES (100, 'attention', 'picture', '1979-12-24');
INSERT INTO inventario (inv_id, pro_id, inv_cantidad, inv_ubicacion, inv_creacion, inv_estado) VALUES (1, 1, 1, 'director', '2015-02-23', 0);
INSERT INTO inventario (inv_id, pro_id, inv_cantidad, inv_ubicacion, inv_creacion, inv_estado) VALUES (2, 2, 2, 'world', '2002-04-17', 1);
INSERT INTO inventario (inv_id, pro_id, inv_cantidad, inv_ubicacion, inv_creacion, inv_estado) VALUES (3, 3, 3, 'check', '2020-11-15', 0);
INSERT INTO inventario (inv_id, pro_id, inv_cantidad, inv_ubicacion, inv_creacion, inv_estado) VALUES (4, 4, 4, 'price', '2011-01-10', 0);
INSERT INTO inventario (inv_id, pro_id, inv_cantidad, inv_ubicacion, inv_creacion, inv_estado) VALUES (5, 5, 5, 'really', '2007-11-28', 0);
INSERT INTO inventario (inv_id, pro_id, inv_cantidad, inv_ubicacion, inv_creacion, inv_estado) VALUES (6, 6, 6, 'parent', '1970-02-08', 1);
INSERT INTO inventario (inv_id, pro_id, inv_cantidad, inv_ubicacion, inv_creacion, inv_estado) VALUES (7, 7, 7, 'until', '2021-01-29', 1);
INSERT INTO inventario (inv_id, pro_id, inv_cantidad, inv_ubicacion, inv_creacion, inv_estado) VALUES (8, 8, 8, 'let', '2020-10-29', 0);
INSERT INTO inventario (inv_id, pro_id, inv_cantidad, inv_ubicacion, inv_creacion, inv_estado) VALUES (9, 9, 9, 'security', '1975-05-05', 1);
INSERT INTO inventario (inv_id, pro_id, inv_cantidad, inv_ubicacion, inv_creacion, inv_estado) VALUES (10, 10, 10, 'blue', '2005-09-07', 0);
INSERT INTO inventario (inv_id, pro_id, inv_cantidad, inv_ubicacion, inv_creacion, inv_estado) VALUES (11, 11, 11, 'trade', '2017-08-08', 1);
INSERT INTO inventario (inv_id, pro_id, inv_cantidad, inv_ubicacion, inv_creacion, inv_estado) VALUES (12, 12, 12, 'recognize', '1996-11-27', 0);
INSERT INTO inventario (inv_id, pro_id, inv_cantidad, inv_ubicacion, inv_creacion, inv_estado) VALUES (13, 13, 13, 'catch', '1971-05-14', 0);
INSERT INTO inventario (inv_id, pro_id, inv_cantidad, inv_ubicacion, inv_creacion, inv_estado) VALUES (14, 14, 14, 'identify', '2008-08-10', 1);
INSERT INTO inventario (inv_id, pro_id, inv_cantidad, inv_ubicacion, inv_creacion, inv_estado) VALUES (15, 15, 15, 'claim', '2004-07-17', 0);
INSERT INTO inventario (inv_id, pro_id, inv_cantidad, inv_ubicacion, inv_creacion, inv_estado) VALUES (16, 16, 16, 'heavy', '1996-11-21', 0);
INSERT INTO inventario (inv_id, pro_id, inv_cantidad, inv_ubicacion, inv_creacion, inv_estado) VALUES (17, 17, 17, 'dinner', '1971-10-05', 0);
INSERT INTO inventario (inv_id, pro_id, inv_cantidad, inv_ubicacion, inv_creacion, inv_estado) VALUES (18, 18, 18, 'fire', '1972-06-08', 1);
INSERT INTO inventario (inv_id, pro_id, inv_cantidad, inv_ubicacion, inv_creacion, inv_estado) VALUES (19, 19, 19, 'focus', '2017-01-26', 1);
INSERT INTO inventario (inv_id, pro_id, inv_cantidad, inv_ubicacion, inv_creacion, inv_estado) VALUES (20, 20, 20, 'there', '2006-10-19', 1);
INSERT INTO inventario (inv_id, pro_id, inv_cantidad, inv_ubicacion, inv_creacion, inv_estado) VALUES (21, 21, 21, 'people', '2018-11-13', 0);
INSERT INTO inventario (inv_id, pro_id, inv_cantidad, inv_ubicacion, inv_creacion, inv_estado) VALUES (22, 22, 22, 'everybody', '2014-06-12', 1);
INSERT INTO inventario (inv_id, pro_id, inv_cantidad, inv_ubicacion, inv_creacion, inv_estado) VALUES (23, 23, 23, 'with', '1992-03-10', 1);
INSERT INTO inventario (inv_id, pro_id, inv_cantidad, inv_ubicacion, inv_creacion, inv_estado) VALUES (24, 24, 24, 'power', '2010-06-04', 0);
INSERT INTO inventario (inv_id, pro_id, inv_cantidad, inv_ubicacion, inv_creacion, inv_estado) VALUES (25, 25, 25, 'ready', '2020-07-03', 1);
INSERT INTO inventario (inv_id, pro_id, inv_cantidad, inv_ubicacion, inv_creacion, inv_estado) VALUES (26, 26, 26, 'official', '2012-09-29', 0);
INSERT INTO inventario (inv_id, pro_id, inv_cantidad, inv_ubicacion, inv_creacion, inv_estado) VALUES (27, 27, 27, 'view', '1992-12-08', 0);
INSERT INTO inventario (inv_id, pro_id, inv_cantidad, inv_ubicacion, inv_creacion, inv_estado) VALUES (28, 28, 28, 'area', '1974-10-26', 0);
INSERT INTO inventario (inv_id, pro_id, inv_cantidad, inv_ubicacion, inv_creacion, inv_estado) VALUES (29, 29, 29, 'as', '2005-12-29', 0);
INSERT INTO inventario (inv_id, pro_id, inv_cantidad, inv_ubicacion, inv_creacion, inv_estado) VALUES (30, 30, 30, 'training', '1978-07-10', 0);
INSERT INTO inventario (inv_id, pro_id, inv_cantidad, inv_ubicacion, inv_creacion, inv_estado) VALUES (31, 31, 31, 'thus', '2024-02-27', 1);
INSERT INTO inventario (inv_id, pro_id, inv_cantidad, inv_ubicacion, inv_creacion, inv_estado) VALUES (32, 32, 32, 'style', '1984-01-31', 1);
INSERT INTO inventario (inv_id, pro_id, inv_cantidad, inv_ubicacion, inv_creacion, inv_estado) VALUES (33, 33, 33, 'leader', '2016-10-25', 0);
INSERT INTO inventario (inv_id, pro_id, inv_cantidad, inv_ubicacion, inv_creacion, inv_estado) VALUES (34, 34, 34, 'how', '2012-07-23', 0);
INSERT INTO inventario (inv_id, pro_id, inv_cantidad, inv_ubicacion, inv_creacion, inv_estado) VALUES (35, 35, 35, 'themselves', '1988-12-23', 0);
INSERT INTO inventario (inv_id, pro_id, inv_cantidad, inv_ubicacion, inv_creacion, inv_estado) VALUES (36, 36, 36, 'figure', '1987-01-27', 0);
INSERT INTO inventario (inv_id, pro_id, inv_cantidad, inv_ubicacion, inv_creacion, inv_estado) VALUES (37, 37, 37, 'soldier', '2020-12-05', 1);
INSERT INTO inventario (inv_id, pro_id, inv_cantidad, inv_ubicacion, inv_creacion, inv_estado) VALUES (38, 38, 38, 'raise', '1971-12-30', 1);
INSERT INTO inventario (inv_id, pro_id, inv_cantidad, inv_ubicacion, inv_creacion, inv_estado) VALUES (39, 39, 39, 'list', '1995-10-31', 0);
INSERT INTO inventario (inv_id, pro_id, inv_cantidad, inv_ubicacion, inv_creacion, inv_estado) VALUES (40, 40, 40, 'American', '1977-08-10', 1);
INSERT INTO inventario (inv_id, pro_id, inv_cantidad, inv_ubicacion, inv_creacion, inv_estado) VALUES (41, 41, 41, 'adult', '2003-11-10', 0);
INSERT INTO inventario (inv_id, pro_id, inv_cantidad, inv_ubicacion, inv_creacion, inv_estado) VALUES (42, 42, 42, 'project', '2018-04-25', 0);
INSERT INTO inventario (inv_id, pro_id, inv_cantidad, inv_ubicacion, inv_creacion, inv_estado) VALUES (43, 43, 43, 'vote', '2014-12-18', 0);
INSERT INTO inventario (inv_id, pro_id, inv_cantidad, inv_ubicacion, inv_creacion, inv_estado) VALUES (44, 44, 44, 'head', '1971-05-29', 0);
INSERT INTO inventario (inv_id, pro_id, inv_cantidad, inv_ubicacion, inv_creacion, inv_estado) VALUES (45, 45, 45, 'issue', '2002-08-21', 0);
INSERT INTO inventario (inv_id, pro_id, inv_cantidad, inv_ubicacion, inv_creacion, inv_estado) VALUES (46, 46, 46, 'also', '2000-11-15', 1);
INSERT INTO inventario (inv_id, pro_id, inv_cantidad, inv_ubicacion, inv_creacion, inv_estado) VALUES (47, 47, 47, 'suggest', '2020-06-15', 1);
INSERT INTO inventario (inv_id, pro_id, inv_cantidad, inv_ubicacion, inv_creacion, inv_estado) VALUES (48, 48, 48, 'reveal', '2024-01-20', 0);
INSERT INTO inventario (inv_id, pro_id, inv_cantidad, inv_ubicacion, inv_creacion, inv_estado) VALUES (49, 49, 49, 'policy', '1973-06-01', 1);
INSERT INTO inventario (inv_id, pro_id, inv_cantidad, inv_ubicacion, inv_creacion, inv_estado) VALUES (50, 50, 50, 'concern', '2010-05-30', 1);
INSERT INTO inventario (inv_id, pro_id, inv_cantidad, inv_ubicacion, inv_creacion, inv_estado) VALUES (51, 51, 51, 'church', '1979-04-18', 0);
INSERT INTO inventario (inv_id, pro_id, inv_cantidad, inv_ubicacion, inv_creacion, inv_estado) VALUES (52, 52, 52, 'nor', '1987-01-12', 0);
INSERT INTO inventario (inv_id, pro_id, inv_cantidad, inv_ubicacion, inv_creacion, inv_estado) VALUES (53, 53, 53, 'see', '1989-12-27', 1);
INSERT INTO inventario (inv_id, pro_id, inv_cantidad, inv_ubicacion, inv_creacion, inv_estado) VALUES (54, 54, 54, 'thousand', '2024-03-24', 1);
INSERT INTO inventario (inv_id, pro_id, inv_cantidad, inv_ubicacion, inv_creacion, inv_estado) VALUES (55, 55, 55, 'have', '2012-07-17', 1);
INSERT INTO inventario (inv_id, pro_id, inv_cantidad, inv_ubicacion, inv_creacion, inv_estado) VALUES (56, 56, 56, 'whatever', '2004-07-22', 1);
INSERT INTO inventario (inv_id, pro_id, inv_cantidad, inv_ubicacion, inv_creacion, inv_estado) VALUES (57, 57, 57, 'when', '2015-02-18', 0);
INSERT INTO inventario (inv_id, pro_id, inv_cantidad, inv_ubicacion, inv_creacion, inv_estado) VALUES (58, 58, 58, 'however', '2010-07-18', 0);
INSERT INTO inventario (inv_id, pro_id, inv_cantidad, inv_ubicacion, inv_creacion, inv_estado) VALUES (59, 59, 59, 'name', '1998-05-04', 1);
INSERT INTO inventario (inv_id, pro_id, inv_cantidad, inv_ubicacion, inv_creacion, inv_estado) VALUES (60, 60, 60, 'federal', '2010-12-07', 0);
INSERT INTO inventario (inv_id, pro_id, inv_cantidad, inv_ubicacion, inv_creacion, inv_estado) VALUES (61, 61, 61, 'different', '1984-05-10', 1);
INSERT INTO inventario (inv_id, pro_id, inv_cantidad, inv_ubicacion, inv_creacion, inv_estado) VALUES (62, 62, 62, 'their', '2001-11-29', 1);
INSERT INTO inventario (inv_id, pro_id, inv_cantidad, inv_ubicacion, inv_creacion, inv_estado) VALUES (63, 63, 63, 'good', '1992-10-09', 0);
INSERT INTO inventario (inv_id, pro_id, inv_cantidad, inv_ubicacion, inv_creacion, inv_estado) VALUES (64, 64, 64, 'head', '2023-05-20', 0);
INSERT INTO inventario (inv_id, pro_id, inv_cantidad, inv_ubicacion, inv_creacion, inv_estado) VALUES (65, 65, 65, 'strong', '1978-12-29', 0);
INSERT INTO inventario (inv_id, pro_id, inv_cantidad, inv_ubicacion, inv_creacion, inv_estado) VALUES (66, 66, 66, 'process', '2016-09-20', 0);
INSERT INTO inventario (inv_id, pro_id, inv_cantidad, inv_ubicacion, inv_creacion, inv_estado) VALUES (67, 67, 67, 'mother', '1985-04-01', 1);
INSERT INTO inventario (inv_id, pro_id, inv_cantidad, inv_ubicacion, inv_creacion, inv_estado) VALUES (68, 68, 68, 'enjoy', '1992-08-30', 0);
INSERT INTO inventario (inv_id, pro_id, inv_cantidad, inv_ubicacion, inv_creacion, inv_estado) VALUES (69, 69, 69, 'most', '1982-11-18', 0);
INSERT INTO inventario (inv_id, pro_id, inv_cantidad, inv_ubicacion, inv_creacion, inv_estado) VALUES (70, 70, 70, 'way', '1985-07-30', 1);
INSERT INTO inventario (inv_id, pro_id, inv_cantidad, inv_ubicacion, inv_creacion, inv_estado) VALUES (71, 71, 71, 'father', '2015-05-28', 0);
INSERT INTO inventario (inv_id, pro_id, inv_cantidad, inv_ubicacion, inv_creacion, inv_estado) VALUES (72, 72, 72, 'friend', '1978-09-21', 0);
INSERT INTO inventario (inv_id, pro_id, inv_cantidad, inv_ubicacion, inv_creacion, inv_estado) VALUES (73, 73, 73, 'discussion', '1988-09-12', 0);
INSERT INTO inventario (inv_id, pro_id, inv_cantidad, inv_ubicacion, inv_creacion, inv_estado) VALUES (74, 74, 74, 'opportunity', '2008-09-04', 1);
INSERT INTO inventario (inv_id, pro_id, inv_cantidad, inv_ubicacion, inv_creacion, inv_estado) VALUES (75, 75, 75, 'stuff', '1971-03-16', 1);
INSERT INTO inventario (inv_id, pro_id, inv_cantidad, inv_ubicacion, inv_creacion, inv_estado) VALUES (76, 76, 76, 'without', '1979-12-29', 1);
INSERT INTO inventario (inv_id, pro_id, inv_cantidad, inv_ubicacion, inv_creacion, inv_estado) VALUES (77, 77, 77, 'effect', '1989-11-23', 1);
INSERT INTO inventario (inv_id, pro_id, inv_cantidad, inv_ubicacion, inv_creacion, inv_estado) VALUES (78, 78, 78, 'ask', '2023-05-10', 1);
INSERT INTO inventario (inv_id, pro_id, inv_cantidad, inv_ubicacion, inv_creacion, inv_estado) VALUES (79, 79, 79, 'including', '1978-04-25', 0);
INSERT INTO inventario (inv_id, pro_id, inv_cantidad, inv_ubicacion, inv_creacion, inv_estado) VALUES (80, 80, 80, 'play', '2014-11-06', 1);
INSERT INTO inventario (inv_id, pro_id, inv_cantidad, inv_ubicacion, inv_creacion, inv_estado) VALUES (81, 81, 81, 'see', '2012-03-15', 0);
INSERT INTO inventario (inv_id, pro_id, inv_cantidad, inv_ubicacion, inv_creacion, inv_estado) VALUES (82, 82, 82, 'pattern', '1996-07-10', 0);
INSERT INTO inventario (inv_id, pro_id, inv_cantidad, inv_ubicacion, inv_creacion, inv_estado) VALUES (83, 83, 83, 'apply', '1994-05-22', 0);
INSERT INTO inventario (inv_id, pro_id, inv_cantidad, inv_ubicacion, inv_creacion, inv_estado) VALUES (84, 84, 84, 'foreign', '2001-08-01', 1);
INSERT INTO inventario (inv_id, pro_id, inv_cantidad, inv_ubicacion, inv_creacion, inv_estado) VALUES (85, 85, 85, 'collection', '2021-03-10', 0);
INSERT INTO inventario (inv_id, pro_id, inv_cantidad, inv_ubicacion, inv_creacion, inv_estado) VALUES (86, 86, 86, 'small', '2015-12-02', 1);
INSERT INTO inventario (inv_id, pro_id, inv_cantidad, inv_ubicacion, inv_creacion, inv_estado) VALUES (87, 87, 87, 'black', '1997-06-13', 1);
INSERT INTO inventario (inv_id, pro_id, inv_cantidad, inv_ubicacion, inv_creacion, inv_estado) VALUES (88, 88, 88, 'paper', '2017-04-22', 0);
INSERT INTO inventario (inv_id, pro_id, inv_cantidad, inv_ubicacion, inv_creacion, inv_estado) VALUES (89, 89, 89, 'dog', '1987-11-26', 0);
INSERT INTO inventario (inv_id, pro_id, inv_cantidad, inv_ubicacion, inv_creacion, inv_estado) VALUES (90, 90, 90, 'performance', '1976-07-12', 1);
INSERT INTO inventario (inv_id, pro_id, inv_cantidad, inv_ubicacion, inv_creacion, inv_estado) VALUES (91, 91, 91, 'service', '2001-10-08', 1);
INSERT INTO inventario (inv_id, pro_id, inv_cantidad, inv_ubicacion, inv_creacion, inv_estado) VALUES (92, 92, 92, 'morning', '2024-02-05', 1);
INSERT INTO inventario (inv_id, pro_id, inv_cantidad, inv_ubicacion, inv_creacion, inv_estado) VALUES (93, 93, 93, 'stop', '2008-07-13', 1);
INSERT INTO inventario (inv_id, pro_id, inv_cantidad, inv_ubicacion, inv_creacion, inv_estado) VALUES (94, 94, 94, 'hundred', '1979-05-03', 0);
INSERT INTO inventario (inv_id, pro_id, inv_cantidad, inv_ubicacion, inv_creacion, inv_estado) VALUES (95, 95, 95, 'meeting', '1998-10-25', 1);
INSERT INTO inventario (inv_id, pro_id, inv_cantidad, inv_ubicacion, inv_creacion, inv_estado) VALUES (96, 96, 96, 'lot', '2004-09-16', 1);
INSERT INTO inventario (inv_id, pro_id, inv_cantidad, inv_ubicacion, inv_creacion, inv_estado) VALUES (97, 97, 97, 'evening', '1988-08-10', 1);
INSERT INTO inventario (inv_id, pro_id, inv_cantidad, inv_ubicacion, inv_creacion, inv_estado) VALUES (98, 98, 98, 'low', '1977-05-14', 1);
INSERT INTO inventario (inv_id, pro_id, inv_cantidad, inv_ubicacion, inv_creacion, inv_estado) VALUES (99, 99, 99, 'either', '2003-03-05', 1);
INSERT INTO inventario (inv_id, pro_id, inv_cantidad, inv_ubicacion, inv_creacion, inv_estado) VALUES (100, 100, 100, 'purpose', '1993-07-30', 1);
INSERT INTO auditoria (aud_id, aud_fecha, aud_resultado, aud_creacion, aud_estado, inv_id) VALUES (1, '1991-05-21', 'drop', '1978-12-18', 1, 1);
INSERT INTO auditoria (aud_id, aud_fecha, aud_resultado, aud_creacion, aud_estado, inv_id) VALUES (2, '1979-06-28', 'tend', '2014-07-21', 0, 2);
INSERT INTO auditoria (aud_id, aud_fecha, aud_resultado, aud_creacion, aud_estado, inv_id) VALUES (3, '1999-01-19', 'show', '1976-12-24', 1, 3);
INSERT INTO auditoria (aud_id, aud_fecha, aud_resultado, aud_creacion, aud_estado, inv_id) VALUES (4, '2022-10-18', 'heavy', '1976-05-23', 0, 4);
INSERT INTO auditoria (aud_id, aud_fecha, aud_resultado, aud_creacion, aud_estado, inv_id) VALUES (5, '1973-05-06', 'month', '2019-07-04', 0, 5);
INSERT INTO auditoria (aud_id, aud_fecha, aud_resultado, aud_creacion, aud_estado, inv_id) VALUES (6, '1982-11-22', 'win', '2006-12-13', 1, 6);
INSERT INTO auditoria (aud_id, aud_fecha, aud_resultado, aud_creacion, aud_estado, inv_id) VALUES (7, '2001-11-25', 'will', '2021-01-23', 0, 7);
INSERT INTO auditoria (aud_id, aud_fecha, aud_resultado, aud_creacion, aud_estado, inv_id) VALUES (8, '2024-02-21', 'husband', '1979-01-07', 1, 8);
INSERT INTO auditoria (aud_id, aud_fecha, aud_resultado, aud_creacion, aud_estado, inv_id) VALUES (9, '1973-03-16', 'paper', '1986-08-14', 0, 9);
INSERT INTO auditoria (aud_id, aud_fecha, aud_resultado, aud_creacion, aud_estado, inv_id) VALUES (10, '1996-08-04', 'nice', '1978-10-16', 1, 10);
INSERT INTO auditoria (aud_id, aud_fecha, aud_resultado, aud_creacion, aud_estado, inv_id) VALUES (11, '1993-04-18', 'dream', '2021-02-21', 1, 11);
INSERT INTO auditoria (aud_id, aud_fecha, aud_resultado, aud_creacion, aud_estado, inv_id) VALUES (12, '2000-06-27', 'financial', '1985-03-25', 0, 12);
INSERT INTO auditoria (aud_id, aud_fecha, aud_resultado, aud_creacion, aud_estado, inv_id) VALUES (13, '2006-07-05', 'bank', '2014-08-27', 0, 13);
INSERT INTO auditoria (aud_id, aud_fecha, aud_resultado, aud_creacion, aud_estado, inv_id) VALUES (14, '1975-05-14', 'toward', '1977-04-01', 0, 14);
INSERT INTO auditoria (aud_id, aud_fecha, aud_resultado, aud_creacion, aud_estado, inv_id) VALUES (15, '2008-09-24', 'simple', '1972-10-25', 1, 15);
INSERT INTO auditoria (aud_id, aud_fecha, aud_resultado, aud_creacion, aud_estado, inv_id) VALUES (16, '2016-06-09', 'surface', '1976-04-17', 0, 16);
INSERT INTO auditoria (aud_id, aud_fecha, aud_resultado, aud_creacion, aud_estado, inv_id) VALUES (17, '1984-11-28', 'recent', '2021-11-06', 0, 17);
INSERT INTO auditoria (aud_id, aud_fecha, aud_resultado, aud_creacion, aud_estado, inv_id) VALUES (18, '1971-03-05', 'tough', '2005-05-13', 1, 18);
INSERT INTO auditoria (aud_id, aud_fecha, aud_resultado, aud_creacion, aud_estado, inv_id) VALUES (19, '1977-01-07', 'whom', '2009-08-18', 0, 19);
INSERT INTO auditoria (aud_id, aud_fecha, aud_resultado, aud_creacion, aud_estado, inv_id) VALUES (20, '1980-07-13', 'suffer', '2013-11-27', 1, 20);
INSERT INTO auditoria (aud_id, aud_fecha, aud_resultado, aud_creacion, aud_estado, inv_id) VALUES (21, '2023-08-09', 'sing', '2008-09-17', 1, 21);
INSERT INTO auditoria (aud_id, aud_fecha, aud_resultado, aud_creacion, aud_estado, inv_id) VALUES (22, '1999-01-06', 'their', '2009-09-09', 0, 22);
INSERT INTO auditoria (aud_id, aud_fecha, aud_resultado, aud_creacion, aud_estado, inv_id) VALUES (23, '1976-04-26', 'others', '2002-01-28', 0, 23);
INSERT INTO auditoria (aud_id, aud_fecha, aud_resultado, aud_creacion, aud_estado, inv_id) VALUES (24, '2014-06-20', 'agree', '1990-01-21', 1, 24);
INSERT INTO auditoria (aud_id, aud_fecha, aud_resultado, aud_creacion, aud_estado, inv_id) VALUES (25, '1977-05-28', 'opportunity', '2016-05-22', 1, 25);
INSERT INTO auditoria (aud_id, aud_fecha, aud_resultado, aud_creacion, aud_estado, inv_id) VALUES (26, '2010-11-27', 'also', '1989-09-20', 0, 26);
INSERT INTO auditoria (aud_id, aud_fecha, aud_resultado, aud_creacion, aud_estado, inv_id) VALUES (27, '2004-08-27', 'why', '2016-01-04', 1, 27);
INSERT INTO auditoria (aud_id, aud_fecha, aud_resultado, aud_creacion, aud_estado, inv_id) VALUES (28, '1995-04-07', 'three', '2000-03-04', 1, 28);
INSERT INTO auditoria (aud_id, aud_fecha, aud_resultado, aud_creacion, aud_estado, inv_id) VALUES (29, '1975-10-19', 'of', '2017-06-18', 0, 29);
INSERT INTO auditoria (aud_id, aud_fecha, aud_resultado, aud_creacion, aud_estado, inv_id) VALUES (30, '1992-06-09', 'reality', '1987-09-06', 0, 30);
INSERT INTO auditoria (aud_id, aud_fecha, aud_resultado, aud_creacion, aud_estado, inv_id) VALUES (31, '1984-06-18', 'people', '1978-03-17', 0, 31);
INSERT INTO auditoria (aud_id, aud_fecha, aud_resultado, aud_creacion, aud_estado, inv_id) VALUES (32, '2000-09-16', 'wife', '1977-03-15', 1, 32);
INSERT INTO auditoria (aud_id, aud_fecha, aud_resultado, aud_creacion, aud_estado, inv_id) VALUES (33, '2012-12-31', 'partner', '2023-05-12', 1, 33);
INSERT INTO auditoria (aud_id, aud_fecha, aud_resultado, aud_creacion, aud_estado, inv_id) VALUES (34, '2006-08-03', 'out', '1989-10-04', 0, 34);
INSERT INTO auditoria (aud_id, aud_fecha, aud_resultado, aud_creacion, aud_estado, inv_id) VALUES (35, '1982-06-07', 'goal', '1994-09-21', 0, 35);
INSERT INTO auditoria (aud_id, aud_fecha, aud_resultado, aud_creacion, aud_estado, inv_id) VALUES (36, '2003-09-10', 'nature', '2013-02-11', 0, 36);
INSERT INTO auditoria (aud_id, aud_fecha, aud_resultado, aud_creacion, aud_estado, inv_id) VALUES (37, '1984-01-02', 'section', '1993-02-12', 0, 37);
INSERT INTO auditoria (aud_id, aud_fecha, aud_resultado, aud_creacion, aud_estado, inv_id) VALUES (38, '1976-12-20', 'suffer', '1984-08-24', 1, 38);
INSERT INTO auditoria (aud_id, aud_fecha, aud_resultado, aud_creacion, aud_estado, inv_id) VALUES (39, '1981-02-07', 'put', '1985-05-09', 1, 39);
INSERT INTO auditoria (aud_id, aud_fecha, aud_resultado, aud_creacion, aud_estado, inv_id) VALUES (40, '1984-05-06', 'bit', '1993-06-11', 1, 40);
INSERT INTO auditoria (aud_id, aud_fecha, aud_resultado, aud_creacion, aud_estado, inv_id) VALUES (41, '2005-06-09', 'simple', '1983-07-20', 1, 41);
INSERT INTO auditoria (aud_id, aud_fecha, aud_resultado, aud_creacion, aud_estado, inv_id) VALUES (42, '2019-05-22', 'national', '1979-04-26', 1, 42);
INSERT INTO auditoria (aud_id, aud_fecha, aud_resultado, aud_creacion, aud_estado, inv_id) VALUES (43, '1986-12-06', 'top', '2023-08-26', 0, 43);
INSERT INTO auditoria (aud_id, aud_fecha, aud_resultado, aud_creacion, aud_estado, inv_id) VALUES (44, '1979-05-14', 'together', '1988-07-10', 0, 44);
INSERT INTO auditoria (aud_id, aud_fecha, aud_resultado, aud_creacion, aud_estado, inv_id) VALUES (45, '2014-08-06', 'standard', '1971-05-10', 1, 45);
INSERT INTO auditoria (aud_id, aud_fecha, aud_resultado, aud_creacion, aud_estado, inv_id) VALUES (46, '1978-06-13', 'nice', '2023-07-17', 0, 46);
INSERT INTO auditoria (aud_id, aud_fecha, aud_resultado, aud_creacion, aud_estado, inv_id) VALUES (47, '1999-08-22', 'TV', '1996-09-14', 1, 47);
INSERT INTO auditoria (aud_id, aud_fecha, aud_resultado, aud_creacion, aud_estado, inv_id) VALUES (48, '2007-11-11', 'along', '2021-05-11', 0, 48);
INSERT INTO auditoria (aud_id, aud_fecha, aud_resultado, aud_creacion, aud_estado, inv_id) VALUES (49, '1970-01-28', 'different', '1973-03-18', 0, 49);
INSERT INTO auditoria (aud_id, aud_fecha, aud_resultado, aud_creacion, aud_estado, inv_id) VALUES (50, '2014-09-19', 'more', '1984-08-25', 1, 50);
INSERT INTO auditoria (aud_id, aud_fecha, aud_resultado, aud_creacion, aud_estado, inv_id) VALUES (51, '1992-11-25', 'early', '1997-10-21', 0, 51);
INSERT INTO auditoria (aud_id, aud_fecha, aud_resultado, aud_creacion, aud_estado, inv_id) VALUES (52, '2011-11-23', 'me', '2013-03-22', 0, 52);
INSERT INTO auditoria (aud_id, aud_fecha, aud_resultado, aud_creacion, aud_estado, inv_id) VALUES (53, '2001-09-25', 'think', '2005-02-18', 0, 53);
INSERT INTO auditoria (aud_id, aud_fecha, aud_resultado, aud_creacion, aud_estado, inv_id) VALUES (54, '2020-07-25', 'school', '1980-06-22', 0, 54);
INSERT INTO auditoria (aud_id, aud_fecha, aud_resultado, aud_creacion, aud_estado, inv_id) VALUES (55, '2021-09-13', 'write', '1970-02-11', 1, 55);
INSERT INTO auditoria (aud_id, aud_fecha, aud_resultado, aud_creacion, aud_estado, inv_id) VALUES (56, '1973-02-06', 'pay', '2000-11-08', 1, 56);
INSERT INTO auditoria (aud_id, aud_fecha, aud_resultado, aud_creacion, aud_estado, inv_id) VALUES (57, '1995-09-10', 'add', '1984-06-22', 0, 57);
INSERT INTO auditoria (aud_id, aud_fecha, aud_resultado, aud_creacion, aud_estado, inv_id) VALUES (58, '1989-08-12', 'somebody', '1999-04-26', 0, 58);
INSERT INTO auditoria (aud_id, aud_fecha, aud_resultado, aud_creacion, aud_estado, inv_id) VALUES (59, '1983-04-21', 'as', '1996-04-14', 0, 59);
INSERT INTO auditoria (aud_id, aud_fecha, aud_resultado, aud_creacion, aud_estado, inv_id) VALUES (60, '1975-03-16', 'vote', '2017-11-24', 0, 60);
INSERT INTO auditoria (aud_id, aud_fecha, aud_resultado, aud_creacion, aud_estado, inv_id) VALUES (61, '1992-01-07', 'part', '1983-09-13', 1, 61);
INSERT INTO auditoria (aud_id, aud_fecha, aud_resultado, aud_creacion, aud_estado, inv_id) VALUES (62, '1984-11-17', 'not', '1970-12-31', 0, 62);
INSERT INTO auditoria (aud_id, aud_fecha, aud_resultado, aud_creacion, aud_estado, inv_id) VALUES (63, '2012-07-18', 'this', '1975-07-30', 1, 63);
INSERT INTO auditoria (aud_id, aud_fecha, aud_resultado, aud_creacion, aud_estado, inv_id) VALUES (64, '1986-01-22', 'crime', '2016-03-05', 1, 64);
INSERT INTO auditoria (aud_id, aud_fecha, aud_resultado, aud_creacion, aud_estado, inv_id) VALUES (65, '1999-04-03', 'foreign', '2013-01-19', 1, 65);
INSERT INTO auditoria (aud_id, aud_fecha, aud_resultado, aud_creacion, aud_estado, inv_id) VALUES (66, '1974-07-12', 'two', '1973-06-24', 0, 66);
INSERT INTO auditoria (aud_id, aud_fecha, aud_resultado, aud_creacion, aud_estado, inv_id) VALUES (67, '1970-05-01', 'coach', '1995-07-31', 0, 67);
INSERT INTO auditoria (aud_id, aud_fecha, aud_resultado, aud_creacion, aud_estado, inv_id) VALUES (68, '1978-03-15', 'both', '2014-05-24', 0, 68);
INSERT INTO auditoria (aud_id, aud_fecha, aud_resultado, aud_creacion, aud_estado, inv_id) VALUES (69, '1982-06-13', 'measure', '2012-07-29', 0, 69);
INSERT INTO auditoria (aud_id, aud_fecha, aud_resultado, aud_creacion, aud_estado, inv_id) VALUES (70, '1975-10-22', 'also', '1988-01-22', 0, 70);
INSERT INTO auditoria (aud_id, aud_fecha, aud_resultado, aud_creacion, aud_estado, inv_id) VALUES (71, '2022-02-01', 'bit', '1985-09-06', 0, 71);
INSERT INTO auditoria (aud_id, aud_fecha, aud_resultado, aud_creacion, aud_estado, inv_id) VALUES (72, '1991-10-10', 'know', '1985-10-25', 1, 72);
INSERT INTO auditoria (aud_id, aud_fecha, aud_resultado, aud_creacion, aud_estado, inv_id) VALUES (73, '2006-08-11', 'myself', '2005-03-12', 0, 73);
INSERT INTO auditoria (aud_id, aud_fecha, aud_resultado, aud_creacion, aud_estado, inv_id) VALUES (74, '2009-06-20', 'institution', '2018-12-15', 0, 74);
INSERT INTO auditoria (aud_id, aud_fecha, aud_resultado, aud_creacion, aud_estado, inv_id) VALUES (75, '2006-03-01', 'sister', '2012-07-08', 0, 75);
INSERT INTO auditoria (aud_id, aud_fecha, aud_resultado, aud_creacion, aud_estado, inv_id) VALUES (76, '2004-01-24', 'billion', '2013-02-13', 1, 76);
INSERT INTO auditoria (aud_id, aud_fecha, aud_resultado, aud_creacion, aud_estado, inv_id) VALUES (77, '1993-06-13', 'identify', '1972-10-15', 1, 77);
INSERT INTO auditoria (aud_id, aud_fecha, aud_resultado, aud_creacion, aud_estado, inv_id) VALUES (78, '1993-12-15', 'within', '1989-09-10', 1, 78);
INSERT INTO auditoria (aud_id, aud_fecha, aud_resultado, aud_creacion, aud_estado, inv_id) VALUES (79, '1970-04-22', 'light', '1977-03-19', 1, 79);
INSERT INTO auditoria (aud_id, aud_fecha, aud_resultado, aud_creacion, aud_estado, inv_id) VALUES (80, '1992-01-16', 'thus', '1989-03-19', 1, 80);
INSERT INTO auditoria (aud_id, aud_fecha, aud_resultado, aud_creacion, aud_estado, inv_id) VALUES (81, '2006-09-21', 'speak', '1985-08-23', 0, 81);
INSERT INTO auditoria (aud_id, aud_fecha, aud_resultado, aud_creacion, aud_estado, inv_id) VALUES (82, '1979-08-10', 'drive', '1995-04-17', 0, 82);
INSERT INTO auditoria (aud_id, aud_fecha, aud_resultado, aud_creacion, aud_estado, inv_id) VALUES (83, '2001-05-03', 'though', '1997-10-12', 1, 83);
INSERT INTO auditoria (aud_id, aud_fecha, aud_resultado, aud_creacion, aud_estado, inv_id) VALUES (84, '2011-01-15', 'economic', '2015-04-30', 0, 84);
INSERT INTO auditoria (aud_id, aud_fecha, aud_resultado, aud_creacion, aud_estado, inv_id) VALUES (85, '1992-08-02', 'man', '1971-12-01', 1, 85);
INSERT INTO auditoria (aud_id, aud_fecha, aud_resultado, aud_creacion, aud_estado, inv_id) VALUES (86, '1978-08-09', 'year', '1975-03-06', 1, 86);
INSERT INTO auditoria (aud_id, aud_fecha, aud_resultado, aud_creacion, aud_estado, inv_id) VALUES (87, '1979-09-16', 'TV', '2007-10-02', 0, 87);
INSERT INTO auditoria (aud_id, aud_fecha, aud_resultado, aud_creacion, aud_estado, inv_id) VALUES (88, '2014-09-08', 'lawyer', '1996-06-26', 0, 88);
INSERT INTO auditoria (aud_id, aud_fecha, aud_resultado, aud_creacion, aud_estado, inv_id) VALUES (89, '1980-01-11', 'inside', '1988-10-03', 0, 89);
INSERT INTO auditoria (aud_id, aud_fecha, aud_resultado, aud_creacion, aud_estado, inv_id) VALUES (90, '1974-08-07', 'occur', '1976-11-04', 1, 90);
INSERT INTO auditoria (aud_id, aud_fecha, aud_resultado, aud_creacion, aud_estado, inv_id) VALUES (91, '2022-12-22', 'black', '1973-05-04', 0, 91);
INSERT INTO auditoria (aud_id, aud_fecha, aud_resultado, aud_creacion, aud_estado, inv_id) VALUES (92, '2000-07-18', 'together', '1971-11-30', 1, 92);
INSERT INTO auditoria (aud_id, aud_fecha, aud_resultado, aud_creacion, aud_estado, inv_id) VALUES (93, '2002-02-23', 'state', '2002-09-11', 0, 93);
INSERT INTO auditoria (aud_id, aud_fecha, aud_resultado, aud_creacion, aud_estado, inv_id) VALUES (94, '1974-03-25', 'almost', '2003-12-11', 0, 94);
INSERT INTO auditoria (aud_id, aud_fecha, aud_resultado, aud_creacion, aud_estado, inv_id) VALUES (95, '1991-08-16', 'help', '1971-01-24', 0, 95);
INSERT INTO auditoria (aud_id, aud_fecha, aud_resultado, aud_creacion, aud_estado, inv_id) VALUES (96, '2024-06-26', 'bag', '2013-07-23', 0, 96);
INSERT INTO auditoria (aud_id, aud_fecha, aud_resultado, aud_creacion, aud_estado, inv_id) VALUES (97, '1973-09-16', 'cultural', '1972-09-15', 0, 97);
INSERT INTO auditoria (aud_id, aud_fecha, aud_resultado, aud_creacion, aud_estado, inv_id) VALUES (98, '2002-08-12', 'event', '1999-04-08', 0, 98);
INSERT INTO auditoria (aud_id, aud_fecha, aud_resultado, aud_creacion, aud_estado, inv_id) VALUES (99, '1976-11-13', 'step', '2022-04-19', 1, 99);
INSERT INTO auditoria (aud_id, aud_fecha, aud_resultado, aud_creacion, aud_estado, inv_id) VALUES (100, '1978-12-10', 'answer', '1977-06-28', 0, 100);
INSERT INTO ajuste (aju_id, inv_id, aju_tipo, aju_cantidad, aju_fecha, aju_creacion, aju_estado) VALUES (1, 1, 'also', 1, '1985-10-31', '1989-01-25', 1);
INSERT INTO ajuste (aju_id, inv_id, aju_tipo, aju_cantidad, aju_fecha, aju_creacion, aju_estado) VALUES (2, 2, 'claim', 2, '1981-06-11', '2014-04-21', 1);
INSERT INTO ajuste (aju_id, inv_id, aju_tipo, aju_cantidad, aju_fecha, aju_creacion, aju_estado) VALUES (3, 3, 'send', 3, '2000-02-01', '1984-07-09', 0);
INSERT INTO ajuste (aju_id, inv_id, aju_tipo, aju_cantidad, aju_fecha, aju_creacion, aju_estado) VALUES (4, 4, 'grow', 4, '1972-09-16', '2007-04-30', 0);
INSERT INTO ajuste (aju_id, inv_id, aju_tipo, aju_cantidad, aju_fecha, aju_creacion, aju_estado) VALUES (5, 5, 'power', 5, '1994-01-29', '1986-05-22', 1);
INSERT INTO ajuste (aju_id, inv_id, aju_tipo, aju_cantidad, aju_fecha, aju_creacion, aju_estado) VALUES (6, 6, 'all', 6, '2011-03-22', '1974-01-09', 0);
INSERT INTO ajuste (aju_id, inv_id, aju_tipo, aju_cantidad, aju_fecha, aju_creacion, aju_estado) VALUES (7, 7, 'sing', 7, '2008-09-21', '1975-10-23', 1);
INSERT INTO ajuste (aju_id, inv_id, aju_tipo, aju_cantidad, aju_fecha, aju_creacion, aju_estado) VALUES (8, 8, 'section', 8, '2004-02-27', '1979-11-29', 1);
INSERT INTO ajuste (aju_id, inv_id, aju_tipo, aju_cantidad, aju_fecha, aju_creacion, aju_estado) VALUES (9, 9, 'she', 9, '1985-09-10', '2013-02-01', 1);
INSERT INTO ajuste (aju_id, inv_id, aju_tipo, aju_cantidad, aju_fecha, aju_creacion, aju_estado) VALUES (10, 10, 'image', 10, '2014-05-29', '1985-09-06', 1);
INSERT INTO ajuste (aju_id, inv_id, aju_tipo, aju_cantidad, aju_fecha, aju_creacion, aju_estado) VALUES (11, 11, 'rather', 11, '2019-02-20', '2008-01-09', 1);
INSERT INTO ajuste (aju_id, inv_id, aju_tipo, aju_cantidad, aju_fecha, aju_creacion, aju_estado) VALUES (12, 12, 'chair', 12, '1994-01-23', '1993-09-22', 1);
INSERT INTO ajuste (aju_id, inv_id, aju_tipo, aju_cantidad, aju_fecha, aju_creacion, aju_estado) VALUES (13, 13, 'start', 13, '2022-12-18', '2024-05-23', 1);
INSERT INTO ajuste (aju_id, inv_id, aju_tipo, aju_cantidad, aju_fecha, aju_creacion, aju_estado) VALUES (14, 14, 'man', 14, '1994-02-13', '1988-03-12', 0);
INSERT INTO ajuste (aju_id, inv_id, aju_tipo, aju_cantidad, aju_fecha, aju_creacion, aju_estado) VALUES (15, 15, 'parent', 15, '2022-12-08', '2008-09-27', 0);
INSERT INTO ajuste (aju_id, inv_id, aju_tipo, aju_cantidad, aju_fecha, aju_creacion, aju_estado) VALUES (16, 16, 'far', 16, '2011-05-16', '2005-02-23', 0);
INSERT INTO ajuste (aju_id, inv_id, aju_tipo, aju_cantidad, aju_fecha, aju_creacion, aju_estado) VALUES (17, 17, 'city', 17, '2016-11-22', '2010-12-18', 1);
INSERT INTO ajuste (aju_id, inv_id, aju_tipo, aju_cantidad, aju_fecha, aju_creacion, aju_estado) VALUES (18, 18, 'party', 18, '2006-04-02', '2001-07-02', 1);
INSERT INTO ajuste (aju_id, inv_id, aju_tipo, aju_cantidad, aju_fecha, aju_creacion, aju_estado) VALUES (19, 19, 'professional', 19, '1978-07-01', '2018-09-18', 1);
INSERT INTO ajuste (aju_id, inv_id, aju_tipo, aju_cantidad, aju_fecha, aju_creacion, aju_estado) VALUES (20, 20, 'support', 20, '1992-09-08', '1979-06-20', 1);
INSERT INTO ajuste (aju_id, inv_id, aju_tipo, aju_cantidad, aju_fecha, aju_creacion, aju_estado) VALUES (21, 21, 'box', 21, '1981-03-08', '1970-03-31', 1);
INSERT INTO ajuste (aju_id, inv_id, aju_tipo, aju_cantidad, aju_fecha, aju_creacion, aju_estado) VALUES (22, 22, 'someone', 22, '1970-02-07', '2016-03-29', 1);
INSERT INTO ajuste (aju_id, inv_id, aju_tipo, aju_cantidad, aju_fecha, aju_creacion, aju_estado) VALUES (23, 23, 'sound', 23, '2000-01-23', '1997-05-26', 0);
INSERT INTO ajuste (aju_id, inv_id, aju_tipo, aju_cantidad, aju_fecha, aju_creacion, aju_estado) VALUES (24, 24, 'yes', 24, '2005-02-12', '1997-06-30', 1);
INSERT INTO ajuste (aju_id, inv_id, aju_tipo, aju_cantidad, aju_fecha, aju_creacion, aju_estado) VALUES (25, 25, 'indeed', 25, '2018-10-02', '2003-01-01', 1);
INSERT INTO ajuste (aju_id, inv_id, aju_tipo, aju_cantidad, aju_fecha, aju_creacion, aju_estado) VALUES (26, 26, 'far', 26, '1976-12-24', '1982-05-31', 1);
INSERT INTO ajuste (aju_id, inv_id, aju_tipo, aju_cantidad, aju_fecha, aju_creacion, aju_estado) VALUES (27, 27, 'possible', 27, '1991-06-26', '2013-01-02', 0);
INSERT INTO ajuste (aju_id, inv_id, aju_tipo, aju_cantidad, aju_fecha, aju_creacion, aju_estado) VALUES (28, 28, 'anything', 28, '1982-01-13', '1975-07-05', 0);
INSERT INTO ajuste (aju_id, inv_id, aju_tipo, aju_cantidad, aju_fecha, aju_creacion, aju_estado) VALUES (29, 29, 'peace', 29, '1986-10-04', '2009-08-31', 1);
INSERT INTO ajuste (aju_id, inv_id, aju_tipo, aju_cantidad, aju_fecha, aju_creacion, aju_estado) VALUES (30, 30, 'front', 30, '1998-02-09', '1988-07-26', 1);
INSERT INTO ajuste (aju_id, inv_id, aju_tipo, aju_cantidad, aju_fecha, aju_creacion, aju_estado) VALUES (31, 31, 'official', 31, '1992-07-27', '2005-12-10', 1);
INSERT INTO ajuste (aju_id, inv_id, aju_tipo, aju_cantidad, aju_fecha, aju_creacion, aju_estado) VALUES (32, 32, 'age', 32, '1987-07-08', '2003-07-05', 0);
INSERT INTO ajuste (aju_id, inv_id, aju_tipo, aju_cantidad, aju_fecha, aju_creacion, aju_estado) VALUES (33, 33, 'three', 33, '2000-08-14', '2003-11-12', 1);
INSERT INTO ajuste (aju_id, inv_id, aju_tipo, aju_cantidad, aju_fecha, aju_creacion, aju_estado) VALUES (34, 34, 'family', 34, '1990-01-27', '1999-02-13', 0);
INSERT INTO ajuste (aju_id, inv_id, aju_tipo, aju_cantidad, aju_fecha, aju_creacion, aju_estado) VALUES (35, 35, 'support', 35, '1972-08-20', '1978-02-19', 0);
INSERT INTO ajuste (aju_id, inv_id, aju_tipo, aju_cantidad, aju_fecha, aju_creacion, aju_estado) VALUES (36, 36, 'wonder', 36, '2009-05-31', '1994-07-12', 0);
INSERT INTO ajuste (aju_id, inv_id, aju_tipo, aju_cantidad, aju_fecha, aju_creacion, aju_estado) VALUES (37, 37, 'continue', 37, '2011-06-17', '2020-03-06', 1);
INSERT INTO ajuste (aju_id, inv_id, aju_tipo, aju_cantidad, aju_fecha, aju_creacion, aju_estado) VALUES (38, 38, 'employee', 38, '1987-11-24', '2011-12-02', 0);
INSERT INTO ajuste (aju_id, inv_id, aju_tipo, aju_cantidad, aju_fecha, aju_creacion, aju_estado) VALUES (39, 39, 'such', 39, '1997-01-16', '1995-05-01', 0);
INSERT INTO ajuste (aju_id, inv_id, aju_tipo, aju_cantidad, aju_fecha, aju_creacion, aju_estado) VALUES (40, 40, 'city', 40, '1980-10-16', '1984-11-19', 0);
INSERT INTO ajuste (aju_id, inv_id, aju_tipo, aju_cantidad, aju_fecha, aju_creacion, aju_estado) VALUES (41, 41, 'home', 41, '1981-02-25', '2012-05-19', 0);
INSERT INTO ajuste (aju_id, inv_id, aju_tipo, aju_cantidad, aju_fecha, aju_creacion, aju_estado) VALUES (42, 42, 'low', 42, '1982-06-01', '2004-02-03', 1);
INSERT INTO ajuste (aju_id, inv_id, aju_tipo, aju_cantidad, aju_fecha, aju_creacion, aju_estado) VALUES (43, 43, 'realize', 43, '1988-03-27', '1970-12-30', 1);
INSERT INTO ajuste (aju_id, inv_id, aju_tipo, aju_cantidad, aju_fecha, aju_creacion, aju_estado) VALUES (44, 44, 'environmental', 44, '1992-02-02', '1984-07-18', 0);
INSERT INTO ajuste (aju_id, inv_id, aju_tipo, aju_cantidad, aju_fecha, aju_creacion, aju_estado) VALUES (45, 45, 'her', 45, '1986-09-03', '1979-01-06', 0);
INSERT INTO ajuste (aju_id, inv_id, aju_tipo, aju_cantidad, aju_fecha, aju_creacion, aju_estado) VALUES (46, 46, 'without', 46, '1990-05-02', '1982-05-27', 0);
INSERT INTO ajuste (aju_id, inv_id, aju_tipo, aju_cantidad, aju_fecha, aju_creacion, aju_estado) VALUES (47, 47, 'thing', 47, '1980-11-06', '1988-11-24', 0);
INSERT INTO ajuste (aju_id, inv_id, aju_tipo, aju_cantidad, aju_fecha, aju_creacion, aju_estado) VALUES (48, 48, 'product', 48, '1987-12-15', '1982-10-11', 1);
INSERT INTO ajuste (aju_id, inv_id, aju_tipo, aju_cantidad, aju_fecha, aju_creacion, aju_estado) VALUES (49, 49, 'suddenly', 49, '1977-03-25', '1995-02-10', 1);
INSERT INTO ajuste (aju_id, inv_id, aju_tipo, aju_cantidad, aju_fecha, aju_creacion, aju_estado) VALUES (50, 50, 'little', 50, '1984-01-06', '1999-11-11', 0);
INSERT INTO ajuste (aju_id, inv_id, aju_tipo, aju_cantidad, aju_fecha, aju_creacion, aju_estado) VALUES (51, 51, 'quality', 51, '1982-12-14', '1982-01-08', 0);
INSERT INTO ajuste (aju_id, inv_id, aju_tipo, aju_cantidad, aju_fecha, aju_creacion, aju_estado) VALUES (52, 52, 'dog', 52, '1977-01-08', '2015-09-08', 0);
INSERT INTO ajuste (aju_id, inv_id, aju_tipo, aju_cantidad, aju_fecha, aju_creacion, aju_estado) VALUES (53, 53, 'total', 53, '1997-04-13', '1971-01-31', 0);
INSERT INTO ajuste (aju_id, inv_id, aju_tipo, aju_cantidad, aju_fecha, aju_creacion, aju_estado) VALUES (54, 54, 'difference', 54, '1995-02-04', '1970-06-18', 0);
INSERT INTO ajuste (aju_id, inv_id, aju_tipo, aju_cantidad, aju_fecha, aju_creacion, aju_estado) VALUES (55, 55, 'treatment', 55, '2013-06-22', '1990-02-21', 0);
INSERT INTO ajuste (aju_id, inv_id, aju_tipo, aju_cantidad, aju_fecha, aju_creacion, aju_estado) VALUES (56, 56, 'others', 56, '1975-09-09', '1995-05-06', 1);
INSERT INTO ajuste (aju_id, inv_id, aju_tipo, aju_cantidad, aju_fecha, aju_creacion, aju_estado) VALUES (57, 57, 'stop', 57, '2005-03-10', '1970-11-20', 1);
INSERT INTO ajuste (aju_id, inv_id, aju_tipo, aju_cantidad, aju_fecha, aju_creacion, aju_estado) VALUES (58, 58, 'doctor', 58, '2005-05-01', '2018-02-11', 1);
INSERT INTO ajuste (aju_id, inv_id, aju_tipo, aju_cantidad, aju_fecha, aju_creacion, aju_estado) VALUES (59, 59, 'itself', 59, '1978-07-26', '2006-12-01', 1);
INSERT INTO ajuste (aju_id, inv_id, aju_tipo, aju_cantidad, aju_fecha, aju_creacion, aju_estado) VALUES (60, 60, 'travel', 60, '2016-09-01', '1987-04-14', 0);
INSERT INTO ajuste (aju_id, inv_id, aju_tipo, aju_cantidad, aju_fecha, aju_creacion, aju_estado) VALUES (61, 61, 'moment', 61, '2001-03-31', '1972-04-17', 1);
INSERT INTO ajuste (aju_id, inv_id, aju_tipo, aju_cantidad, aju_fecha, aju_creacion, aju_estado) VALUES (62, 62, 'identify', 62, '2000-10-31', '2015-06-19', 0);
INSERT INTO ajuste (aju_id, inv_id, aju_tipo, aju_cantidad, aju_fecha, aju_creacion, aju_estado) VALUES (63, 63, 'term', 63, '2009-06-12', '2008-02-08', 0);
INSERT INTO ajuste (aju_id, inv_id, aju_tipo, aju_cantidad, aju_fecha, aju_creacion, aju_estado) VALUES (64, 64, 'management', 64, '1971-12-20', '2012-01-31', 1);
INSERT INTO ajuste (aju_id, inv_id, aju_tipo, aju_cantidad, aju_fecha, aju_creacion, aju_estado) VALUES (65, 65, 'above', 65, '1987-08-06', '1972-12-20', 0);
INSERT INTO ajuste (aju_id, inv_id, aju_tipo, aju_cantidad, aju_fecha, aju_creacion, aju_estado) VALUES (66, 66, 'huge', 66, '2014-03-18', '2007-04-14', 1);
INSERT INTO ajuste (aju_id, inv_id, aju_tipo, aju_cantidad, aju_fecha, aju_creacion, aju_estado) VALUES (67, 67, 'professor', 67, '2000-06-19', '2021-04-20', 1);
INSERT INTO ajuste (aju_id, inv_id, aju_tipo, aju_cantidad, aju_fecha, aju_creacion, aju_estado) VALUES (68, 68, 'someone', 68, '1992-12-22', '1983-08-11', 1);
INSERT INTO ajuste (aju_id, inv_id, aju_tipo, aju_cantidad, aju_fecha, aju_creacion, aju_estado) VALUES (69, 69, 'field', 69, '1994-03-17', '1988-08-08', 1);
INSERT INTO ajuste (aju_id, inv_id, aju_tipo, aju_cantidad, aju_fecha, aju_creacion, aju_estado) VALUES (70, 70, 'name', 70, '1975-07-18', '1999-10-25', 0);
INSERT INTO ajuste (aju_id, inv_id, aju_tipo, aju_cantidad, aju_fecha, aju_creacion, aju_estado) VALUES (71, 71, 'large', 71, '1983-09-18', '2011-08-31', 0);
INSERT INTO ajuste (aju_id, inv_id, aju_tipo, aju_cantidad, aju_fecha, aju_creacion, aju_estado) VALUES (72, 72, 'movie', 72, '1984-11-17', '1993-03-01', 0);
INSERT INTO ajuste (aju_id, inv_id, aju_tipo, aju_cantidad, aju_fecha, aju_creacion, aju_estado) VALUES (73, 73, 'board', 73, '2022-08-23', '1996-07-25', 1);
INSERT INTO ajuste (aju_id, inv_id, aju_tipo, aju_cantidad, aju_fecha, aju_creacion, aju_estado) VALUES (74, 74, 'force', 74, '1999-06-12', '1975-03-30', 0);
INSERT INTO ajuste (aju_id, inv_id, aju_tipo, aju_cantidad, aju_fecha, aju_creacion, aju_estado) VALUES (75, 75, 'join', 75, '1995-04-25', '1979-07-24', 0);
INSERT INTO ajuste (aju_id, inv_id, aju_tipo, aju_cantidad, aju_fecha, aju_creacion, aju_estado) VALUES (76, 76, 'age', 76, '1991-10-23', '1981-04-03', 0);
INSERT INTO ajuste (aju_id, inv_id, aju_tipo, aju_cantidad, aju_fecha, aju_creacion, aju_estado) VALUES (77, 77, 'child', 77, '2005-10-14', '1994-04-23', 1);
INSERT INTO ajuste (aju_id, inv_id, aju_tipo, aju_cantidad, aju_fecha, aju_creacion, aju_estado) VALUES (78, 78, 'political', 78, '2004-06-25', '2022-10-10', 0);
INSERT INTO ajuste (aju_id, inv_id, aju_tipo, aju_cantidad, aju_fecha, aju_creacion, aju_estado) VALUES (79, 79, 'least', 79, '2018-06-26', '1971-06-22', 1);
INSERT INTO ajuste (aju_id, inv_id, aju_tipo, aju_cantidad, aju_fecha, aju_creacion, aju_estado) VALUES (80, 80, 'law', 80, '1979-12-04', '1984-09-08', 0);
INSERT INTO ajuste (aju_id, inv_id, aju_tipo, aju_cantidad, aju_fecha, aju_creacion, aju_estado) VALUES (81, 81, 'final', 81, '2015-06-18', '1993-04-14', 0);
INSERT INTO ajuste (aju_id, inv_id, aju_tipo, aju_cantidad, aju_fecha, aju_creacion, aju_estado) VALUES (82, 82, 'none', 82, '2023-04-05', '1999-10-09', 0);
INSERT INTO ajuste (aju_id, inv_id, aju_tipo, aju_cantidad, aju_fecha, aju_creacion, aju_estado) VALUES (83, 83, 'before', 83, '2019-11-12', '1977-03-29', 0);
INSERT INTO ajuste (aju_id, inv_id, aju_tipo, aju_cantidad, aju_fecha, aju_creacion, aju_estado) VALUES (84, 84, 'sit', 84, '2007-01-30', '2019-12-29', 1);
INSERT INTO ajuste (aju_id, inv_id, aju_tipo, aju_cantidad, aju_fecha, aju_creacion, aju_estado) VALUES (85, 85, 'difference', 85, '1991-11-21', '2017-06-01', 1);
INSERT INTO ajuste (aju_id, inv_id, aju_tipo, aju_cantidad, aju_fecha, aju_creacion, aju_estado) VALUES (86, 86, 'sometimes', 86, '2004-10-07', '2011-09-06', 1);
INSERT INTO ajuste (aju_id, inv_id, aju_tipo, aju_cantidad, aju_fecha, aju_creacion, aju_estado) VALUES (87, 87, 'too', 87, '1990-06-30', '2004-10-14', 1);
INSERT INTO ajuste (aju_id, inv_id, aju_tipo, aju_cantidad, aju_fecha, aju_creacion, aju_estado) VALUES (88, 88, 'Mrs', 88, '2010-10-15', '1983-07-27', 0);
INSERT INTO ajuste (aju_id, inv_id, aju_tipo, aju_cantidad, aju_fecha, aju_creacion, aju_estado) VALUES (89, 89, 'film', 89, '1980-07-30', '1996-04-29', 1);
INSERT INTO ajuste (aju_id, inv_id, aju_tipo, aju_cantidad, aju_fecha, aju_creacion, aju_estado) VALUES (90, 90, 'trouble', 90, '2008-03-08', '1978-05-18', 0);
INSERT INTO ajuste (aju_id, inv_id, aju_tipo, aju_cantidad, aju_fecha, aju_creacion, aju_estado) VALUES (91, 91, 'century', 91, '1990-07-24', '1982-01-15', 0);
INSERT INTO ajuste (aju_id, inv_id, aju_tipo, aju_cantidad, aju_fecha, aju_creacion, aju_estado) VALUES (92, 92, 'box', 92, '1996-01-08', '2003-06-04', 0);
INSERT INTO ajuste (aju_id, inv_id, aju_tipo, aju_cantidad, aju_fecha, aju_creacion, aju_estado) VALUES (93, 93, 'among', 93, '1993-09-28', '2005-07-16', 0);
INSERT INTO ajuste (aju_id, inv_id, aju_tipo, aju_cantidad, aju_fecha, aju_creacion, aju_estado) VALUES (94, 94, 'build', 94, '1989-05-27', '1978-10-14', 0);
INSERT INTO ajuste (aju_id, inv_id, aju_tipo, aju_cantidad, aju_fecha, aju_creacion, aju_estado) VALUES (95, 95, 'people', 95, '1986-05-22', '2004-08-10', 0);
INSERT INTO ajuste (aju_id, inv_id, aju_tipo, aju_cantidad, aju_fecha, aju_creacion, aju_estado) VALUES (96, 96, 'least', 96, '1983-10-14', '2013-05-17', 0);
INSERT INTO ajuste (aju_id, inv_id, aju_tipo, aju_cantidad, aju_fecha, aju_creacion, aju_estado) VALUES (97, 97, 'job', 97, '2002-02-20', '1994-02-11', 0);
INSERT INTO ajuste (aju_id, inv_id, aju_tipo, aju_cantidad, aju_fecha, aju_creacion, aju_estado) VALUES (98, 98, 'popular', 98, '1977-04-09', '2013-12-08', 1);
INSERT INTO ajuste (aju_id, inv_id, aju_tipo, aju_cantidad, aju_fecha, aju_creacion, aju_estado) VALUES (99, 99, 'certain', 99, '1976-03-28', '2016-05-08', 0);
INSERT INTO ajuste (aju_id, inv_id, aju_tipo, aju_cantidad, aju_fecha, aju_creacion, aju_estado) VALUES (100, 100, 'fear', 100, '2000-06-21', '1977-01-17', 1);
INSERT INTO factServicioRealizado (ort_id, suc_id, dit_id) VALUES (1, 1, 1);
INSERT INTO factServicioRealizado (ort_id, suc_id, dit_id) VALUES (2, 2, 2);
INSERT INTO factServicioRealizado (ort_id, suc_id, dit_id) VALUES (3, 3, 3);
INSERT INTO factServicioRealizado (ort_id, suc_id, dit_id) VALUES (4, 4, 4);
INSERT INTO factServicioRealizado (ort_id, suc_id, dit_id) VALUES (5, 5, 5);
INSERT INTO factServicioRealizado (ort_id, suc_id, dit_id) VALUES (6, 6, 6);
INSERT INTO factServicioRealizado (ort_id, suc_id, dit_id) VALUES (7, 7, 7);
INSERT INTO factServicioRealizado (ort_id, suc_id, dit_id) VALUES (8, 8, 8);
INSERT INTO factServicioRealizado (ort_id, suc_id, dit_id) VALUES (9, 9, 9);
INSERT INTO factServicioRealizado (ort_id, suc_id, dit_id) VALUES (10, 10, 10);
INSERT INTO factServicioRealizado (ort_id, suc_id, dit_id) VALUES (11, 11, 11);
INSERT INTO factServicioRealizado (ort_id, suc_id, dit_id) VALUES (12, 12, 12);
INSERT INTO factServicioRealizado (ort_id, suc_id, dit_id) VALUES (13, 13, 13);
INSERT INTO factServicioRealizado (ort_id, suc_id, dit_id) VALUES (14, 14, 14);
INSERT INTO factServicioRealizado (ort_id, suc_id, dit_id) VALUES (15, 15, 15);
INSERT INTO factServicioRealizado (ort_id, suc_id, dit_id) VALUES (16, 16, 16);
INSERT INTO factServicioRealizado (ort_id, suc_id, dit_id) VALUES (17, 17, 17);
INSERT INTO factServicioRealizado (ort_id, suc_id, dit_id) VALUES (18, 18, 18);
INSERT INTO factServicioRealizado (ort_id, suc_id, dit_id) VALUES (19, 19, 19);
INSERT INTO factServicioRealizado (ort_id, suc_id, dit_id) VALUES (20, 20, 20);
INSERT INTO factServicioRealizado (ort_id, suc_id, dit_id) VALUES (21, 21, 21);
INSERT INTO factServicioRealizado (ort_id, suc_id, dit_id) VALUES (22, 22, 22);
INSERT INTO factServicioRealizado (ort_id, suc_id, dit_id) VALUES (23, 23, 23);
INSERT INTO factServicioRealizado (ort_id, suc_id, dit_id) VALUES (24, 24, 24);
INSERT INTO factServicioRealizado (ort_id, suc_id, dit_id) VALUES (25, 25, 25);
INSERT INTO factServicioRealizado (ort_id, suc_id, dit_id) VALUES (26, 26, 26);
INSERT INTO factServicioRealizado (ort_id, suc_id, dit_id) VALUES (27, 27, 27);
INSERT INTO factServicioRealizado (ort_id, suc_id, dit_id) VALUES (28, 28, 28);
INSERT INTO factServicioRealizado (ort_id, suc_id, dit_id) VALUES (29, 29, 29);
INSERT INTO factServicioRealizado (ort_id, suc_id, dit_id) VALUES (30, 30, 30);
INSERT INTO factServicioRealizado (ort_id, suc_id, dit_id) VALUES (31, 31, 31);
INSERT INTO factServicioRealizado (ort_id, suc_id, dit_id) VALUES (32, 32, 32);
INSERT INTO factServicioRealizado (ort_id, suc_id, dit_id) VALUES (33, 33, 33);
INSERT INTO factServicioRealizado (ort_id, suc_id, dit_id) VALUES (34, 34, 34);
INSERT INTO factServicioRealizado (ort_id, suc_id, dit_id) VALUES (35, 35, 35);
INSERT INTO factServicioRealizado (ort_id, suc_id, dit_id) VALUES (36, 36, 36);
INSERT INTO factServicioRealizado (ort_id, suc_id, dit_id) VALUES (37, 37, 37);
INSERT INTO factServicioRealizado (ort_id, suc_id, dit_id) VALUES (38, 38, 38);
INSERT INTO factServicioRealizado (ort_id, suc_id, dit_id) VALUES (39, 39, 39);
INSERT INTO factServicioRealizado (ort_id, suc_id, dit_id) VALUES (40, 40, 40);
INSERT INTO factServicioRealizado (ort_id, suc_id, dit_id) VALUES (41, 41, 41);
INSERT INTO factServicioRealizado (ort_id, suc_id, dit_id) VALUES (42, 42, 42);
INSERT INTO factServicioRealizado (ort_id, suc_id, dit_id) VALUES (43, 43, 43);
INSERT INTO factServicioRealizado (ort_id, suc_id, dit_id) VALUES (44, 44, 44);
INSERT INTO factServicioRealizado (ort_id, suc_id, dit_id) VALUES (45, 45, 45);
INSERT INTO factServicioRealizado (ort_id, suc_id, dit_id) VALUES (46, 46, 46);
INSERT INTO factServicioRealizado (ort_id, suc_id, dit_id) VALUES (47, 47, 47);
INSERT INTO factServicioRealizado (ort_id, suc_id, dit_id) VALUES (48, 48, 48);
INSERT INTO factServicioRealizado (ort_id, suc_id, dit_id) VALUES (49, 49, 49);
INSERT INTO factServicioRealizado (ort_id, suc_id, dit_id) VALUES (50, 50, 50);
INSERT INTO factServicioRealizado (ort_id, suc_id, dit_id) VALUES (51, 51, 51);
INSERT INTO factServicioRealizado (ort_id, suc_id, dit_id) VALUES (52, 52, 52);
INSERT INTO factServicioRealizado (ort_id, suc_id, dit_id) VALUES (53, 53, 53);
INSERT INTO factServicioRealizado (ort_id, suc_id, dit_id) VALUES (54, 54, 54);
INSERT INTO factServicioRealizado (ort_id, suc_id, dit_id) VALUES (55, 55, 55);
INSERT INTO factServicioRealizado (ort_id, suc_id, dit_id) VALUES (56, 56, 56);
INSERT INTO factServicioRealizado (ort_id, suc_id, dit_id) VALUES (57, 57, 57);
INSERT INTO factServicioRealizado (ort_id, suc_id, dit_id) VALUES (58, 58, 58);
INSERT INTO factServicioRealizado (ort_id, suc_id, dit_id) VALUES (59, 59, 59);
INSERT INTO factServicioRealizado (ort_id, suc_id, dit_id) VALUES (60, 60, 60);
INSERT INTO factServicioRealizado (ort_id, suc_id, dit_id) VALUES (61, 61, 61);
INSERT INTO factServicioRealizado (ort_id, suc_id, dit_id) VALUES (62, 62, 62);
INSERT INTO factServicioRealizado (ort_id, suc_id, dit_id) VALUES (63, 63, 63);
INSERT INTO factServicioRealizado (ort_id, suc_id, dit_id) VALUES (64, 64, 64);
INSERT INTO factServicioRealizado (ort_id, suc_id, dit_id) VALUES (65, 65, 65);
INSERT INTO factServicioRealizado (ort_id, suc_id, dit_id) VALUES (66, 66, 66);
INSERT INTO factServicioRealizado (ort_id, suc_id, dit_id) VALUES (67, 67, 67);
INSERT INTO factServicioRealizado (ort_id, suc_id, dit_id) VALUES (68, 68, 68);
INSERT INTO factServicioRealizado (ort_id, suc_id, dit_id) VALUES (69, 69, 69);
INSERT INTO factServicioRealizado (ort_id, suc_id, dit_id) VALUES (70, 70, 70);
INSERT INTO factServicioRealizado (ort_id, suc_id, dit_id) VALUES (71, 71, 71);
INSERT INTO factServicioRealizado (ort_id, suc_id, dit_id) VALUES (72, 72, 72);
INSERT INTO factServicioRealizado (ort_id, suc_id, dit_id) VALUES (73, 73, 73);
INSERT INTO factServicioRealizado (ort_id, suc_id, dit_id) VALUES (74, 74, 74);
INSERT INTO factServicioRealizado (ort_id, suc_id, dit_id) VALUES (75, 75, 75);
INSERT INTO factServicioRealizado (ort_id, suc_id, dit_id) VALUES (76, 76, 76);
INSERT INTO factServicioRealizado (ort_id, suc_id, dit_id) VALUES (77, 77, 77);
INSERT INTO factServicioRealizado (ort_id, suc_id, dit_id) VALUES (78, 78, 78);
INSERT INTO factServicioRealizado (ort_id, suc_id, dit_id) VALUES (79, 79, 79);
INSERT INTO factServicioRealizado (ort_id, suc_id, dit_id) VALUES (80, 80, 80);
INSERT INTO factServicioRealizado (ort_id, suc_id, dit_id) VALUES (81, 81, 81);
INSERT INTO factServicioRealizado (ort_id, suc_id, dit_id) VALUES (82, 82, 82);
INSERT INTO factServicioRealizado (ort_id, suc_id, dit_id) VALUES (83, 83, 83);
INSERT INTO factServicioRealizado (ort_id, suc_id, dit_id) VALUES (84, 84, 84);
INSERT INTO factServicioRealizado (ort_id, suc_id, dit_id) VALUES (85, 85, 85);
INSERT INTO factServicioRealizado (ort_id, suc_id, dit_id) VALUES (86, 86, 86);
INSERT INTO factServicioRealizado (ort_id, suc_id, dit_id) VALUES (87, 87, 87);
INSERT INTO factServicioRealizado (ort_id, suc_id, dit_id) VALUES (88, 88, 88);
INSERT INTO factServicioRealizado (ort_id, suc_id, dit_id) VALUES (89, 89, 89);
INSERT INTO factServicioRealizado (ort_id, suc_id, dit_id) VALUES (90, 90, 90);
INSERT INTO factServicioRealizado (ort_id, suc_id, dit_id) VALUES (91, 91, 91);
INSERT INTO factServicioRealizado (ort_id, suc_id, dit_id) VALUES (92, 92, 92);
INSERT INTO factServicioRealizado (ort_id, suc_id, dit_id) VALUES (93, 93, 93);
INSERT INTO factServicioRealizado (ort_id, suc_id, dit_id) VALUES (94, 94, 94);
INSERT INTO factServicioRealizado (ort_id, suc_id, dit_id) VALUES (95, 95, 95);
INSERT INTO factServicioRealizado (ort_id, suc_id, dit_id) VALUES (96, 96, 96);
INSERT INTO factServicioRealizado (ort_id, suc_id, dit_id) VALUES (97, 97, 97);
INSERT INTO factServicioRealizado (ort_id, suc_id, dit_id) VALUES (98, 98, 98);
INSERT INTO factServicioRealizado (ort_id, suc_id, dit_id) VALUES (99, 99, 99);
INSERT INTO factServicioRealizado (ort_id, suc_id, dit_id) VALUES (100, 100, 100);
INSERT INTO dimTiempo (dit_id, dit_anio, dit_mes, dit_semana, dit_dia_mes, dit_dia_semana, dit_semestre, dit_quatrimestre, dit_trimestre) VALUES (1, 75, 29, 6, 60, 51, 78, 3, 30);
INSERT INTO dimTiempo (dit_id, dit_anio, dit_mes, dit_semana, dit_dia_mes, dit_dia_semana, dit_semestre, dit_quatrimestre, dit_trimestre) VALUES (2, 37, 43, 37, 31, 29, 67, 55, 81);
INSERT INTO dimTiempo (dit_id, dit_anio, dit_mes, dit_semana, dit_dia_mes, dit_dia_semana, dit_semestre, dit_quatrimestre, dit_trimestre) VALUES (3, 31, 7, 19, 13, 93, 57, 60, 78);
INSERT INTO dimTiempo (dit_id, dit_anio, dit_mes, dit_semana, dit_dia_mes, dit_dia_semana, dit_semestre, dit_quatrimestre, dit_trimestre) VALUES (4, 53, 50, 94, 1, 32, 38, 100, 61);
INSERT INTO dimTiempo (dit_id, dit_anio, dit_mes, dit_semana, dit_dia_mes, dit_dia_semana, dit_semestre, dit_quatrimestre, dit_trimestre) VALUES (5, 41, 47, 35, 31, 41, 27, 94, 13);
INSERT INTO dimTiempo (dit_id, dit_anio, dit_mes, dit_semana, dit_dia_mes, dit_dia_semana, dit_semestre, dit_quatrimestre, dit_trimestre) VALUES (6, 22, 11, 1, 96, 18, 15, 24, 58);
INSERT INTO dimTiempo (dit_id, dit_anio, dit_mes, dit_semana, dit_dia_mes, dit_dia_semana, dit_semestre, dit_quatrimestre, dit_trimestre) VALUES (7, 24, 26, 51, 17, 30, 79, 73, 35);
INSERT INTO dimTiempo (dit_id, dit_anio, dit_mes, dit_semana, dit_dia_mes, dit_dia_semana, dit_semestre, dit_quatrimestre, dit_trimestre) VALUES (8, 15, 70, 36, 23, 80, 3, 58, 79);
INSERT INTO dimTiempo (dit_id, dit_anio, dit_mes, dit_semana, dit_dia_mes, dit_dia_semana, dit_semestre, dit_quatrimestre, dit_trimestre) VALUES (9, 85, 93, 9, 88, 7, 36, 44, 28);
INSERT INTO dimTiempo (dit_id, dit_anio, dit_mes, dit_semana, dit_dia_mes, dit_dia_semana, dit_semestre, dit_quatrimestre, dit_trimestre) VALUES (10, 10, 83, 32, 53, 3, 41, 48, 60);
INSERT INTO dimTiempo (dit_id, dit_anio, dit_mes, dit_semana, dit_dia_mes, dit_dia_semana, dit_semestre, dit_quatrimestre, dit_trimestre) VALUES (11, 57, 75, 40, 72, 79, 42, 91, 98);
INSERT INTO dimTiempo (dit_id, dit_anio, dit_mes, dit_semana, dit_dia_mes, dit_dia_semana, dit_semestre, dit_quatrimestre, dit_trimestre) VALUES (12, 44, 43, 81, 63, 29, 84, 52, 42);
INSERT INTO dimTiempo (dit_id, dit_anio, dit_mes, dit_semana, dit_dia_mes, dit_dia_semana, dit_semestre, dit_quatrimestre, dit_trimestre) VALUES (13, 33, 66, 35, 53, 88, 100, 36, 95);
INSERT INTO dimTiempo (dit_id, dit_anio, dit_mes, dit_semana, dit_dia_mes, dit_dia_semana, dit_semestre, dit_quatrimestre, dit_trimestre) VALUES (14, 13, 35, 39, 69, 93, 66, 49, 56);
INSERT INTO dimTiempo (dit_id, dit_anio, dit_mes, dit_semana, dit_dia_mes, dit_dia_semana, dit_semestre, dit_quatrimestre, dit_trimestre) VALUES (15, 49, 97, 37, 17, 5, 3, 72, 93);
INSERT INTO dimTiempo (dit_id, dit_anio, dit_mes, dit_semana, dit_dia_mes, dit_dia_semana, dit_semestre, dit_quatrimestre, dit_trimestre) VALUES (16, 7, 85, 79, 97, 1, 36, 100, 70);
INSERT INTO dimTiempo (dit_id, dit_anio, dit_mes, dit_semana, dit_dia_mes, dit_dia_semana, dit_semestre, dit_quatrimestre, dit_trimestre) VALUES (17, 36, 8, 96, 54, 2, 30, 9, 25);
INSERT INTO dimTiempo (dit_id, dit_anio, dit_mes, dit_semana, dit_dia_mes, dit_dia_semana, dit_semestre, dit_quatrimestre, dit_trimestre) VALUES (18, 4, 51, 56, 69, 11, 22, 29, 69);
INSERT INTO dimTiempo (dit_id, dit_anio, dit_mes, dit_semana, dit_dia_mes, dit_dia_semana, dit_semestre, dit_quatrimestre, dit_trimestre) VALUES (19, 17, 13, 20, 61, 10, 52, 36, 34);
INSERT INTO dimTiempo (dit_id, dit_anio, dit_mes, dit_semana, dit_dia_mes, dit_dia_semana, dit_semestre, dit_quatrimestre, dit_trimestre) VALUES (20, 71, 35, 93, 77, 11, 91, 37, 8);
INSERT INTO dimTiempo (dit_id, dit_anio, dit_mes, dit_semana, dit_dia_mes, dit_dia_semana, dit_semestre, dit_quatrimestre, dit_trimestre) VALUES (21, 32, 24, 31, 19, 49, 37, 89, 70);
INSERT INTO dimTiempo (dit_id, dit_anio, dit_mes, dit_semana, dit_dia_mes, dit_dia_semana, dit_semestre, dit_quatrimestre, dit_trimestre) VALUES (22, 98, 67, 84, 63, 26, 68, 17, 71);
INSERT INTO dimTiempo (dit_id, dit_anio, dit_mes, dit_semana, dit_dia_mes, dit_dia_semana, dit_semestre, dit_quatrimestre, dit_trimestre) VALUES (23, 34, 19, 32, 89, 21, 62, 54, 81);
INSERT INTO dimTiempo (dit_id, dit_anio, dit_mes, dit_semana, dit_dia_mes, dit_dia_semana, dit_semestre, dit_quatrimestre, dit_trimestre) VALUES (24, 4, 60, 68, 19, 25, 46, 49, 47);
INSERT INTO dimTiempo (dit_id, dit_anio, dit_mes, dit_semana, dit_dia_mes, dit_dia_semana, dit_semestre, dit_quatrimestre, dit_trimestre) VALUES (25, 32, 35, 13, 95, 76, 82, 55, 99);
INSERT INTO dimTiempo (dit_id, dit_anio, dit_mes, dit_semana, dit_dia_mes, dit_dia_semana, dit_semestre, dit_quatrimestre, dit_trimestre) VALUES (26, 70, 44, 83, 11, 44, 14, 84, 49);
INSERT INTO dimTiempo (dit_id, dit_anio, dit_mes, dit_semana, dit_dia_mes, dit_dia_semana, dit_semestre, dit_quatrimestre, dit_trimestre) VALUES (27, 73, 72, 15, 40, 8, 72, 46, 33);
INSERT INTO dimTiempo (dit_id, dit_anio, dit_mes, dit_semana, dit_dia_mes, dit_dia_semana, dit_semestre, dit_quatrimestre, dit_trimestre) VALUES (28, 65, 90, 43, 47, 38, 51, 1, 9);
INSERT INTO dimTiempo (dit_id, dit_anio, dit_mes, dit_semana, dit_dia_mes, dit_dia_semana, dit_semestre, dit_quatrimestre, dit_trimestre) VALUES (29, 8, 96, 22, 74, 29, 93, 37, 16);
INSERT INTO dimTiempo (dit_id, dit_anio, dit_mes, dit_semana, dit_dia_mes, dit_dia_semana, dit_semestre, dit_quatrimestre, dit_trimestre) VALUES (30, 91, 5, 56, 97, 39, 11, 17, 83);
INSERT INTO dimTiempo (dit_id, dit_anio, dit_mes, dit_semana, dit_dia_mes, dit_dia_semana, dit_semestre, dit_quatrimestre, dit_trimestre) VALUES (31, 5, 59, 5, 87, 10, 49, 43, 81);
INSERT INTO dimTiempo (dit_id, dit_anio, dit_mes, dit_semana, dit_dia_mes, dit_dia_semana, dit_semestre, dit_quatrimestre, dit_trimestre) VALUES (32, 72, 28, 19, 9, 50, 67, 40, 4);
INSERT INTO dimTiempo (dit_id, dit_anio, dit_mes, dit_semana, dit_dia_mes, dit_dia_semana, dit_semestre, dit_quatrimestre, dit_trimestre) VALUES (33, 78, 7, 14, 5, 51, 95, 24, 100);
INSERT INTO dimTiempo (dit_id, dit_anio, dit_mes, dit_semana, dit_dia_mes, dit_dia_semana, dit_semestre, dit_quatrimestre, dit_trimestre) VALUES (34, 56, 34, 32, 1, 94, 17, 15, 34);
INSERT INTO dimTiempo (dit_id, dit_anio, dit_mes, dit_semana, dit_dia_mes, dit_dia_semana, dit_semestre, dit_quatrimestre, dit_trimestre) VALUES (35, 12, 42, 27, 76, 61, 35, 63, 97);
INSERT INTO dimTiempo (dit_id, dit_anio, dit_mes, dit_semana, dit_dia_mes, dit_dia_semana, dit_semestre, dit_quatrimestre, dit_trimestre) VALUES (36, 93, 76, 13, 4, 54, 29, 10, 22);
INSERT INTO dimTiempo (dit_id, dit_anio, dit_mes, dit_semana, dit_dia_mes, dit_dia_semana, dit_semestre, dit_quatrimestre, dit_trimestre) VALUES (37, 91, 98, 41, 80, 13, 49, 58, 45);
INSERT INTO dimTiempo (dit_id, dit_anio, dit_mes, dit_semana, dit_dia_mes, dit_dia_semana, dit_semestre, dit_quatrimestre, dit_trimestre) VALUES (38, 97, 61, 50, 81, 14, 91, 79, 1);
INSERT INTO dimTiempo (dit_id, dit_anio, dit_mes, dit_semana, dit_dia_mes, dit_dia_semana, dit_semestre, dit_quatrimestre, dit_trimestre) VALUES (39, 19, 16, 39, 86, 38, 70, 40, 18);
INSERT INTO dimTiempo (dit_id, dit_anio, dit_mes, dit_semana, dit_dia_mes, dit_dia_semana, dit_semestre, dit_quatrimestre, dit_trimestre) VALUES (40, 78, 100, 68, 57, 14, 50, 71, 10);
INSERT INTO dimTiempo (dit_id, dit_anio, dit_mes, dit_semana, dit_dia_mes, dit_dia_semana, dit_semestre, dit_quatrimestre, dit_trimestre) VALUES (41, 99, 61, 10, 69, 53, 63, 28, 16);
INSERT INTO dimTiempo (dit_id, dit_anio, dit_mes, dit_semana, dit_dia_mes, dit_dia_semana, dit_semestre, dit_quatrimestre, dit_trimestre) VALUES (42, 3, 43, 29, 3, 36, 53, 10, 44);
INSERT INTO dimTiempo (dit_id, dit_anio, dit_mes, dit_semana, dit_dia_mes, dit_dia_semana, dit_semestre, dit_quatrimestre, dit_trimestre) VALUES (43, 93, 44, 25, 36, 16, 17, 81, 86);
INSERT INTO dimTiempo (dit_id, dit_anio, dit_mes, dit_semana, dit_dia_mes, dit_dia_semana, dit_semestre, dit_quatrimestre, dit_trimestre) VALUES (44, 2, 5, 95, 5, 4, 63, 96, 70);
INSERT INTO dimTiempo (dit_id, dit_anio, dit_mes, dit_semana, dit_dia_mes, dit_dia_semana, dit_semestre, dit_quatrimestre, dit_trimestre) VALUES (45, 100, 97, 21, 61, 58, 33, 49, 49);
INSERT INTO dimTiempo (dit_id, dit_anio, dit_mes, dit_semana, dit_dia_mes, dit_dia_semana, dit_semestre, dit_quatrimestre, dit_trimestre) VALUES (46, 18, 29, 88, 11, 67, 58, 99, 23);
INSERT INTO dimTiempo (dit_id, dit_anio, dit_mes, dit_semana, dit_dia_mes, dit_dia_semana, dit_semestre, dit_quatrimestre, dit_trimestre) VALUES (47, 10, 90, 95, 24, 61, 61, 5, 36);
INSERT INTO dimTiempo (dit_id, dit_anio, dit_mes, dit_semana, dit_dia_mes, dit_dia_semana, dit_semestre, dit_quatrimestre, dit_trimestre) VALUES (48, 77, 15, 3, 4, 35, 52, 51, 94);
INSERT INTO dimTiempo (dit_id, dit_anio, dit_mes, dit_semana, dit_dia_mes, dit_dia_semana, dit_semestre, dit_quatrimestre, dit_trimestre) VALUES (49, 31, 93, 62, 66, 51, 34, 17, 80);
INSERT INTO dimTiempo (dit_id, dit_anio, dit_mes, dit_semana, dit_dia_mes, dit_dia_semana, dit_semestre, dit_quatrimestre, dit_trimestre) VALUES (50, 64, 41, 80, 74, 51, 92, 11, 91);
INSERT INTO dimTiempo (dit_id, dit_anio, dit_mes, dit_semana, dit_dia_mes, dit_dia_semana, dit_semestre, dit_quatrimestre, dit_trimestre) VALUES (51, 78, 33, 55, 40, 56, 29, 96, 58);
INSERT INTO dimTiempo (dit_id, dit_anio, dit_mes, dit_semana, dit_dia_mes, dit_dia_semana, dit_semestre, dit_quatrimestre, dit_trimestre) VALUES (52, 4, 52, 58, 69, 96, 67, 92, 38);
INSERT INTO dimTiempo (dit_id, dit_anio, dit_mes, dit_semana, dit_dia_mes, dit_dia_semana, dit_semestre, dit_quatrimestre, dit_trimestre) VALUES (53, 88, 12, 60, 43, 48, 52, 21, 3);
INSERT INTO dimTiempo (dit_id, dit_anio, dit_mes, dit_semana, dit_dia_mes, dit_dia_semana, dit_semestre, dit_quatrimestre, dit_trimestre) VALUES (54, 88, 85, 99, 44, 98, 69, 86, 64);
INSERT INTO dimTiempo (dit_id, dit_anio, dit_mes, dit_semana, dit_dia_mes, dit_dia_semana, dit_semestre, dit_quatrimestre, dit_trimestre) VALUES (55, 55, 65, 50, 30, 21, 64, 27, 95);
INSERT INTO dimTiempo (dit_id, dit_anio, dit_mes, dit_semana, dit_dia_mes, dit_dia_semana, dit_semestre, dit_quatrimestre, dit_trimestre) VALUES (56, 99, 64, 42, 58, 36, 55, 30, 6);
INSERT INTO dimTiempo (dit_id, dit_anio, dit_mes, dit_semana, dit_dia_mes, dit_dia_semana, dit_semestre, dit_quatrimestre, dit_trimestre) VALUES (57, 44, 42, 88, 71, 37, 29, 49, 29);
INSERT INTO dimTiempo (dit_id, dit_anio, dit_mes, dit_semana, dit_dia_mes, dit_dia_semana, dit_semestre, dit_quatrimestre, dit_trimestre) VALUES (58, 87, 69, 26, 41, 44, 90, 73, 28);
INSERT INTO dimTiempo (dit_id, dit_anio, dit_mes, dit_semana, dit_dia_mes, dit_dia_semana, dit_semestre, dit_quatrimestre, dit_trimestre) VALUES (59, 18, 28, 79, 4, 70, 52, 24, 49);
INSERT INTO dimTiempo (dit_id, dit_anio, dit_mes, dit_semana, dit_dia_mes, dit_dia_semana, dit_semestre, dit_quatrimestre, dit_trimestre) VALUES (60, 16, 89, 93, 82, 72, 94, 49, 99);
INSERT INTO dimTiempo (dit_id, dit_anio, dit_mes, dit_semana, dit_dia_mes, dit_dia_semana, dit_semestre, dit_quatrimestre, dit_trimestre) VALUES (61, 19, 6, 4, 81, 71, 95, 20, 70);
INSERT INTO dimTiempo (dit_id, dit_anio, dit_mes, dit_semana, dit_dia_mes, dit_dia_semana, dit_semestre, dit_quatrimestre, dit_trimestre) VALUES (62, 54, 87, 69, 89, 96, 98, 30, 15);
INSERT INTO dimTiempo (dit_id, dit_anio, dit_mes, dit_semana, dit_dia_mes, dit_dia_semana, dit_semestre, dit_quatrimestre, dit_trimestre) VALUES (63, 2, 96, 61, 36, 7, 44, 98, 25);
INSERT INTO dimTiempo (dit_id, dit_anio, dit_mes, dit_semana, dit_dia_mes, dit_dia_semana, dit_semestre, dit_quatrimestre, dit_trimestre) VALUES (64, 94, 51, 24, 14, 95, 86, 99, 69);
INSERT INTO dimTiempo (dit_id, dit_anio, dit_mes, dit_semana, dit_dia_mes, dit_dia_semana, dit_semestre, dit_quatrimestre, dit_trimestre) VALUES (65, 27, 94, 96, 82, 39, 42, 71, 38);
INSERT INTO dimTiempo (dit_id, dit_anio, dit_mes, dit_semana, dit_dia_mes, dit_dia_semana, dit_semestre, dit_quatrimestre, dit_trimestre) VALUES (66, 43, 29, 89, 92, 87, 13, 10, 30);
INSERT INTO dimTiempo (dit_id, dit_anio, dit_mes, dit_semana, dit_dia_mes, dit_dia_semana, dit_semestre, dit_quatrimestre, dit_trimestre) VALUES (67, 73, 61, 55, 44, 18, 63, 75, 13);
INSERT INTO dimTiempo (dit_id, dit_anio, dit_mes, dit_semana, dit_dia_mes, dit_dia_semana, dit_semestre, dit_quatrimestre, dit_trimestre) VALUES (68, 92, 49, 43, 72, 72, 98, 29, 23);
INSERT INTO dimTiempo (dit_id, dit_anio, dit_mes, dit_semana, dit_dia_mes, dit_dia_semana, dit_semestre, dit_quatrimestre, dit_trimestre) VALUES (69, 91, 14, 8, 42, 94, 28, 53, 52);
INSERT INTO dimTiempo (dit_id, dit_anio, dit_mes, dit_semana, dit_dia_mes, dit_dia_semana, dit_semestre, dit_quatrimestre, dit_trimestre) VALUES (70, 15, 18, 73, 55, 6, 16, 38, 35);
INSERT INTO dimTiempo (dit_id, dit_anio, dit_mes, dit_semana, dit_dia_mes, dit_dia_semana, dit_semestre, dit_quatrimestre, dit_trimestre) VALUES (71, 59, 17, 53, 28, 13, 60, 68, 98);
INSERT INTO dimTiempo (dit_id, dit_anio, dit_mes, dit_semana, dit_dia_mes, dit_dia_semana, dit_semestre, dit_quatrimestre, dit_trimestre) VALUES (72, 54, 89, 76, 8, 1, 29, 56, 1);
INSERT INTO dimTiempo (dit_id, dit_anio, dit_mes, dit_semana, dit_dia_mes, dit_dia_semana, dit_semestre, dit_quatrimestre, dit_trimestre) VALUES (73, 18, 91, 58, 54, 32, 38, 48, 28);
INSERT INTO dimTiempo (dit_id, dit_anio, dit_mes, dit_semana, dit_dia_mes, dit_dia_semana, dit_semestre, dit_quatrimestre, dit_trimestre) VALUES (74, 83, 33, 50, 30, 25, 43, 77, 20);
INSERT INTO dimTiempo (dit_id, dit_anio, dit_mes, dit_semana, dit_dia_mes, dit_dia_semana, dit_semestre, dit_quatrimestre, dit_trimestre) VALUES (75, 51, 17, 91, 18, 41, 12, 81, 42);
INSERT INTO dimTiempo (dit_id, dit_anio, dit_mes, dit_semana, dit_dia_mes, dit_dia_semana, dit_semestre, dit_quatrimestre, dit_trimestre) VALUES (76, 34, 16, 22, 98, 63, 10, 84, 81);
INSERT INTO dimTiempo (dit_id, dit_anio, dit_mes, dit_semana, dit_dia_mes, dit_dia_semana, dit_semestre, dit_quatrimestre, dit_trimestre) VALUES (77, 45, 34, 67, 56, 72, 26, 46, 95);
INSERT INTO dimTiempo (dit_id, dit_anio, dit_mes, dit_semana, dit_dia_mes, dit_dia_semana, dit_semestre, dit_quatrimestre, dit_trimestre) VALUES (78, 10, 18, 29, 8, 13, 38, 98, 68);
INSERT INTO dimTiempo (dit_id, dit_anio, dit_mes, dit_semana, dit_dia_mes, dit_dia_semana, dit_semestre, dit_quatrimestre, dit_trimestre) VALUES (79, 18, 32, 83, 95, 3, 8, 74, 39);
INSERT INTO dimTiempo (dit_id, dit_anio, dit_mes, dit_semana, dit_dia_mes, dit_dia_semana, dit_semestre, dit_quatrimestre, dit_trimestre) VALUES (80, 14, 40, 24, 74, 76, 37, 59, 67);
INSERT INTO dimTiempo (dit_id, dit_anio, dit_mes, dit_semana, dit_dia_mes, dit_dia_semana, dit_semestre, dit_quatrimestre, dit_trimestre) VALUES (81, 58, 79, 76, 36, 93, 10, 4, 98);
INSERT INTO dimTiempo (dit_id, dit_anio, dit_mes, dit_semana, dit_dia_mes, dit_dia_semana, dit_semestre, dit_quatrimestre, dit_trimestre) VALUES (82, 18, 37, 22, 11, 69, 57, 72, 1);
INSERT INTO dimTiempo (dit_id, dit_anio, dit_mes, dit_semana, dit_dia_mes, dit_dia_semana, dit_semestre, dit_quatrimestre, dit_trimestre) VALUES (83, 69, 44, 63, 10, 13, 76, 74, 82);
INSERT INTO dimTiempo (dit_id, dit_anio, dit_mes, dit_semana, dit_dia_mes, dit_dia_semana, dit_semestre, dit_quatrimestre, dit_trimestre) VALUES (84, 77, 43, 60, 80, 78, 84, 29, 64);
INSERT INTO dimTiempo (dit_id, dit_anio, dit_mes, dit_semana, dit_dia_mes, dit_dia_semana, dit_semestre, dit_quatrimestre, dit_trimestre) VALUES (85, 100, 67, 16, 52, 33, 83, 66, 37);
INSERT INTO dimTiempo (dit_id, dit_anio, dit_mes, dit_semana, dit_dia_mes, dit_dia_semana, dit_semestre, dit_quatrimestre, dit_trimestre) VALUES (86, 81, 60, 2, 60, 93, 89, 93, 49);
INSERT INTO dimTiempo (dit_id, dit_anio, dit_mes, dit_semana, dit_dia_mes, dit_dia_semana, dit_semestre, dit_quatrimestre, dit_trimestre) VALUES (87, 19, 68, 16, 62, 18, 31, 49, 90);
INSERT INTO dimTiempo (dit_id, dit_anio, dit_mes, dit_semana, dit_dia_mes, dit_dia_semana, dit_semestre, dit_quatrimestre, dit_trimestre) VALUES (88, 8, 28, 11, 58, 55, 61, 64, 15);
INSERT INTO dimTiempo (dit_id, dit_anio, dit_mes, dit_semana, dit_dia_mes, dit_dia_semana, dit_semestre, dit_quatrimestre, dit_trimestre) VALUES (89, 48, 29, 46, 90, 37, 41, 2, 58);
INSERT INTO dimTiempo (dit_id, dit_anio, dit_mes, dit_semana, dit_dia_mes, dit_dia_semana, dit_semestre, dit_quatrimestre, dit_trimestre) VALUES (90, 51, 50, 89, 83, 92, 99, 20, 78);
INSERT INTO dimTiempo (dit_id, dit_anio, dit_mes, dit_semana, dit_dia_mes, dit_dia_semana, dit_semestre, dit_quatrimestre, dit_trimestre) VALUES (91, 80, 93, 59, 53, 56, 49, 31, 55);
INSERT INTO dimTiempo (dit_id, dit_anio, dit_mes, dit_semana, dit_dia_mes, dit_dia_semana, dit_semestre, dit_quatrimestre, dit_trimestre) VALUES (92, 62, 22, 43, 69, 49, 43, 63, 6);
INSERT INTO dimTiempo (dit_id, dit_anio, dit_mes, dit_semana, dit_dia_mes, dit_dia_semana, dit_semestre, dit_quatrimestre, dit_trimestre) VALUES (93, 57, 38, 10, 81, 62, 3, 49, 71);
INSERT INTO dimTiempo (dit_id, dit_anio, dit_mes, dit_semana, dit_dia_mes, dit_dia_semana, dit_semestre, dit_quatrimestre, dit_trimestre) VALUES (94, 61, 88, 77, 12, 95, 35, 76, 1);
INSERT INTO dimTiempo (dit_id, dit_anio, dit_mes, dit_semana, dit_dia_mes, dit_dia_semana, dit_semestre, dit_quatrimestre, dit_trimestre) VALUES (95, 74, 29, 47, 68, 45, 1, 1, 3);
INSERT INTO dimTiempo (dit_id, dit_anio, dit_mes, dit_semana, dit_dia_mes, dit_dia_semana, dit_semestre, dit_quatrimestre, dit_trimestre) VALUES (96, 62, 67, 21, 95, 18, 21, 85, 52);
INSERT INTO dimTiempo (dit_id, dit_anio, dit_mes, dit_semana, dit_dia_mes, dit_dia_semana, dit_semestre, dit_quatrimestre, dit_trimestre) VALUES (97, 87, 87, 81, 86, 12, 23, 4, 28);
INSERT INTO dimTiempo (dit_id, dit_anio, dit_mes, dit_semana, dit_dia_mes, dit_dia_semana, dit_semestre, dit_quatrimestre, dit_trimestre) VALUES (98, 25, 18, 18, 44, 97, 6, 12, 48);
INSERT INTO dimTiempo (dit_id, dit_anio, dit_mes, dit_semana, dit_dia_mes, dit_dia_semana, dit_semestre, dit_quatrimestre, dit_trimestre) VALUES (99, 94, 21, 81, 51, 34, 46, 86, 34);
INSERT INTO dimTiempo (dit_id, dit_anio, dit_mes, dit_semana, dit_dia_mes, dit_dia_semana, dit_semestre, dit_quatrimestre, dit_trimestre) VALUES (100, 94, 3, 63, 3, 98, 13, 8, 26);
INSERT INTO factProductoComprado (dit_id, pro_id, cli_id, cantidad) VALUES (1, 1, 1, 1);
INSERT INTO factProductoComprado (dit_id, pro_id, cli_id, cantidad) VALUES (2, 2, 2, 2);
INSERT INTO factProductoComprado (dit_id, pro_id, cli_id, cantidad) VALUES (3, 3, 3, 3);
INSERT INTO factProductoComprado (dit_id, pro_id, cli_id, cantidad) VALUES (4, 4, 4, 4);
INSERT INTO factProductoComprado (dit_id, pro_id, cli_id, cantidad) VALUES (5, 5, 5, 5);
INSERT INTO factProductoComprado (dit_id, pro_id, cli_id, cantidad) VALUES (6, 6, 6, 6);
INSERT INTO factProductoComprado (dit_id, pro_id, cli_id, cantidad) VALUES (7, 7, 7, 7);
INSERT INTO factProductoComprado (dit_id, pro_id, cli_id, cantidad) VALUES (8, 8, 8, 8);
INSERT INTO factProductoComprado (dit_id, pro_id, cli_id, cantidad) VALUES (9, 9, 9, 9);
INSERT INTO factProductoComprado (dit_id, pro_id, cli_id, cantidad) VALUES (10, 10, 10, 10);
INSERT INTO factProductoComprado (dit_id, pro_id, cli_id, cantidad) VALUES (11, 11, 11, 11);
INSERT INTO factProductoComprado (dit_id, pro_id, cli_id, cantidad) VALUES (12, 12, 12, 12);
INSERT INTO factProductoComprado (dit_id, pro_id, cli_id, cantidad) VALUES (13, 13, 13, 13);
INSERT INTO factProductoComprado (dit_id, pro_id, cli_id, cantidad) VALUES (14, 14, 14, 14);
INSERT INTO factProductoComprado (dit_id, pro_id, cli_id, cantidad) VALUES (15, 15, 15, 15);
INSERT INTO factProductoComprado (dit_id, pro_id, cli_id, cantidad) VALUES (16, 16, 16, 16);
INSERT INTO factProductoComprado (dit_id, pro_id, cli_id, cantidad) VALUES (17, 17, 17, 17);
INSERT INTO factProductoComprado (dit_id, pro_id, cli_id, cantidad) VALUES (18, 18, 18, 18);
INSERT INTO factProductoComprado (dit_id, pro_id, cli_id, cantidad) VALUES (19, 19, 19, 19);
INSERT INTO factProductoComprado (dit_id, pro_id, cli_id, cantidad) VALUES (20, 20, 20, 20);
INSERT INTO factProductoComprado (dit_id, pro_id, cli_id, cantidad) VALUES (21, 21, 21, 21);
INSERT INTO factProductoComprado (dit_id, pro_id, cli_id, cantidad) VALUES (22, 22, 22, 22);
INSERT INTO factProductoComprado (dit_id, pro_id, cli_id, cantidad) VALUES (23, 23, 23, 23);
INSERT INTO factProductoComprado (dit_id, pro_id, cli_id, cantidad) VALUES (24, 24, 24, 24);
INSERT INTO factProductoComprado (dit_id, pro_id, cli_id, cantidad) VALUES (25, 25, 25, 25);
INSERT INTO factProductoComprado (dit_id, pro_id, cli_id, cantidad) VALUES (26, 26, 26, 26);
INSERT INTO factProductoComprado (dit_id, pro_id, cli_id, cantidad) VALUES (27, 27, 27, 27);
INSERT INTO factProductoComprado (dit_id, pro_id, cli_id, cantidad) VALUES (28, 28, 28, 28);
INSERT INTO factProductoComprado (dit_id, pro_id, cli_id, cantidad) VALUES (29, 29, 29, 29);
INSERT INTO factProductoComprado (dit_id, pro_id, cli_id, cantidad) VALUES (30, 30, 30, 30);
INSERT INTO factProductoComprado (dit_id, pro_id, cli_id, cantidad) VALUES (31, 31, 31, 31);
INSERT INTO factProductoComprado (dit_id, pro_id, cli_id, cantidad) VALUES (32, 32, 32, 32);
INSERT INTO factProductoComprado (dit_id, pro_id, cli_id, cantidad) VALUES (33, 33, 33, 33);
INSERT INTO factProductoComprado (dit_id, pro_id, cli_id, cantidad) VALUES (34, 34, 34, 34);
INSERT INTO factProductoComprado (dit_id, pro_id, cli_id, cantidad) VALUES (35, 35, 35, 35);
INSERT INTO factProductoComprado (dit_id, pro_id, cli_id, cantidad) VALUES (36, 36, 36, 36);
INSERT INTO factProductoComprado (dit_id, pro_id, cli_id, cantidad) VALUES (37, 37, 37, 37);
INSERT INTO factProductoComprado (dit_id, pro_id, cli_id, cantidad) VALUES (38, 38, 38, 38);
INSERT INTO factProductoComprado (dit_id, pro_id, cli_id, cantidad) VALUES (39, 39, 39, 39);
INSERT INTO factProductoComprado (dit_id, pro_id, cli_id, cantidad) VALUES (40, 40, 40, 40);
INSERT INTO factProductoComprado (dit_id, pro_id, cli_id, cantidad) VALUES (41, 41, 41, 41);
INSERT INTO factProductoComprado (dit_id, pro_id, cli_id, cantidad) VALUES (42, 42, 42, 42);
INSERT INTO factProductoComprado (dit_id, pro_id, cli_id, cantidad) VALUES (43, 43, 43, 43);
INSERT INTO factProductoComprado (dit_id, pro_id, cli_id, cantidad) VALUES (44, 44, 44, 44);
INSERT INTO factProductoComprado (dit_id, pro_id, cli_id, cantidad) VALUES (45, 45, 45, 45);
INSERT INTO factProductoComprado (dit_id, pro_id, cli_id, cantidad) VALUES (46, 46, 46, 46);
INSERT INTO factProductoComprado (dit_id, pro_id, cli_id, cantidad) VALUES (47, 47, 47, 47);
INSERT INTO factProductoComprado (dit_id, pro_id, cli_id, cantidad) VALUES (48, 48, 48, 48);
INSERT INTO factProductoComprado (dit_id, pro_id, cli_id, cantidad) VALUES (49, 49, 49, 49);
INSERT INTO factProductoComprado (dit_id, pro_id, cli_id, cantidad) VALUES (50, 50, 50, 50);
INSERT INTO factProductoComprado (dit_id, pro_id, cli_id, cantidad) VALUES (51, 51, 51, 51);
INSERT INTO factProductoComprado (dit_id, pro_id, cli_id, cantidad) VALUES (52, 52, 52, 52);
INSERT INTO factProductoComprado (dit_id, pro_id, cli_id, cantidad) VALUES (53, 53, 53, 53);
INSERT INTO factProductoComprado (dit_id, pro_id, cli_id, cantidad) VALUES (54, 54, 54, 54);
INSERT INTO factProductoComprado (dit_id, pro_id, cli_id, cantidad) VALUES (55, 55, 55, 55);
INSERT INTO factProductoComprado (dit_id, pro_id, cli_id, cantidad) VALUES (56, 56, 56, 56);
INSERT INTO factProductoComprado (dit_id, pro_id, cli_id, cantidad) VALUES (57, 57, 57, 57);
INSERT INTO factProductoComprado (dit_id, pro_id, cli_id, cantidad) VALUES (58, 58, 58, 58);
INSERT INTO factProductoComprado (dit_id, pro_id, cli_id, cantidad) VALUES (59, 59, 59, 59);
INSERT INTO factProductoComprado (dit_id, pro_id, cli_id, cantidad) VALUES (60, 60, 60, 60);
INSERT INTO factProductoComprado (dit_id, pro_id, cli_id, cantidad) VALUES (61, 61, 61, 61);
INSERT INTO factProductoComprado (dit_id, pro_id, cli_id, cantidad) VALUES (62, 62, 62, 62);
INSERT INTO factProductoComprado (dit_id, pro_id, cli_id, cantidad) VALUES (63, 63, 63, 63);
INSERT INTO factProductoComprado (dit_id, pro_id, cli_id, cantidad) VALUES (64, 64, 64, 64);
INSERT INTO factProductoComprado (dit_id, pro_id, cli_id, cantidad) VALUES (65, 65, 65, 65);
INSERT INTO factProductoComprado (dit_id, pro_id, cli_id, cantidad) VALUES (66, 66, 66, 66);
INSERT INTO factProductoComprado (dit_id, pro_id, cli_id, cantidad) VALUES (67, 67, 67, 67);
INSERT INTO factProductoComprado (dit_id, pro_id, cli_id, cantidad) VALUES (68, 68, 68, 68);
INSERT INTO factProductoComprado (dit_id, pro_id, cli_id, cantidad) VALUES (69, 69, 69, 69);
INSERT INTO factProductoComprado (dit_id, pro_id, cli_id, cantidad) VALUES (70, 70, 70, 70);
INSERT INTO factProductoComprado (dit_id, pro_id, cli_id, cantidad) VALUES (71, 71, 71, 71);
INSERT INTO factProductoComprado (dit_id, pro_id, cli_id, cantidad) VALUES (72, 72, 72, 72);
INSERT INTO factProductoComprado (dit_id, pro_id, cli_id, cantidad) VALUES (73, 73, 73, 73);
INSERT INTO factProductoComprado (dit_id, pro_id, cli_id, cantidad) VALUES (74, 74, 74, 74);
INSERT INTO factProductoComprado (dit_id, pro_id, cli_id, cantidad) VALUES (75, 75, 75, 75);
INSERT INTO factProductoComprado (dit_id, pro_id, cli_id, cantidad) VALUES (76, 76, 76, 76);
INSERT INTO factProductoComprado (dit_id, pro_id, cli_id, cantidad) VALUES (77, 77, 77, 77);
INSERT INTO factProductoComprado (dit_id, pro_id, cli_id, cantidad) VALUES (78, 78, 78, 78);
INSERT INTO factProductoComprado (dit_id, pro_id, cli_id, cantidad) VALUES (79, 79, 79, 79);
INSERT INTO factProductoComprado (dit_id, pro_id, cli_id, cantidad) VALUES (80, 80, 80, 80);
INSERT INTO factProductoComprado (dit_id, pro_id, cli_id, cantidad) VALUES (81, 81, 81, 81);
INSERT INTO factProductoComprado (dit_id, pro_id, cli_id, cantidad) VALUES (82, 82, 82, 82);
INSERT INTO factProductoComprado (dit_id, pro_id, cli_id, cantidad) VALUES (83, 83, 83, 83);
INSERT INTO factProductoComprado (dit_id, pro_id, cli_id, cantidad) VALUES (84, 84, 84, 84);
INSERT INTO factProductoComprado (dit_id, pro_id, cli_id, cantidad) VALUES (85, 85, 85, 85);
INSERT INTO factProductoComprado (dit_id, pro_id, cli_id, cantidad) VALUES (86, 86, 86, 86);
INSERT INTO factProductoComprado (dit_id, pro_id, cli_id, cantidad) VALUES (87, 87, 87, 87);
INSERT INTO factProductoComprado (dit_id, pro_id, cli_id, cantidad) VALUES (88, 88, 88, 88);
INSERT INTO factProductoComprado (dit_id, pro_id, cli_id, cantidad) VALUES (89, 89, 89, 89);
INSERT INTO factProductoComprado (dit_id, pro_id, cli_id, cantidad) VALUES (90, 90, 90, 90);
INSERT INTO factProductoComprado (dit_id, pro_id, cli_id, cantidad) VALUES (91, 91, 91, 91);
INSERT INTO factProductoComprado (dit_id, pro_id, cli_id, cantidad) VALUES (92, 92, 92, 92);
INSERT INTO factProductoComprado (dit_id, pro_id, cli_id, cantidad) VALUES (93, 93, 93, 93);
INSERT INTO factProductoComprado (dit_id, pro_id, cli_id, cantidad) VALUES (94, 94, 94, 94);
INSERT INTO factProductoComprado (dit_id, pro_id, cli_id, cantidad) VALUES (95, 95, 95, 95);
INSERT INTO factProductoComprado (dit_id, pro_id, cli_id, cantidad) VALUES (96, 96, 96, 96);
INSERT INTO factProductoComprado (dit_id, pro_id, cli_id, cantidad) VALUES (97, 97, 97, 97);
INSERT INTO factProductoComprado (dit_id, pro_id, cli_id, cantidad) VALUES (98, 98, 98, 98);
INSERT INTO factProductoComprado (dit_id, pro_id, cli_id, cantidad) VALUES (99, 99, 99, 99);
INSERT INTO factProductoComprado (dit_id, pro_id, cli_id, cantidad) VALUES (100, 100, 100, 100);
INSERT INTO factCapacitacionOrden (dit_id, cap_id, ort_id, cant_cerradas) VALUES (1, 1, 1, 3);
INSERT INTO factCapacitacionOrden (dit_id, cap_id, ort_id, cant_cerradas) VALUES (2, 2, 2, 45);
INSERT INTO factCapacitacionOrden (dit_id, cap_id, ort_id, cant_cerradas) VALUES (3, 3, 3, 97);
INSERT INTO factCapacitacionOrden (dit_id, cap_id, ort_id, cant_cerradas) VALUES (4, 4, 4, 94);
INSERT INTO factCapacitacionOrden (dit_id, cap_id, ort_id, cant_cerradas) VALUES (5, 5, 5, 60);
INSERT INTO factCapacitacionOrden (dit_id, cap_id, ort_id, cant_cerradas) VALUES (6, 6, 6, 67);
INSERT INTO factCapacitacionOrden (dit_id, cap_id, ort_id, cant_cerradas) VALUES (7, 7, 7, 7);
INSERT INTO factCapacitacionOrden (dit_id, cap_id, ort_id, cant_cerradas) VALUES (8, 8, 8, 38);
INSERT INTO factCapacitacionOrden (dit_id, cap_id, ort_id, cant_cerradas) VALUES (9, 9, 9, 73);
INSERT INTO factCapacitacionOrden (dit_id, cap_id, ort_id, cant_cerradas) VALUES (10, 10, 10, 67);
INSERT INTO factCapacitacionOrden (dit_id, cap_id, ort_id, cant_cerradas) VALUES (11, 11, 11, 76);
INSERT INTO factCapacitacionOrden (dit_id, cap_id, ort_id, cant_cerradas) VALUES (12, 12, 12, 6);
INSERT INTO factCapacitacionOrden (dit_id, cap_id, ort_id, cant_cerradas) VALUES (13, 13, 13, 92);
INSERT INTO factCapacitacionOrden (dit_id, cap_id, ort_id, cant_cerradas) VALUES (14, 14, 14, 34);
INSERT INTO factCapacitacionOrden (dit_id, cap_id, ort_id, cant_cerradas) VALUES (15, 15, 15, 81);
INSERT INTO factCapacitacionOrden (dit_id, cap_id, ort_id, cant_cerradas) VALUES (16, 16, 16, 1);
INSERT INTO factCapacitacionOrden (dit_id, cap_id, ort_id, cant_cerradas) VALUES (17, 17, 17, 83);
INSERT INTO factCapacitacionOrden (dit_id, cap_id, ort_id, cant_cerradas) VALUES (18, 18, 18, 32);
INSERT INTO factCapacitacionOrden (dit_id, cap_id, ort_id, cant_cerradas) VALUES (19, 19, 19, 55);
INSERT INTO factCapacitacionOrden (dit_id, cap_id, ort_id, cant_cerradas) VALUES (20, 20, 20, 49);
INSERT INTO factCapacitacionOrden (dit_id, cap_id, ort_id, cant_cerradas) VALUES (21, 21, 21, 99);
INSERT INTO factCapacitacionOrden (dit_id, cap_id, ort_id, cant_cerradas) VALUES (22, 22, 22, 50);
INSERT INTO factCapacitacionOrden (dit_id, cap_id, ort_id, cant_cerradas) VALUES (23, 23, 23, 93);
INSERT INTO factCapacitacionOrden (dit_id, cap_id, ort_id, cant_cerradas) VALUES (24, 24, 24, 3);
INSERT INTO factCapacitacionOrden (dit_id, cap_id, ort_id, cant_cerradas) VALUES (25, 25, 25, 56);
INSERT INTO factCapacitacionOrden (dit_id, cap_id, ort_id, cant_cerradas) VALUES (26, 26, 26, 61);
INSERT INTO factCapacitacionOrden (dit_id, cap_id, ort_id, cant_cerradas) VALUES (27, 27, 27, 28);
INSERT INTO factCapacitacionOrden (dit_id, cap_id, ort_id, cant_cerradas) VALUES (28, 28, 28, 35);
INSERT INTO factCapacitacionOrden (dit_id, cap_id, ort_id, cant_cerradas) VALUES (29, 29, 29, 12);
INSERT INTO factCapacitacionOrden (dit_id, cap_id, ort_id, cant_cerradas) VALUES (30, 30, 30, 64);
INSERT INTO factCapacitacionOrden (dit_id, cap_id, ort_id, cant_cerradas) VALUES (31, 31, 31, 62);
INSERT INTO factCapacitacionOrden (dit_id, cap_id, ort_id, cant_cerradas) VALUES (32, 32, 32, 23);
INSERT INTO factCapacitacionOrden (dit_id, cap_id, ort_id, cant_cerradas) VALUES (33, 33, 33, 66);
INSERT INTO factCapacitacionOrden (dit_id, cap_id, ort_id, cant_cerradas) VALUES (34, 34, 34, 93);
INSERT INTO factCapacitacionOrden (dit_id, cap_id, ort_id, cant_cerradas) VALUES (35, 35, 35, 54);
INSERT INTO factCapacitacionOrden (dit_id, cap_id, ort_id, cant_cerradas) VALUES (36, 36, 36, 21);
INSERT INTO factCapacitacionOrden (dit_id, cap_id, ort_id, cant_cerradas) VALUES (37, 37, 37, 61);
INSERT INTO factCapacitacionOrden (dit_id, cap_id, ort_id, cant_cerradas) VALUES (38, 38, 38, 50);
INSERT INTO factCapacitacionOrden (dit_id, cap_id, ort_id, cant_cerradas) VALUES (39, 39, 39, 36);
INSERT INTO factCapacitacionOrden (dit_id, cap_id, ort_id, cant_cerradas) VALUES (40, 40, 40, 24);
INSERT INTO factCapacitacionOrden (dit_id, cap_id, ort_id, cant_cerradas) VALUES (41, 41, 41, 19);
INSERT INTO factCapacitacionOrden (dit_id, cap_id, ort_id, cant_cerradas) VALUES (42, 42, 42, 32);
INSERT INTO factCapacitacionOrden (dit_id, cap_id, ort_id, cant_cerradas) VALUES (43, 43, 43, 86);
INSERT INTO factCapacitacionOrden (dit_id, cap_id, ort_id, cant_cerradas) VALUES (44, 44, 44, 17);
INSERT INTO factCapacitacionOrden (dit_id, cap_id, ort_id, cant_cerradas) VALUES (45, 45, 45, 58);
INSERT INTO factCapacitacionOrden (dit_id, cap_id, ort_id, cant_cerradas) VALUES (46, 46, 46, 12);
INSERT INTO factCapacitacionOrden (dit_id, cap_id, ort_id, cant_cerradas) VALUES (47, 47, 47, 49);
INSERT INTO factCapacitacionOrden (dit_id, cap_id, ort_id, cant_cerradas) VALUES (48, 48, 48, 79);
INSERT INTO factCapacitacionOrden (dit_id, cap_id, ort_id, cant_cerradas) VALUES (49, 49, 49, 92);
INSERT INTO factCapacitacionOrden (dit_id, cap_id, ort_id, cant_cerradas) VALUES (50, 50, 50, 93);
INSERT INTO factCapacitacionOrden (dit_id, cap_id, ort_id, cant_cerradas) VALUES (51, 51, 51, 54);
INSERT INTO factCapacitacionOrden (dit_id, cap_id, ort_id, cant_cerradas) VALUES (52, 52, 52, 67);
INSERT INTO factCapacitacionOrden (dit_id, cap_id, ort_id, cant_cerradas) VALUES (53, 53, 53, 54);
INSERT INTO factCapacitacionOrden (dit_id, cap_id, ort_id, cant_cerradas) VALUES (54, 54, 54, 88);
INSERT INTO factCapacitacionOrden (dit_id, cap_id, ort_id, cant_cerradas) VALUES (55, 55, 55, 4);
INSERT INTO factCapacitacionOrden (dit_id, cap_id, ort_id, cant_cerradas) VALUES (56, 56, 56, 20);
INSERT INTO factCapacitacionOrden (dit_id, cap_id, ort_id, cant_cerradas) VALUES (57, 57, 57, 34);
INSERT INTO factCapacitacionOrden (dit_id, cap_id, ort_id, cant_cerradas) VALUES (58, 58, 58, 70);
INSERT INTO factCapacitacionOrden (dit_id, cap_id, ort_id, cant_cerradas) VALUES (59, 59, 59, 61);
INSERT INTO factCapacitacionOrden (dit_id, cap_id, ort_id, cant_cerradas) VALUES (60, 60, 60, 58);
INSERT INTO factCapacitacionOrden (dit_id, cap_id, ort_id, cant_cerradas) VALUES (61, 61, 61, 54);
INSERT INTO factCapacitacionOrden (dit_id, cap_id, ort_id, cant_cerradas) VALUES (62, 62, 62, 29);
INSERT INTO factCapacitacionOrden (dit_id, cap_id, ort_id, cant_cerradas) VALUES (63, 63, 63, 44);
INSERT INTO factCapacitacionOrden (dit_id, cap_id, ort_id, cant_cerradas) VALUES (64, 64, 64, 51);
INSERT INTO factCapacitacionOrden (dit_id, cap_id, ort_id, cant_cerradas) VALUES (65, 65, 65, 2);
INSERT INTO factCapacitacionOrden (dit_id, cap_id, ort_id, cant_cerradas) VALUES (66, 66, 66, 2);
INSERT INTO factCapacitacionOrden (dit_id, cap_id, ort_id, cant_cerradas) VALUES (67, 67, 67, 33);
INSERT INTO factCapacitacionOrden (dit_id, cap_id, ort_id, cant_cerradas) VALUES (68, 68, 68, 79);
INSERT INTO factCapacitacionOrden (dit_id, cap_id, ort_id, cant_cerradas) VALUES (69, 69, 69, 24);
INSERT INTO factCapacitacionOrden (dit_id, cap_id, ort_id, cant_cerradas) VALUES (70, 70, 70, 40);
INSERT INTO factCapacitacionOrden (dit_id, cap_id, ort_id, cant_cerradas) VALUES (71, 71, 71, 33);
INSERT INTO factCapacitacionOrden (dit_id, cap_id, ort_id, cant_cerradas) VALUES (72, 72, 72, 77);
INSERT INTO factCapacitacionOrden (dit_id, cap_id, ort_id, cant_cerradas) VALUES (73, 73, 73, 67);
INSERT INTO factCapacitacionOrden (dit_id, cap_id, ort_id, cant_cerradas) VALUES (74, 74, 74, 89);
INSERT INTO factCapacitacionOrden (dit_id, cap_id, ort_id, cant_cerradas) VALUES (75, 75, 75, 57);
INSERT INTO factCapacitacionOrden (dit_id, cap_id, ort_id, cant_cerradas) VALUES (76, 76, 76, 12);
INSERT INTO factCapacitacionOrden (dit_id, cap_id, ort_id, cant_cerradas) VALUES (77, 77, 77, 12);
INSERT INTO factCapacitacionOrden (dit_id, cap_id, ort_id, cant_cerradas) VALUES (78, 78, 78, 22);
INSERT INTO factCapacitacionOrden (dit_id, cap_id, ort_id, cant_cerradas) VALUES (79, 79, 79, 28);
INSERT INTO factCapacitacionOrden (dit_id, cap_id, ort_id, cant_cerradas) VALUES (80, 80, 80, 57);
INSERT INTO factCapacitacionOrden (dit_id, cap_id, ort_id, cant_cerradas) VALUES (81, 81, 81, 37);
INSERT INTO factCapacitacionOrden (dit_id, cap_id, ort_id, cant_cerradas) VALUES (82, 82, 82, 23);
INSERT INTO factCapacitacionOrden (dit_id, cap_id, ort_id, cant_cerradas) VALUES (83, 83, 83, 28);
INSERT INTO factCapacitacionOrden (dit_id, cap_id, ort_id, cant_cerradas) VALUES (84, 84, 84, 6);
INSERT INTO factCapacitacionOrden (dit_id, cap_id, ort_id, cant_cerradas) VALUES (85, 85, 85, 15);
INSERT INTO factCapacitacionOrden (dit_id, cap_id, ort_id, cant_cerradas) VALUES (86, 86, 86, 94);
INSERT INTO factCapacitacionOrden (dit_id, cap_id, ort_id, cant_cerradas) VALUES (87, 87, 87, 10);
INSERT INTO factCapacitacionOrden (dit_id, cap_id, ort_id, cant_cerradas) VALUES (88, 88, 88, 20);
INSERT INTO factCapacitacionOrden (dit_id, cap_id, ort_id, cant_cerradas) VALUES (89, 89, 89, 50);
INSERT INTO factCapacitacionOrden (dit_id, cap_id, ort_id, cant_cerradas) VALUES (90, 90, 90, 53);
INSERT INTO factCapacitacionOrden (dit_id, cap_id, ort_id, cant_cerradas) VALUES (91, 91, 91, 40);
INSERT INTO factCapacitacionOrden (dit_id, cap_id, ort_id, cant_cerradas) VALUES (92, 92, 92, 60);
INSERT INTO factCapacitacionOrden (dit_id, cap_id, ort_id, cant_cerradas) VALUES (93, 93, 93, 8);
INSERT INTO factCapacitacionOrden (dit_id, cap_id, ort_id, cant_cerradas) VALUES (94, 94, 94, 7);
INSERT INTO factCapacitacionOrden (dit_id, cap_id, ort_id, cant_cerradas) VALUES (95, 95, 95, 61);
INSERT INTO factCapacitacionOrden (dit_id, cap_id, ort_id, cant_cerradas) VALUES (96, 96, 96, 78);
INSERT INTO factCapacitacionOrden (dit_id, cap_id, ort_id, cant_cerradas) VALUES (97, 97, 97, 48);
INSERT INTO factCapacitacionOrden (dit_id, cap_id, ort_id, cant_cerradas) VALUES (98, 98, 98, 70);
INSERT INTO factCapacitacionOrden (dit_id, cap_id, ort_id, cant_cerradas) VALUES (99, 99, 99, 63);
INSERT INTO factCapacitacionOrden (dit_id, cap_id, ort_id, cant_cerradas) VALUES (100, 100, 100, 6);